"official_point","tier","tour","chapter","provisional_child_count","provisional_decision","provisional_keys","proposed_actions","scope_evidence","decision_rationale","question_mapping_status","academic_teacher_approval","lang_EN_RU_UZ_approval","runtime_allowed"
"1.1.1","AS","1","1","1","RETAIN_SINGLE_LEARNING_ACTION","ECON-9708-1.1.1-BASE","Explain scarcity arising from limited resources and competing wants","Official Cambridge Economics 9708 2026-2028 v2 §1.1.1; original user-supplied Economics 4e book Ch1; seven-Tour map Tour 1","SOURCE-REVIEW RETAIN: One economic problem. Teacher QA pending, never auto-map question keys.","NONE_VERIFIED","PENDING","PENDING","false"
"1.1.2","AS","1","1","1","RETAIN_SINGLE_LEARNING_ACTION","ECON-9708-1.1.2-BASE","Explain why individuals, businesses and governments must choose between competing uses of scarce resources","Official Cambridge Economics 9708 2026-2028 v2 §1.1.2; original user-supplied Economics 4e book Ch1; seven-Tour map Tour 1","SOURCE-REVIEW RETAIN: One necessity-of-choice concept illustrated at three levels. Teacher QA pending, never auto-map question keys.","NONE_VERIFIED","PENDING","PENDING","false"
"1.1.3","AS","1","1","1","RETAIN_SINGLE_LEARNING_ACTION","ECON-9708-1.1.3-BASE","Define opportunity cost as the next-best alternative forgone by a choice","Official Cambridge Economics 9708 2026-2028 v2 §1.1.3; original user-supplied Economics 4e book Ch1; seven-Tour map Tour 1","SOURCE-REVIEW RETAIN: One definition. Teacher QA pending, never auto-map question keys.","NONE_VERIFIED","PENDING","PENDING","false"
"1.1.4","AS","1","1","3","SPLIT_WITH_CHILDREN","ECON-9708-1.1.4-01;ECON-9708-1.1.4-02;ECON-9708-1.1.4-03","Explain choice of which goods/services to produce || Explain selection of production methods and factor mix || Explain for whom goods/services are produced and distributed","Cambridge Economics 9708 2026-2028 v2 §1.1.4","Official §1.1.4 explicitly separates the three core resource-allocation decisions: what, how and for whom to produce. Three distinct explanations proposed. Independent educator validation is still required; no question-key approval.","NONE_VERIFIED","PENDING","PENDING","false"
"1.2.1","AS","1","2","1","RETAIN_SINGLE_LEARNING_ACTION","ECON-9708-1.2.1-BASE","Explain why economics is a social science","Official Cambridge Economics 9708 2026-2028 v2 §1.2.1; original user-supplied Economics 4e book Ch2; seven-Tour map Tour 1","SOURCE-REVIEW RETAIN: One meaning. Teacher QA pending, never auto-map question keys.","NONE_VERIFIED","PENDING","PENDING","false"
"1.2.2","AS","1","2","1","RETAIN_SINGLE_LEARNING_ACTION","ECON-9708-1.2.2-BASE","Distinguish positive economic statements from normative value judgements","Official Cambridge Economics 9708 2026-2028 v2 §1.2.2; original user-supplied Economics 4e book Ch2; seven-Tour map Tour 1","SOURCE-REVIEW RETAIN: One paired methodology distinction. Teacher QA pending, never auto-map question keys.","NONE_VERIFIED","PENDING","PENDING","false"
"1.2.3","AS","1","2","1","RETAIN_SINGLE_LEARNING_ACTION","ECON-9708-1.2.3-BASE","Explain the meaning and use of the ceteris paribus assumption","Official Cambridge Economics 9708 2026-2028 v2 §1.2.3; original user-supplied Economics 4e book Ch2; seven-Tour map Tour 1","SOURCE-REVIEW RETAIN: One methodology concept. Teacher QA pending, never auto-map question keys.","NONE_VERIFIED","PENDING","PENDING","false"
"1.2.4","AS","1","2","1","RETAIN_SINGLE_LEARNING_ACTION","ECON-9708-1.2.4-BASE","Explain why economic outcomes depend on short-run, long-run and very-long-run time horizons","Official Cambridge Economics 9708 2026-2028 v2 §1.2.4; original user-supplied Economics 4e book Ch2; seven-Tour map Tour 1","SOURCE-REVIEW RETAIN: Cambridge requires importance of time period, not selecting a particular forecast method. Teacher QA pending, never auto-map question keys.","NONE_VERIFIED","PENDING","PENDING","false"
"1.3.1","AS","1","3","4","SPLIT_WITH_CHILDREN","ECON-9708-1.3.1-01;ECON-9708-1.3.1-02;ECON-9708-1.3.1-03;ECON-9708-1.3.1-04","Define land as a productive resource || Define labour as a productive resource || Define physical capital as a productive resource || Explain entrepreneurship as a productive factor","Cambridge Economics 9708 2026-2028 v2 §1.3.1","Official §1.3.1 names four factors: land, labour, capital and enterprise. Four provisional separate definitions support differentiated misconceptions. Independent educator validation is still required; no question-key approval.","NONE_VERIFIED","PENDING","PENDING","false"
"1.3.2","AS","1","3","1","RETAIN_SINGLE_LEARNING_ACTION","ECON-9708-1.3.2-BASE","Distinguish human capital from physical capital","Official Cambridge Economics 9708 2026-2028 v2 §1.3.2; original user-supplied Economics 4e book Ch3; seven-Tour map Tour 1","SOURCE-REVIEW RETAIN: Paired definitional comparison, not two independent calculations. Teacher QA pending, never auto-map question keys.","NONE_VERIFIED","PENDING","PENDING","false"
"1.3.3","AS","1","3","1","RETAIN_SINGLE_LEARNING_ACTION","ECON-9708-1.3.3-BASE","Identify the income reward associated with each factor of production","Official Cambridge Economics 9708 2026-2028 v2 §1.3.3; original user-supplied Economics 4e book Ch3; seven-Tour map Tour 1","SOURCE-REVIEW RETAIN: One factor-reward mapping. Teacher QA pending, never auto-map question keys.","NONE_VERIFIED","PENDING","PENDING","false"
"1.3.4","AS","1","3","1","RETAIN_SINGLE_LEARNING_ACTION","ECON-9708-1.3.4-BASE","Explain the division of labour and specialisation","Official Cambridge Economics 9708 2026-2028 v2 §1.3.4; original user-supplied Economics 4e book Ch3; seven-Tour map Tour 1","SOURCE-REVIEW RETAIN: One connected organisation-of-production concept. Teacher QA pending, never auto-map question keys.","NONE_VERIFIED","PENDING","PENDING","false"
"1.3.5","AS","1","3","1","RETAIN_SINGLE_LEARNING_ACTION","ECON-9708-1.3.5-BASE","Explain enterprise through entrepreneurial risk-taking and organisation of other production factors","Official Cambridge Economics 9708 2026-2028 v2 §1.3.5; original user-supplied Economics 4e book Ch3; seven-Tour map Tour 1","SOURCE-REVIEW RETAIN: Cambridge includes two connected functions in one entrepreneur role. Teacher QA pending, never auto-map question keys.","NONE_VERIFIED","PENDING","PENDING","false"
"1.4.1","AS","1","4","1","RETAIN_SINGLE_LEARNING_ACTION","ECON-9708-1.4.1-BASE","Compare decision-making in market, planned and mixed economies","Official Cambridge Economics 9708 2026-2028 v2 §1.4.1; original user-supplied Economics 4e book Ch4; seven-Tour map Tour 1","SOURCE-REVIEW RETAIN: One three-system comparison. Teacher QA pending, never auto-map question keys.","NONE_VERIFIED","PENDING","PENDING","false"
"1.4.2","AS","1","4","1","RETAIN_SINGLE_LEARNING_ACTION","ECON-9708-1.4.2-BASE","Compare resource allocation in market, planned and mixed economic systems","Cambridge Economics 9708 v2 (2026-2028) §1.4.2; uploaded Economics 4th edition Ch4; Tour 1","Retain one: The official item is resource allocation, not a new general mandatory policy evaluation.. No question link or academic approval.","NONE_VERIFIED","PENDING","PENDING","false"
"1.5.1","AS","1","5","1","RETAIN_SINGLE_LEARNING_ACTION","ECON-9708-1.5.1-BASE","Explain the nature and meaning of a production possibility curve","Official Cambridge Economics 9708 2026-2028 v2 §1.5.1; original user-supplied Economics 4e book Ch5; seven-Tour map Tour 1","SOURCE-REVIEW RETAIN: Sketching may help teaching, but Cambridge explicitly names nature and meaning. Teacher QA pending, never auto-map question keys.","NONE_VERIFIED","PENDING","PENDING","false"
"1.5.2","AS","1","5","2","SPLIT_WITH_CHILDREN","ECON-9708-1.5.2-01;ECON-9708-1.5.2-02","Interpret a straight PPC in terms of constant opportunity cost || Interpret an outward-bowed PPC in terms of increasing opportunity cost","Cambridge Economics 9708 2026-2028 v2 §1.5.2","Official §1.5.2 contrasts constant opportunity costs with increasing opportunity costs as two PPC shapes; two diagrams have distinct economic interpretation. Independent educator validation is still required; no question-key approval.","NONE_VERIFIED","PENDING","PENDING","false"
"1.5.3","AS","1","5","2","SPLIT_WITH_CHILDREN","ECON-9708-1.5.3-01;ECON-9708-1.5.3-02","Explain causes of shifts in a production possibility curve || Analyse consequences of shifts in a production possibility curve","Official Cambridge Economics 9708 2026-2028 v2 §1.5.3; original user-supplied Economics 4e book Ch5; seven-Tour map Tour 1","SOURCE-REVIEW SPLIT: Official point separately names causes and consequences. Parent-level question candidates are not verified child evidence.","NONE_VERIFIED","PENDING","PENDING","false"
"1.5.4","AS","1","5","1","RETAIN_SINGLE_LEARNING_ACTION","ECON-9708-1.5.4-BASE","Interpret the significance of a point inside, on or outside a production possibility curve","Official Cambridge Economics 9708 2026-2028 v2 §1.5.4; original user-supplied Economics 4e book Ch5; seven-Tour map Tour 1","SOURCE-REVIEW RETAIN: One integrated interpretation of positions on the same curve. Teacher QA pending, never auto-map question keys.","NONE_VERIFIED","PENDING","PENDING","false"
"1.6.1","AS","1","6","1","RETAIN_SINGLE_LEARNING_ACTION","ECON-9708-1.6.1-BASE","Define and distinguish free goods from private economic goods","Official Cambridge Economics 9708 2026-2028 v2 §1.6.1; original user-supplied Economics 4e book Ch6; seven-Tour map Tour 1","SOURCE-REVIEW RETAIN: One paired classification; public goods are a separate point. Teacher QA pending, never auto-map question keys.","NONE_VERIFIED","PENDING","PENDING","false"
"1.6.2","AS","1","6","1","RETAIN_SINGLE_LEARNING_ACTION","ECON-9708-1.6.2-BASE","Define public goods using non-excludability and non-rivalry","Official Cambridge Economics 9708 2026-2028 v2 §1.6.2; original user-supplied Economics 4e book Ch6; seven-Tour map Tour 1","SOURCE-REVIEW RETAIN: One type of good. Teacher QA pending, never auto-map question keys.","NONE_VERIFIED","PENDING","PENDING","false"
"1.6.3","AS","1","6","1","RETAIN_SINGLE_LEARNING_ACTION","ECON-9708-1.6.3-BASE","Define merit goods and explain under-consumption due to imperfect information","Official Cambridge Economics 9708 2026-2028 v2 §1.6.3; original user-supplied Economics 4e book Ch6; seven-Tour map Tour 1","SOURCE-REVIEW RETAIN: One type of good and its stated market characteristic. Teacher QA pending, never auto-map question keys.","NONE_VERIFIED","PENDING","PENDING","false"
"1.6.4","AS","1","6","1","RETAIN_SINGLE_LEARNING_ACTION","ECON-9708-1.6.4-BASE","Define demerit goods and explain over-consumption due to imperfect information","Official Cambridge Economics 9708 2026-2028 v2 §1.6.4; original user-supplied Economics 4e book Ch6; seven-Tour map Tour 1","SOURCE-REVIEW RETAIN: One type of good and its stated market characteristic. Teacher QA pending, never auto-map question keys.","NONE_VERIFIED","PENDING","PENDING","false"
"2.1.1","AS","1","7","1","RETAIN_SINGLE_LEARNING_ACTION","ECON-9708-2.1.1-BASE","Define effective demand as desire backed by willingness and ability to pay","Official Cambridge Economics 9708 2026-2028 v2 §2.1.1; original user-supplied Economics 4e book Ch7; seven-Tour map Tour 1","SOURCE-REVIEW RETAIN: One definition. Teacher QA pending, never auto-map question keys.","NONE_VERIFIED","PENDING","PENDING","false"
"2.1.2","AS","1","7","2","SPLIT_WITH_CHILDREN","ECON-9708-2.1.2-01;ECON-9708-2.1.2-02","Distinguish individual demand and supply from market demand and supply || Explain how individual schedules combine into market demand and supply","Official Cambridge Economics 9708 2026-2028 v2 §2.1.2; original user-supplied Economics 4e book Ch7; seven-Tour map Tour 1","SOURCE-REVIEW SPLIT: Official distinguishes individual and market, with aggregation as explanatory mechanism. Parent-level question candidates are not verified child evidence.","NONE_VERIFIED","PENDING","PENDING","false"
"2.1.3","AS","1","7","1","RETAIN_SINGLE_LEARNING_ACTION","ECON-9708-2.1.3-BASE","Explain the determinants of demand","Official Cambridge Economics 9708 2026-2028 v2 §2.1.3; original user-supplied Economics 4e book Ch7; seven-Tour map Tour 1","SOURCE-REVIEW RETAIN: Single determinants class; shifts are covered in 2.1.5. Teacher QA pending, never auto-map question keys.","NONE_VERIFIED","PENDING","PENDING","false"
"2.1.4","AS","1","7","1","RETAIN_SINGLE_LEARNING_ACTION","ECON-9708-2.1.4-BASE","Explain the determinants of supply","Official Cambridge Economics 9708 2026-2028 v2 §2.1.4; original user-supplied Economics 4e book Ch7; seven-Tour map Tour 1","SOURCE-REVIEW RETAIN: Single determinants class; shifts are covered in 2.1.6. Teacher QA pending, never auto-map question keys.","NONE_VERIFIED","PENDING","PENDING","false"
"2.1.5","AS","1","7","1","RETAIN_SINGLE_LEARNING_ACTION","ECON-9708-2.1.5-BASE","Explain causes of a shift in the demand curve","Official Cambridge Economics 9708 2026-2028 v2 §2.1.5; original user-supplied Economics 4e book Ch7; seven-Tour map Tour 1","SOURCE-REVIEW RETAIN: One causal class, distinction from movements already covered at 2.1.7. Teacher QA pending, never auto-map question keys.","NONE_VERIFIED","PENDING","PENDING","false"
"2.1.6","AS","1","7","1","RETAIN_SINGLE_LEARNING_ACTION","ECON-9708-2.1.6-BASE","Explain causes of a shift in the supply curve","Official Cambridge Economics 9708 2026-2028 v2 §2.1.6; original user-supplied Economics 4e book Ch7; seven-Tour map Tour 1","SOURCE-REVIEW RETAIN: One causal class. Teacher QA pending, never auto-map question keys.","NONE_VERIFIED","PENDING","PENDING","false"
"2.1.7","AS","1","7","1","RETAIN_SINGLE_LEARNING_ACTION","ECON-9708-2.1.7-BASE","Distinguish movements along demand or supply from shifts of those curves","Official Cambridge Economics 9708 2026-2028 v2 §2.1.7; original user-supplied Economics 4e book Ch7; seven-Tour map Tour 1","SOURCE-REVIEW RETAIN: One movement-versus-shift comparison. Teacher QA pending, never auto-map question keys.","NONE_VERIFIED","PENDING","PENDING","false"
"2.2.1","AS","1","8","3","SPLIT_WITH_CHILDREN","ECON-9708-2.2.1-01;ECON-9708-2.2.1-02;ECON-9708-2.2.1-03","Define price elasticity of demand with the correct directional ratio || Define income elasticity of demand using income and quantity changes || Define cross elasticity of demand for two related goods","Cambridge Economics 9708 2026-2028 v2 §2.2.1","Official §2.2.1 names definitions of PED, YED and XED, each with a different denominator and interpretation; distinct definitions proposed. Independent educator validation is still required; no question-key approval.","NONE_VERIFIED","PENDING","PENDING","false"
"2.2.2","AS","1","8","3","SPLIT_WITH_CHILDREN","ECON-9708-2.2.2-01;ECON-9708-2.2.2-02;ECON-9708-2.2.2-03","Calculate price elasticity of demand from percentage changes || Calculate income elasticity of demand from data || Calculate cross elasticity of demand from two products","Cambridge Economics 9708 2026-2028 v2 §2.2.2","Official §2.2.2 requires formulas and calculation for PED, YED and XED; separate computation actions prevent mistaken formula interchange. Independent educator validation is still required; no question-key approval.","NONE_VERIFIED","PENDING","PENDING","false"
"2.2.3","AS","1","8","3","SPLIT_WITH_CHILDREN","ECON-9708-2.2.3-01;ECON-9708-2.2.3-02;ECON-9708-2.2.3-03","Classify PED magnitude and interpret associated responsiveness || Interpret YED sign and magnitude for normal and inferior goods || Use XED sign and magnitude to distinguish substitutes and complements","Cambridge Economics 9708 2026-2028 v2 §2.2.3","Official §2.2.3 separately lists size/significance of coefficients for PED, YED, XED; interpretation and category decisions differ by elasticity. Independent educator validation is still required; no question-key approval.","NONE_VERIFIED","PENDING","PENDING","false"
"2.2.4","AS","1","8","1","RETAIN_SINGLE_LEARNING_ACTION","ECON-9708-2.2.4-BASE","Interpret descriptions from perfectly elastic to perfectly inelastic demand","Official Cambridge Economics 9708 2026-2028 v2 §2.2.4; original user-supplied Economics 4e book Ch8; seven-Tour map Tour 1","SOURCE-REVIEW RETAIN: One elasticity-classification scale. Teacher QA pending, never auto-map question keys.","NONE_VERIFIED","PENDING","PENDING","false"
"2.2.5","AS","1","8","1","RETAIN_SINGLE_LEARNING_ACTION","ECON-9708-2.2.5-BASE","Explain why price elasticity of demand varies along a straight-line demand curve","Official Cambridge Economics 9708 2026-2028 v2 §2.2.5; original user-supplied Economics 4e book Ch8; seven-Tour map Tour 1","SOURCE-REVIEW RETAIN: One geometry-and-percentage concept; calculus is not independently required. Teacher QA pending, never auto-map question keys.","NONE_VERIFIED","PENDING","PENDING","false"
"2.2.6","AS","1","8","3","SPLIT_WITH_CHILDREN","ECON-9708-2.2.6-01;ECON-9708-2.2.6-02;ECON-9708-2.2.6-03","Assess determinants of price elasticity of demand || Assess determinants of income elasticity of demand || Assess determinants of cross elasticity of demand","Cambridge Economics 9708 2026-2028 v2 §2.2.6","Official §2.2.6 separately enumerates factors affecting PED, YED and XED; these are independent sets of determinants. Independent educator validation is still required; no question-key approval.","NONE_VERIFIED","PENDING","PENDING","false"
"2.2.7","AS","1","8","1","RETAIN_SINGLE_LEARNING_ACTION","ECON-9708-2.2.7-BASE","Explain the relationship between price elasticity of demand and total expenditure on a product","Official Cambridge Economics 9708 2026-2028 v2 §2.2.7; original user-supplied Economics 4e book Ch8; seven-Tour map Tour 1","SOURCE-REVIEW RETAIN: Official speaks of total expenditure; revenue is an equivalent seller-side example. Teacher QA pending, never auto-map question keys.","NONE_VERIFIED","PENDING","PENDING","false"
"2.2.8","AS","1","8","3","SPLIT_WITH_CHILDREN","ECON-9708-2.2.8-01;ECON-9708-2.2.8-02;ECON-9708-2.2.8-03","Apply PED to an economic decision || Apply YED to an economic decision || Apply XED to an economic decision","Official Cambridge Economics 9708 2026-2028 v2 §2.2.8; original user-supplied Economics 4e book Ch8; seven-Tour map Tour 1","SOURCE-REVIEW SPLIT: Official names implications of all three separate demand elasticities. Parent-level question candidates are not verified child evidence.","NONE_VERIFIED","PENDING","PENDING","false"
"2.3.1","AS","1","9","1","RETAIN_SINGLE_LEARNING_ACTION","ECON-9708-2.3.1-BASE","Define price elasticity of supply","Official Cambridge Economics 9708 2026-2028 v2 §2.3.1; original user-supplied Economics 4e book Ch9; seven-Tour map Tour 1","SOURCE-REVIEW RETAIN: One definition. Teacher QA pending, never auto-map question keys.","NONE_VERIFIED","PENDING","PENDING","false"
"2.3.2","AS","1","9","1","RETAIN_SINGLE_LEARNING_ACTION","ECON-9708-2.3.2-BASE","Calculate price elasticity of supply using percentage changes in quantity supplied and price","Official Cambridge Economics 9708 2026-2028 v2 §2.3.2; original user-supplied Economics 4e book Ch9; seven-Tour map Tour 1","SOURCE-REVIEW RETAIN: One formula calculation. Teacher QA pending, never auto-map question keys.","NONE_VERIFIED","PENDING","PENDING","false"
"2.3.3","AS","1","9","1","RETAIN_SINGLE_LEARNING_ACTION","ECON-9708-2.3.3-BASE","Interpret the size, sign and relative percentage-change significance of PES","Official Cambridge Economics 9708 2026-2028 v2 §2.3.3; original user-supplied Economics 4e book Ch9; seven-Tour map Tour 1","SOURCE-REVIEW RETAIN: One coefficient interpretation. Teacher QA pending, never auto-map question keys.","NONE_VERIFIED","PENDING","PENDING","false"
"2.3.4","AS","1","9","1","RETAIN_SINGLE_LEARNING_ACTION","ECON-9708-2.3.4-BASE","Explain factors affecting price elasticity of supply","Official Cambridge Economics 9708 2026-2028 v2 §2.3.4; original user-supplied Economics 4e book Ch9; seven-Tour map Tour 1","SOURCE-REVIEW RETAIN: One causal determinants requirement. Teacher QA pending, never auto-map question keys.","NONE_VERIFIED","PENDING","PENDING","false"
"2.3.5","AS","1","9","1","RETAIN_SINGLE_LEARNING_ACTION","ECON-9708-2.3.5-BASE","Explain implications of PES for how quickly and easily firms respond to market changes","Official Cambridge Economics 9708 2026-2028 v2 §2.3.5; original user-supplied Economics 4e book Ch9; seven-Tour map Tour 1","SOURCE-REVIEW RETAIN: One adjustment-speed idea. Teacher QA pending, never auto-map question keys.","NONE_VERIFIED","PENDING","PENDING","false"
"2.4.1","AS","1","10","1","RETAIN_SINGLE_LEARNING_ACTION","ECON-9708-2.4.1-BASE","Define and distinguish market equilibrium and disequilibrium","Cambridge Economics 9708 v2 (2026-2028) §2.4.1; uploaded Economics 4th edition Ch10; Tour 1","Retain one: Paired definitions; shortage or surplus may illustrate disequilibrium.. No question link or academic approval.","NONE_VERIFIED","PENDING","PENDING","false"
"2.4.2","AS","1","10","1","RETAIN_SINGLE_LEARNING_ACTION","ECON-9708-2.4.2-BASE","Analyse new equilibrium price and quantity after shifts in demand and supply","Official Cambridge Economics 9708 2026-2028 v2 §2.4.2; original user-supplied Economics 4e book Ch10; seven-Tour map Tour 1","SOURCE-REVIEW RETAIN: One comparative-statics market equilibrium method. Teacher QA pending, never auto-map question keys.","NONE_VERIFIED","PENDING","PENDING","false"
"2.4.3","AS","1","10","4","SPLIT_WITH_CHILDREN","ECON-9708-2.4.3-01;ECON-9708-2.4.3-02;ECON-9708-2.4.3-03;ECON-9708-2.4.3-04","Explain joint demand for complementary goods || Explain alternative demand for substitute goods || Trace derived demand for inputs from final-product demand || Identify joint supply and its market consequences","Cambridge Economics 9708 2026-2028 v2 §2.4.3","Official §2.4.3 names joint demand, alternative demand, derived demand and joint supply, each a distinct relationship between markets. Independent educator validation is still required; no question-key approval.","NONE_VERIFIED","PENDING","PENDING","false"
"2.4.4","AS","1","10","3","SPLIT_WITH_CHILDREN","ECON-9708-2.4.4-01;ECON-9708-2.4.4-02;ECON-9708-2.4.4-03","Explain allocation by price rationing when goods are scarce || Interpret price changes as signals of consumer preferences and scarcity || Analyse producer and consumer incentives created by prices","Cambridge Economics 9708 2026-2028 v2 §2.4.4","Official §2.4.4 lists rationing, signalling and incentivising as separate roles of prices; a child action can demonstrate each mechanism. Independent educator validation is still required; no question-key approval.","NONE_VERIFIED","PENDING","PENDING","false"
"2.5.1","AS","1","11","1","RETAIN_SINGLE_LEARNING_ACTION","ECON-9708-2.5.1-BASE","Explain the meaning and significance of consumer surplus","Official Cambridge Economics 9708 2026-2028 v2 §2.5.1; original user-supplied Economics 4e book Ch11; seven-Tour map Tour 1","SOURCE-REVIEW RETAIN: Official meaning and significance; numerical area calculation is not separately prescribed. Teacher QA pending, never auto-map question keys.","NONE_VERIFIED","PENDING","PENDING","false"
"2.5.2","AS","1","11","1","RETAIN_SINGLE_LEARNING_ACTION","ECON-9708-2.5.2-BASE","Explain the meaning and significance of producer surplus","Official Cambridge Economics 9708 2026-2028 v2 §2.5.2; original user-supplied Economics 4e book Ch11; seven-Tour map Tour 1","SOURCE-REVIEW RETAIN: Official meaning and significance; numerical area calculation is not separately prescribed. Teacher QA pending, never auto-map question keys.","NONE_VERIFIED","PENDING","PENDING","false"
"2.5.3","AS","1","11","2","SPLIT_WITH_CHILDREN","ECON-9708-2.5.3-01;ECON-9708-2.5.3-02","Explain causes of changes in consumer surplus || Explain causes of changes in producer surplus","Official Cambridge Economics 9708 2026-2028 v2 §2.5.3; original user-supplied Economics 4e book Ch11; seven-Tour map Tour 1","SOURCE-REVIEW SPLIT: Two distinct areas/surplus recipients named. Parent-level question candidates are not verified child evidence.","NONE_VERIFIED","PENDING","PENDING","false"
"2.5.4","AS","1","11","1","RETAIN_SINGLE_LEARNING_ACTION","ECON-9708-2.5.4-BASE","Explain how PED and PES affect the extent of changes in consumer and producer surplus","Official Cambridge Economics 9708 2026-2028 v2 §2.5.4; original user-supplied Economics 4e book Ch11; seven-Tour map Tour 1","SOURCE-REVIEW RETAIN: One linked effect on size of surplus changes. Teacher QA pending, never auto-map question keys.","NONE_VERIFIED","PENDING","PENDING","false"
"3.1.1","AS","2","12","1","RETAIN_SINGLE_LEARNING_ACTION","ECON-9708-3.1.1-BASE","Explain why government may intervene when private markets do not supply public goods","Official Cambridge Economics 9708 2026-2028 v2 §3.1.1; original user-supplied Economics 4e book Ch12; seven-Tour map Tour 2","SOURCE-REVIEW RETAIN: One intervention motivation. Teacher QA pending, never auto-map question keys.","NONE_VERIFIED","PENDING","PENDING","false"
"3.1.2","AS","2","12","1","RETAIN_SINGLE_LEARNING_ACTION","ECON-9708-3.1.2-BASE","Explain intervention for over-consumed demerit and under-consumed merit goods","Official Cambridge Economics 9708 2026-2028 v2 §3.1.2; original user-supplied Economics 4e book Ch12; seven-Tour map Tour 2","SOURCE-REVIEW RETAIN: One contrasting intervention rationale. Teacher QA pending, never auto-map question keys.","NONE_VERIFIED","PENDING","PENDING","false"
"3.1.3","AS","2","12","1","RETAIN_SINGLE_LEARNING_ACTION","ECON-9708-3.1.3-BASE","Explain the rationale for controlling prices in markets","Official Cambridge Economics 9708 2026-2028 v2 §3.1.3; original user-supplied Economics 4e book Ch12; seven-Tour map Tour 2","SOURCE-REVIEW RETAIN: One intervention rationale. Teacher QA pending, never auto-map question keys.","NONE_VERIFIED","PENDING","PENDING","false"
"3.2.1","AS","2","13","2","SPLIT_WITH_CHILDREN","ECON-9708-3.2.1-01;ECON-9708-3.2.1-02","Analyse the impact of a specific indirect tax on market price and output || Analyse who bears the burden of a specific indirect tax and why","Official Cambridge Economics 9708 2026-2028 v2 §3.2.1; original user-supplied Economics 4e book Ch13; seven-Tour map Tour 2","SOURCE-REVIEW SPLIT: Official names impact and incidence separately. Parent-level question candidates are not verified child evidence.","NONE_VERIFIED","PENDING","PENDING","false"
"3.2.2","AS","2","13","2","SPLIT_WITH_CHILDREN","ECON-9708-3.2.2-01;ECON-9708-3.2.2-02","Analyse the market-price, quantity and output effects of a producer subsidy || Analyse the distribution of subsidy benefits between buyers and sellers, including relative responsiveness","Official Cambridge Economics 9708 (2026–2028) v2 §3.2.2; supplied Economics 4th edition Chapter 13; Tour 2","SPLIT: Official text separately names market impact and incidence; no independent requirement for a full welfare appraisal. Question evidence not inherited from parent and not independently verified.","NONE_VERIFIED","PENDING","PENDING","false"
"3.2.3","AS","2","13","1","RETAIN_SINGLE_LEARNING_ACTION","ECON-9708-3.2.3-BASE","Explain direct provision of goods and services by the public sector","Cambridge Economics 9708 v2 (2026-2028) §3.2.3; uploaded Economics 4th edition Ch13; Tour 2","Retain one: Official wording specifies direct provision, not mandatory separate welfare evaluation.. No question link or academic approval.","NONE_VERIFIED","PENDING","PENDING","false"
"3.2.4","AS","2","13","2","SPLIT_WITH_CHILDREN","ECON-9708-3.2.4-01;ECON-9708-3.2.4-02","Explain the impact of a binding maximum price || Explain the impact of a binding minimum price","Cambridge Economics 9708 v2 (2026-2028) §3.2.4; uploaded Economics 4th edition Ch13; Tour 2","Split: Two distinct price control cases explicitly listed.. Parent question candidates are NOT verified for child.","NONE_VERIFIED","PENDING","PENDING","false"
"3.2.5","AS","2","13","1","RETAIN_SINGLE_LEARNING_ACTION","ECON-9708-3.2.5-BASE","Explain how buffer-stock schemes operate in markets","Official Cambridge Economics 9708 2026-2028 v2 §3.2.5; original user-supplied Economics 4e book Ch13; seven-Tour map Tour 2","SOURCE-REVIEW RETAIN: One named intervention. Teacher QA pending, never auto-map question keys.","NONE_VERIFIED","PENDING","PENDING","false"
"3.2.6","AS","2","13","1","RETAIN_SINGLE_LEARNING_ACTION","ECON-9708-3.2.6-BASE","Explain government provision of information as a method of market intervention","Official Cambridge Economics 9708 2026-2028 v2 §3.2.6; original user-supplied Economics 4e book Ch13; seven-Tour map Tour 2","SOURCE-REVIEW RETAIN: One named intervention. Teacher QA pending, never auto-map question keys.","NONE_VERIFIED","PENDING","PENDING","false"
"3.3.1","AS","2","14","1","RETAIN_SINGLE_LEARNING_ACTION","ECON-9708-3.3.1-BASE","Distinguish income as a flow from wealth as a stock","Official Cambridge Economics 9708 2026-2028 v2 §3.3.1; original user-supplied Economics 4e book Ch14; seven-Tour map Tour 2","SOURCE-REVIEW RETAIN: One stock-flow distinction. Teacher QA pending, never auto-map question keys.","NONE_VERIFIED","PENDING","PENDING","false"
"3.3.2","AS","2","14","1","RETAIN_SINGLE_LEARNING_ACTION","ECON-9708-3.3.2-BASE","Interpret income and wealth inequality through the Gini coefficient without calculating it","Official Cambridge Economics 9708 2026-2028 v2 §3.3.2; original user-supplied Economics 4e book Ch14; seven-Tour map Tour 2","SOURCE-REVIEW RETAIN: AS explicitly says Gini calculation not required. Teacher QA pending, never auto-map question keys.","NONE_VERIFIED","PENDING","PENDING","false"
"3.3.3","AS","2","14","1","RETAIN_SINGLE_LEARNING_ACTION","ECON-9708-3.3.3-BASE","Explain economic reasons for differences in income and wealth","Official Cambridge Economics 9708 2026-2028 v2 §3.3.3; original user-supplied Economics 4e book Ch14; seven-Tour map Tour 2","SOURCE-REVIEW RETAIN: One causes-of-inequality requirement. Teacher QA pending, never auto-map question keys.","NONE_VERIFIED","PENDING","PENDING","false"
"3.3.4","AS","2","14","4","SPLIT_WITH_CHILDREN","ECON-9708-3.3.4-01;ECON-9708-3.3.4-02;ECON-9708-3.3.4-03;ECON-9708-3.3.4-04","Evaluate minimum wages as an income policy at AS depth || Evaluate income redistribution by transfer payments || Compare progressive income, inheritance and capital taxation || Assess state supply of essential goods as redistribution","Cambridge Economics 9708 2026-2028 v2 §3.3.4","Official §3.3.4 names minimum wage, transfer payments, direct taxation and public provision of essential services as different redistribution methods. Four contexts represented; educator must validate child evaluation depth. Independent educator validation is still required; no question-key approval.","NONE_VERIFIED","PENDING","PENDING","false"
"4.1.1","AS","2","15","1","RETAIN_SINGLE_LEARNING_ACTION","ECON-9708-4.1.1-BASE","Define national income","Official Cambridge Economics 9708 2026-2028 v2 §4.1.1; original user-supplied Economics 4e book Ch15; seven-Tour map Tour 2","SOURCE-REVIEW RETAIN: One definition. Teacher QA pending, never auto-map question keys.","NONE_VERIFIED","PENDING","PENDING","false"
"4.1.2","AS","2","15","3","SPLIT_WITH_CHILDREN","ECON-9708-4.1.2-01;ECON-9708-4.1.2-02;ECON-9708-4.1.2-03","Measure GDP using appropriately defined domestic output || Explain how GNI differs from GDP through cross-border income || Derive NNI from gross national income and depreciation","Cambridge Economics 9708 2026-2028 v2 §4.1.2","Official §4.1.2 lists GDP, GNI and NNI as three measurement concepts. Accounting definitions and adjustments depend on distinct boundaries. Independent educator validation is still required; no question-key approval.","NONE_VERIFIED","PENDING","PENDING","false"
"4.1.3","AS","2","15","1","RETAIN_SINGLE_LEARNING_ACTION","ECON-9708-4.1.3-BASE","Convert national-income values at market prices to basic prices","Official Cambridge Economics 9708 2026-2028 v2 §4.1.3; original user-supplied Economics 4e book Ch15; seven-Tour map Tour 2","SOURCE-REVIEW RETAIN: One accounting conversion. Teacher QA pending, never auto-map question keys.","NONE_VERIFIED","PENDING","PENDING","false"
"4.1.4","AS","2","15","1","RETAIN_SINGLE_LEARNING_ACTION","ECON-9708-4.1.4-BASE","Convert gross national income accounting measures to net measures","Official Cambridge Economics 9708 2026-2028 v2 §4.1.4; original user-supplied Economics 4e book Ch15; seven-Tour map Tour 2","SOURCE-REVIEW RETAIN: One accounting conversion. Teacher QA pending, never auto-map question keys.","NONE_VERIFIED","PENDING","PENDING","false"
"4.2.1","AS","2","16","2","SPLIT_WITH_CHILDREN","ECON-9708-4.2.1-01;ECON-9708-4.2.1-02","Explain the circular flow among households firms and government in a closed economy || Explain the circular flow including the international sector in an open economy","Cambridge Economics 9708 v2 (2026-2028) §4.2.1; uploaded Economics 4th edition Ch16; Tour 2","Split: Closed and open economy are separately named; multiplier not required at AS.. Parent question candidates are NOT verified for child.","NONE_VERIFIED","PENDING","PENDING","false"
"4.2.2","AS","2","16","1","RETAIN_SINGLE_LEARNING_ACTION","ECON-9708-4.2.2-BASE","Explain injections and leakages in circular income flows without a multiplier calculation","Official Cambridge Economics 9708 2026-2028 v2 §4.2.2; original user-supplied Economics 4e book Ch16; seven-Tour map Tour 2","SOURCE-REVIEW RETAIN: Multiplier expressly excluded at AS. Teacher QA pending, never auto-map question keys.","NONE_VERIFIED","PENDING","PENDING","false"
"4.2.3","AS","2","16","1","RETAIN_SINGLE_LEARNING_ACTION","ECON-9708-4.2.3-BASE","Explain equilibrium and disequilibrium in the circular flow of income","Official Cambridge Economics 9708 2026-2028 v2 §4.2.3; original user-supplied Economics 4e book Ch16; seven-Tour map Tour 2","SOURCE-REVIEW RETAIN: Marginal and average propensities expressly excluded here at AS. Teacher QA pending, never auto-map question keys.","NONE_VERIFIED","PENDING","PENDING","false"
"4.3.1","AS","2","17","1","RETAIN_SINGLE_LEARNING_ACTION","ECON-9708-4.3.1-BASE","Define aggregate demand","Official Cambridge Economics 9708 2026-2028 v2 §4.3.1; original user-supplied Economics 4e book Ch17; seven-Tour map Tour 2","SOURCE-REVIEW RETAIN: One definition. Teacher QA pending, never auto-map question keys.","NONE_VERIFIED","PENDING","PENDING","false"
"4.3.2","AS","2","17","1","RETAIN_SINGLE_LEARNING_ACTION","ECON-9708-4.3.2-BASE","Identify and explain the components of AD using C + I + G + (X − M)","Official Cambridge Economics 9708 2026-2028 v2 §4.3.2; original user-supplied Economics 4e book Ch17; seven-Tour map Tour 2","SOURCE-REVIEW RETAIN: One national-expenditure identity and interpretation. Teacher QA pending, never auto-map question keys.","NONE_VERIFIED","PENDING","PENDING","false"
"4.3.3","AS","2","17","1","RETAIN_SINGLE_LEARNING_ACTION","ECON-9708-4.3.3-BASE","Explain determinants of aggregate demand without requiring detailed components","Official Cambridge Economics 9708 2026-2028 v2 §4.3.3; original user-supplied Economics 4e book Ch17; seven-Tour map Tour 2","SOURCE-REVIEW RETAIN: Cambridge explicitly excludes detailed component knowledge for this point. Teacher QA pending, never auto-map question keys.","NONE_VERIFIED","PENDING","PENDING","false"
"4.3.4","AS","2","17","1","RETAIN_SINGLE_LEARNING_ACTION","ECON-9708-4.3.4-BASE","Explain the downward-sloping shape of the aggregate-demand curve","Official Cambridge Economics 9708 2026-2028 v2 §4.3.4; original user-supplied Economics 4e book Ch17; seven-Tour map Tour 2","SOURCE-REVIEW RETAIN: One curve-shape requirement. Teacher QA pending, never auto-map question keys.","NONE_VERIFIED","PENDING","PENDING","false"
"4.3.5","AS","2","17","1","RETAIN_SINGLE_LEARNING_ACTION","ECON-9708-4.3.5-BASE","Explain causes of shifts in the aggregate-demand curve","Official Cambridge Economics 9708 2026-2028 v2 §4.3.5; original user-supplied Economics 4e book Ch17; seven-Tour map Tour 2","SOURCE-REVIEW RETAIN: One causal diagram class. Teacher QA pending, never auto-map question keys.","NONE_VERIFIED","PENDING","PENDING","false"
"4.3.6","AS","2","17","1","RETAIN_SINGLE_LEARNING_ACTION","ECON-9708-4.3.6-BASE","Define aggregate supply","Official Cambridge Economics 9708 2026-2028 v2 §4.3.6; original user-supplied Economics 4e book Ch17; seven-Tour map Tour 2","SOURCE-REVIEW RETAIN: One definition. Teacher QA pending, never auto-map question keys.","NONE_VERIFIED","PENDING","PENDING","false"
"4.3.7","AS","2","17","1","RETAIN_SINGLE_LEARNING_ACTION","ECON-9708-4.3.7-BASE","Explain the determinants of aggregate supply","Official Cambridge Economics 9708 2026-2028 v2 §4.3.7; original user-supplied Economics 4e book Ch17; seven-Tour map Tour 2","SOURCE-REVIEW RETAIN: One determinants class. Teacher QA pending, never auto-map question keys.","NONE_VERIFIED","PENDING","PENDING","false"
"4.3.8","AS","2","17","2","SPLIT_WITH_CHILDREN","ECON-9708-4.3.8-01;ECON-9708-4.3.8-02","Describe and diagram upward short-run aggregate supply || Compare vertical and three-stage long-run aggregate supply representations","Cambridge Economics 9708 2026-2028 v2 §4.3.8","Official §4.3.8 specifies SRAS upward-sloping shape and LRAS vertical or three-section shape; short- and long-run graph interpretations remain distinct. Independent educator validation is still required; no question-key approval.","NONE_VERIFIED","PENDING","PENDING","false"
"4.3.9","AS","2","17","2","SPLIT_WITH_CHILDREN","ECON-9708-4.3.9-01;ECON-9708-4.3.9-02","Explain causes of shifts in short-run aggregate supply (SRAS) || Explain causes of shifts in long-run aggregate supply (LRAS)","Official Cambridge Economics 9708 2026-2028 v2 §4.3.9; original user-supplied Economics 4e book Ch17; seven-Tour map Tour 2","SOURCE-REVIEW SPLIT: Cambridge names SRAS and LRAS separately. Parent-level question candidates are not verified child evidence.","NONE_VERIFIED","PENDING","PENDING","false"
"4.3.10","AS","2","17","2","SPLIT_WITH_CHILDREN","ECON-9708-4.3.10-01;ECON-9708-4.3.10-02","Distinguish movement along aggregate demand (AD) from a shift of AD || Distinguish movement along aggregate supply (AS) from a shift of AS","Official Cambridge Economics 9708 (2026–2028) v2 §4.3.10; supplied Economics 4th edition Chapter 17; Tour 2","SPLIT: Official point explicitly distinguishes change along and shift in BOTH aggregate curves. SRAS/LRAS scope must follow neighbouring §§4.3.8–9. Question evidence not inherited from parent and not independently verified.","NONE_VERIFIED","PENDING","PENDING","false"
"4.3.11","AS","2","17","1","RETAIN_SINGLE_LEARNING_ACTION","ECON-9708-4.3.11-BASE","Determine the equilibrium level of real output and price level in AD/AS and explain employment implications","Cambridge Economics 9708 v2 (2026-2028) §4.3.11; uploaded Economics 4th edition Ch17; Tour 2","Retain one: One intersection; do not infer an exact unemployment rate.. No question link or academic approval.","NONE_VERIFIED","PENDING","PENDING","false"
"4.3.12","AS","2","17","2","SPLIT_WITH_CHILDREN","ECON-9708-4.3.12-01;ECON-9708-4.3.12-02","Analyse the effects of a shift in AD on real output the price level and employment || Analyse the effects of a shift in AS on real output the price level and employment","Cambridge Economics 9708 v2 (2026-2028) §4.3.12; uploaded Economics 4th edition Ch17; Tour 2","Split: Two named types of demand/supply shift within one macro model.. Parent question candidates are NOT verified for child.","NONE_VERIFIED","PENDING","PENDING","false"
"4.4.1","AS","2","18","1","RETAIN_SINGLE_LEARNING_ACTION","ECON-9708-4.4.1-BASE","Define economic growth","Official Cambridge Economics 9708 2026-2028 v2 §4.4.1; original user-supplied Economics 4e book Ch18; seven-Tour map Tour 2","SOURCE-REVIEW RETAIN: One definition. Teacher QA pending, never auto-map question keys.","NONE_VERIFIED","PENDING","PENDING","false"
"4.4.2","AS","2","18","1","RETAIN_SINGLE_LEARNING_ACTION","ECON-9708-4.4.2-BASE","Explain how economic growth is measured","Official Cambridge Economics 9708 2026-2028 v2 §4.4.2; original user-supplied Economics 4e book Ch18; seven-Tour map Tour 2","SOURCE-REVIEW RETAIN: One measurement outcome. Teacher QA pending, never auto-map question keys.","NONE_VERIFIED","PENDING","PENDING","false"
"4.4.3","AS","2","18","1","RETAIN_SINGLE_LEARNING_ACTION","ECON-9708-4.4.3-BASE","Distinguish nominal GDP growth from real GDP growth","Official Cambridge Economics 9708 2026-2028 v2 §4.4.3; original user-supplied Economics 4e book Ch18; seven-Tour map Tour 2","SOURCE-REVIEW RETAIN: One paired distinction. Teacher QA pending, never auto-map question keys.","NONE_VERIFIED","PENDING","PENDING","false"
"4.4.4","AS","2","18","1","RETAIN_SINGLE_LEARNING_ACTION","ECON-9708-4.4.4-BASE","Explain causes of economic growth","Official Cambridge Economics 9708 2026-2028 v2 §4.4.4; original user-supplied Economics 4e book Ch18; seven-Tour map Tour 2","SOURCE-REVIEW RETAIN: One causal requirement. Teacher QA pending, never auto-map question keys.","NONE_VERIFIED","PENDING","PENDING","false"
"4.4.5","AS","2","18","1","RETAIN_SINGLE_LEARNING_ACTION","ECON-9708-4.4.5-BASE","Evaluate consequences of economic growth, including relevant positive and negative outcomes","Official Cambridge Economics 9708 (2026–2028) v2 §4.4.5; supplied Economics 4th edition Chapter 18; Tour 2","RETAIN_SINGLE: Cambridge 4.4.5 is a single broad consequence-evaluation outcome with no mandated enumerated subcomponents. No automatic assessment mapping or examiner signoff.","NONE_VERIFIED","PENDING","PENDING","false"
"4.5.1","AS","2","19","1","RETAIN_SINGLE_LEARNING_ACTION","ECON-9708-4.5.1-BASE","Define unemployment","Official Cambridge Economics 9708 2026-2028 v2 §4.5.1; original user-supplied Economics 4e book Ch19; seven-Tour map Tour 2","SOURCE-REVIEW RETAIN: Official item only requires unemployment meaning, not another labour-force calculation. Teacher QA pending, never auto-map question keys.","NONE_VERIFIED","PENDING","PENDING","false"
"4.5.2","AS","2","19","2","SPLIT_WITH_CHILDREN","ECON-9708-4.5.2-01;ECON-9708-4.5.2-02","Explain measures of unemployment || Explain the limitations and difficulties of measuring unemployment","Cambridge Economics 9708 v2 (2026-2028) §4.5.2; uploaded Economics 4th edition Ch19; Tour 2","Split: Explicit measurement and possible difficulties; avoid inventing a compulsory numerical task.. Parent question candidates are NOT verified for child.","NONE_VERIFIED","PENDING","PENDING","false"
"4.5.3","AS","2","19","5","SPLIT_WITH_CHILDREN","ECON-9708-4.5.3-01;ECON-9708-4.5.3-02;ECON-9708-4.5.3-03;ECON-9708-4.5.3-04;ECON-9708-4.5.3-05","Explain frictional unemployment and its causes || Explain structural unemployment and its causes || Explain cyclical unemployment and its causes || Explain seasonal unemployment and its causes || Explain technological unemployment and its causes","Official Cambridge Economics 9708 2026-2028 v2 §4.5.3; original user-supplied Economics 4e book Ch19; seven-Tour map Tour 2","SOURCE-REVIEW SPLIT: Cambridge explicitly lists five unemployment types and their causes. Parent-level question candidates are not verified child evidence.","NONE_VERIFIED","PENDING","PENDING","false"
"4.5.4","AS","2","19","1","RETAIN_SINGLE_LEARNING_ACTION","ECON-9708-4.5.4-BASE","Assess the consequences of unemployment for households, firms and the wider economy","Official Cambridge Economics 9708 (2026–2028) v2 §4.5.4; supplied Economics 4th edition Chapter 19; Tour 2","RETAIN_SINGLE: The official 4.5.4 is one holistic consequences outcome; case examples enrich it but do not create compulsory separate skills. No automatic assessment mapping or examiner signoff.","NONE_VERIFIED","PENDING","PENDING","false"
"4.6.1","AS","2","20","1","RETAIN_SINGLE_LEARNING_ACTION","ECON-9708-4.6.1-BASE","Distinguish inflation deflation and disinflation by definition","Cambridge Economics 9708 v2 (2026-2028) §4.6.1; uploaded Economics 4th edition Ch20; Tour 2","Retain one: Three related definitions form one comparative competence.. No question link or academic approval.","NONE_VERIFIED","PENDING","PENDING","false"
"4.6.2","AS","2","20","2","SPLIT_WITH_CHILDREN","ECON-9708-4.6.2-01;ECON-9708-4.6.2-02","Explain how the consumer price index measures changes in the price level || Explain possible difficulties in measuring price-level changes","Official Cambridge Economics 9708 2026-2028 v2 §4.6.2; original user-supplied Economics 4e book Ch20; seven-Tour map Tour 2","SOURCE-REVIEW SPLIT: CPI measurement and its difficulties are separate listed parts. Parent-level question candidates are not verified child evidence.","NONE_VERIFIED","PENDING","PENDING","false"
"4.6.3","AS","2","20","1","RETAIN_SINGLE_LEARNING_ACTION","ECON-9708-4.6.3-BASE","Distinguish nominal money values from real inflation-adjusted data","Official Cambridge Economics 9708 2026-2028 v2 §4.6.3; original user-supplied Economics 4e book Ch20; seven-Tour map Tour 2","SOURCE-REVIEW RETAIN: One paired distinction. Teacher QA pending, never auto-map question keys.","NONE_VERIFIED","PENDING","PENDING","false"
"4.6.4","AS","2","20","1","RETAIN_SINGLE_LEARNING_ACTION","ECON-9708-4.6.4-BASE","Explain and distinguish cost-push and demand-pull inflation","Official Cambridge Economics 9708 2026-2028 v2 §4.6.4; original user-supplied Economics 4e book Ch20; seven-Tour map Tour 2","SOURCE-REVIEW RETAIN: One complementary comparison of two inflation causes. Teacher QA pending, never auto-map question keys.","NONE_VERIFIED","PENDING","PENDING","false"
"4.6.5","AS","2","20","1","RETAIN_SINGLE_LEARNING_ACTION","ECON-9708-4.6.5-BASE","Evaluate consequences of inflation","Cambridge Economics 9708 v2 (2026-2028) §4.6.5; uploaded Economics 4th edition Ch20; Tour 2","Retain one: The official point is integrated; specific groups are teaching examples.. No question link or academic approval.","NONE_VERIFIED","PENDING","PENDING","false"
"5.1.1","AS","3","21","3","SPLIT_WITH_CHILDREN","ECON-9708-5.1.1-01;ECON-9708-5.1.1-02;ECON-9708-5.1.1-03","Explain how government policy pursues price stability at AS Level || Explain how government policy pursues low unemployment at AS Level || Explain how government policy pursues economic growth at AS Level","Official Cambridge Economics 9708 (2026–2028) v2 §5.1.1; supplied Economics 4th edition Chapter 21; Tour 3","SPLIT: Official §5.1.1 names 3 policy objectives and explicitly excludes knowledge of conflicts and trade-offs at AS. Question evidence not inherited from parent and not independently verified.","NONE_VERIFIED","PENDING","PENDING","false"
"5.2.1","AS","3","22","1","RETAIN_SINGLE_LEARNING_ACTION","ECON-9708-5.2.1-BASE","Define the government budget","Official Cambridge Economics 9708 2026-2028 v2 §5.2.1; original user-supplied Economics 4e book Ch22; seven-Tour map Tour 3","SOURCE-REVIEW RETAIN: One definition. Teacher QA pending, never auto-map question keys.","NONE_VERIFIED","PENDING","PENDING","false"
"5.2.2","AS","3","22","1","RETAIN_SINGLE_LEARNING_ACTION","ECON-9708-5.2.2-BASE","Distinguish a government budget deficit from a surplus","Cambridge Economics 9708 v2 (2026-2028) §5.2.2; uploaded Economics 4th edition Ch22; Tour 3","Retain one: One paired distinction.. No question link or academic approval.","NONE_VERIFIED","PENDING","PENDING","false"
"5.2.3","AS","3","22","2","SPLIT_WITH_CHILDREN","ECON-9708-5.2.3-01;ECON-9708-5.2.3-02","Define the national debt and distinguish it from the annual deficit || Explain the economic significance of national debt","Cambridge Economics 9708 v2 (2026-2028) §5.2.3; uploaded Economics 4th edition Ch22; Tour 3","Split: Both meaning and significance are explicit.. Parent question candidates are NOT verified for child.","NONE_VERIFIED","PENDING","PENDING","false"
"5.2.4","AS","3","22","4","SPLIT_WITH_CHILDREN","ECON-9708-5.2.4-01;ECON-9708-5.2.4-02;ECON-9708-5.2.4-03;ECON-9708-5.2.4-04","Distinguish direct from indirect taxes || Classify progressive regressive and proportional taxation || Distinguish marginal from average tax rates || Explain reasons for taxation","Cambridge Economics 9708 v2 (2026-2028) §5.2.4; uploaded Economics 4th edition Ch22; Tour 3","Split: Official tax categories, rates and motives are distinct.. Parent question candidates are NOT verified for child.","NONE_VERIFIED","PENDING","PENDING","false"
"5.2.5","AS","3","22","2","SPLIT_WITH_CHILDREN","ECON-9708-5.2.5-01;ECON-9708-5.2.5-02","Distinguish capital investment from current government spending || Explain reasons for government spending","Cambridge Economics 9708 v2 (2026-2028) §5.2.5; uploaded Economics 4th edition Ch22; Tour 3","Split: Official source names spending types and reasons.. Parent question candidates are NOT verified for child.","NONE_VERIFIED","PENDING","PENDING","false"
"5.2.6","AS","3","22","1","RETAIN_SINGLE_LEARNING_ACTION","ECON-9708-5.2.6-BASE","Distinguish expansionary from contractionary fiscal policy","Official Cambridge Economics 9708 2026-2028 v2 §5.2.6; original user-supplied Economics 4e book Ch22; seven-Tour map Tour 3","SOURCE-REVIEW RETAIN: One paired policy distinction. Teacher QA pending, never auto-map question keys.","NONE_VERIFIED","PENDING","PENDING","false"
"5.2.7","AS","3","22","2","SPLIT_WITH_CHILDREN","ECON-9708-5.2.7-01;ECON-9708-5.2.7-02","Analyse expansionary fiscal policy effects on real output prices and employment using AD/AS || Analyse contractionary fiscal policy effects on real output prices and employment using AD/AS","Cambridge Economics 9708 v2 (2026-2028) §5.2.7; uploaded Economics 4th edition Ch22; Tour 3","Split: Both directions are explicit; effects are coupled, not separate new topics.. Parent question candidates are NOT verified for child.","NONE_VERIFIED","PENDING","PENDING","false"
"5.3.1","AS","3","23","1","RETAIN_SINGLE_LEARNING_ACTION","ECON-9708-5.3.1-BASE","Define monetary policy","Cambridge Economics 9708 v2 (2026-2028) §5.3.1; uploaded Economics 4th edition Ch23; Tour 3","Retain one: Official point specifies definition only; do not introduce a separate central-bank institution requirement.. No question link or academic approval.","NONE_VERIFIED","PENDING","PENDING","false"
"5.3.2","AS","3","23","3","SPLIT_WITH_CHILDREN","ECON-9708-5.3.2-01;ECON-9708-5.3.2-02;ECON-9708-5.3.2-03","Explain the use of interest rates as a monetary-policy tool || Explain changes in money supply as a monetary-policy tool || Explain credit regulations as a monetary-policy tool","Official Cambridge Economics 9708 (2026–2028) v2 §5.3.2; supplied Economics 4th edition Chapter 23; Tour 3","SPLIT: Official §5.3.2 enumerates 3 monetary-policy instruments. Question evidence not inherited from parent and not independently verified.","NONE_VERIFIED","PENDING","PENDING","false"
"5.3.3","AS","3","23","1","RETAIN_SINGLE_LEARNING_ACTION","ECON-9708-5.3.3-BASE","Distinguish expansionary from contractionary monetary policy as one comparison","Official Cambridge Economics 9708 (2026–2028) v2 §5.3.3; supplied Economics 4th edition Chapter 23; Tour 3","RETAIN_SINGLE: Explicit distinction is a single comparison; specific policy instruments are assessed separately in §5.3.2. No automatic assessment mapping or examiner signoff.","NONE_VERIFIED","PENDING","PENDING","false"
"5.3.4","AS","3","23","2","SPLIT_WITH_CHILDREN","ECON-9708-5.3.4-01;ECON-9708-5.3.4-02","Analyse expansionary monetary policy with AD/AS and output, price and employment effects || Analyse contractionary monetary policy with AD/AS and output, price and employment effects","Official Cambridge Economics 9708 2026-2028 v2 §5.3.4; original user-supplied Economics 4e book Ch23; seven-Tour map Tour 3","SOURCE-REVIEW SPLIT: Official requires both expansionary and contractionary policy AD/AS analysis. Parent-level question candidates are not verified child evidence.","NONE_VERIFIED","PENDING","PENDING","false"
"5.4.1","AS","3","24","1","RETAIN_SINGLE_LEARNING_ACTION","ECON-9708-5.4.1-BASE","Explain the meaning of supply-side policy through its effect on LRAS","Official Cambridge Economics 9708 2026-2028 v2 §5.4.1; original user-supplied Economics 4e book Ch24; seven-Tour map Tour 3","SOURCE-REVIEW RETAIN: One definition based on model. Teacher QA pending, never auto-map question keys.","NONE_VERIFIED","PENDING","PENDING","false"
"5.4.2","AS","3","24","1","RETAIN_SINGLE_LEARNING_ACTION","ECON-9708-5.4.2-BASE","Explain productivity and productive-capacity objectives of supply-side policy","Official Cambridge Economics 9708 2026-2028 v2 §5.4.2; original user-supplied Economics 4e book Ch24; seven-Tour map Tour 3","SOURCE-REVIEW RETAIN: One paired policy-objective description. Teacher QA pending, never auto-map question keys.","NONE_VERIFIED","PENDING","PENDING","false"
"5.4.3","AS","3","24","1","RETAIN_SINGLE_LEARNING_ACTION","ECON-9708-5.4.3-BASE","Explain tools of supply-side policy with suitable examples, such as skills training, infrastructure or technological improvement","Official Cambridge Economics 9708 (2026–2028) v2 §5.4.3; supplied Economics 4th edition Chapter 24; Tour 3","RETAIN_SINGLE: Official 5.4.3 gives examples, not an exhaustive checklist; avoid treating each example as an independently mandatory Cambridge outcome. No automatic assessment mapping or examiner signoff.","NONE_VERIFIED","PENDING","PENDING","false"
"5.4.4","AS","3","24","1","RETAIN_SINGLE_LEARNING_ACTION","ECON-9708-5.4.4-BASE","Analyse supply-side policy effects on equilibrium output, the price level and employment using AD/AS","Official Cambridge Economics 9708 2026-2028 v2 §5.4.4; original user-supplied Economics 4e book Ch24; seven-Tour map Tour 3","SOURCE-REVIEW RETAIN: One simultaneous AD/AS model, not a separate skill for each variable. Teacher QA pending, never auto-map question keys.","NONE_VERIFIED","PENDING","PENDING","false"
"6.1.1","AS","3","25","1","RETAIN_SINGLE_LEARNING_ACTION","ECON-9708-6.1.1-BASE","Distinguish absolute advantage from comparative advantage","Official Cambridge Economics 9708 2026-2028 v2 §6.1.1; original user-supplied Economics 4e book Ch25; seven-Tour map Tour 3","SOURCE-REVIEW RETAIN: One comparative definition. Teacher QA pending, never auto-map question keys.","NONE_VERIFIED","PENDING","PENDING","false"
"6.1.2","AS","3","25","2","SPLIT_WITH_CHILDREN","ECON-9708-6.1.2-01;ECON-9708-6.1.2-02","Explain gains from international specialisation and free trade || Use and interpret the trading possibility curve in explaining the benefits of trade","Official Cambridge Economics 9708 (2026–2028) v2 §6.1.2; supplied Economics 4th edition Chapter 25; Tour 3","SPLIT: Official §6.1.2 requires trading possibility curve as well as benefits of specialisation/free trade. Question evidence not inherited from parent and not independently verified.","NONE_VERIFIED","PENDING","PENDING","false"
"6.1.3","AS","3","25","3","SPLIT_WITH_CHILDREN","ECON-9708-6.1.3-01;ECON-9708-6.1.3-02;ECON-9708-6.1.3-03","Measure and interpret the terms of trade using export and import price data || Explain reasons why the terms of trade may change || Evaluate the economic consequences of a terms-of-trade change","Official Cambridge Economics 9708 (2026–2028) v2 §6.1.3; supplied Economics 4th edition Chapter 25; Tour 3","SPLIT: Official §6.1.3 supplies three bullet areas: measurement, causes and impact. Question evidence not inherited from parent and not independently verified.","NONE_VERIFIED","PENDING","PENDING","false"
"6.1.4","AS","3","25","1","RETAIN_SINGLE_LEARNING_ACTION","ECON-9708-6.1.4-BASE","Explain limitations of the theories of absolute and comparative advantage","Official Cambridge Economics 9708 2026-2028 v2 §6.1.4; original user-supplied Economics 4e book Ch25; seven-Tour map Tour 3","SOURCE-REVIEW RETAIN: One integrated theoretical-limitations outcome. Teacher QA pending, never auto-map question keys.","NONE_VERIFIED","PENDING","PENDING","false"
"6.2.1","AS","3","26","1","RETAIN_SINGLE_LEARNING_ACTION","ECON-9708-6.2.1-BASE","Define protectionism in international trade","Official Cambridge Economics 9708 2026-2028 v2 §6.2.1; original user-supplied Economics 4e book Ch26; seven-Tour map Tour 3","SOURCE-REVIEW RETAIN: Official meaning only; motives/policy choices elsewhere. Teacher QA pending, never auto-map question keys.","NONE_VERIFIED","PENDING","PENDING","false"
"6.2.2","AS","3","26","5","SPLIT_WITH_CHILDREN","ECON-9708-6.2.2-01;ECON-9708-6.2.2-02;ECON-9708-6.2.2-03;ECON-9708-6.2.2-04;ECON-9708-6.2.2-05","Explain tariffs and their economic effects || Explain import quotas and their economic effects || Explain export subsidies and their economic effects || Explain embargoes and their economic effects || Explain excessive administrative trade barriers and their economic effects","Cambridge Economics 9708 v2 (2026-2028) §6.2.2; uploaded Economics 4th edition Ch26; Tour 3","Split: Five named protection tools with different mechanisms.. Parent question candidates are NOT verified for child.","NONE_VERIFIED","PENDING","PENDING","false"
"6.2.3","AS","3","26","1","RETAIN_SINGLE_LEARNING_ACTION","ECON-9708-6.2.3-BASE","Evaluate arguments for and against protectionism","Cambridge Economics 9708 v2 (2026-2028) §6.2.3; uploaded Economics 4th edition Ch26; Tour 3","Retain one: Integrated evaluation of both sides.. No question link or academic approval.","NONE_VERIFIED","PENDING","PENDING","false"
"6.3.1","AS","3","27","2","SPLIT_WITH_CHILDREN","ECON-9708-6.3.1-01;ECON-9708-6.3.1-02","Identify and classify current-account components: goods, services, primary income, secondary income || Distinguish a balanced current account, a deficit and a surplus","Official Cambridge Economics 9708 2026-2028 v2 §6.3.1; original user-supplied Economics 4e book Ch27; seven-Tour map Tour 3","SOURCE-REVIEW SPLIT: Official lists current-account components and balance/imbalance definitions separately. Parent-level question candidates are not verified child evidence.","NONE_VERIFIED","PENDING","PENDING","false"
"6.3.2","AS","3","27","4","SPLIT_WITH_CHILDREN","ECON-9708-6.3.2-01;ECON-9708-6.3.2-02;ECON-9708-6.3.2-03;ECON-9708-6.3.2-04","Calculate a trade-in-goods balance || Calculate a trade-in-services balance || Calculate combined goods-and-services balance || Calculate overall current account balance with primary/secondary income","Cambridge Economics 9708 2026-2028 v2 §6.3.2","Official §6.3.2 explicitly lists four calculable balances: goods, services, goods+services and full current account including income flows. Independent educator validation is still required; no question-key approval.","NONE_VERIFIED","PENDING","PENDING","false"
"6.3.3","AS","3","27","1","RETAIN_SINGLE_LEARNING_ACTION","ECON-9708-6.3.3-BASE","Explain causes of current-account imbalances","Cambridge Economics 9708 v2 (2026-2028) §6.3.3; uploaded Economics 4th edition Ch27; Tour 3","Retain one: Does not enumerate domestic and external causes as mandatory separate competencies.. No question link or academic approval.","NONE_VERIFIED","PENDING","PENDING","false"
"6.3.4","AS","3","27","2","SPLIT_WITH_CHILDREN","ECON-9708-6.3.4-01;ECON-9708-6.3.4-02","Analyse domestic-economy consequences of current-account imbalances || Analyse external-economy consequences of current-account imbalances","Official Cambridge 9708 2026-2028 v2 §6.3.4; uploaded Economics 4th edition","Draft child-specific evidence NOT proven. Parent-question candidates are NOT inherited as verified child evidence.","NONE_VERIFIED","PENDING","PENDING","false"
"6.4.1","AS","3","28","1","RETAIN_SINGLE_LEARNING_ACTION","ECON-9708-6.4.1-BASE","Define an exchange rate and express a quotation with correct currency direction","Official Cambridge Economics 9708 2026-2028 v2 §6.4.1; original user-supplied Economics 4e book Ch28; seven-Tour map Tour 3","SOURCE-REVIEW RETAIN: One definition plus clarity on exchange rate units. Teacher QA pending, never auto-map question keys.","NONE_VERIFIED","PENDING","PENDING","false"
"6.4.2","AS","3","28","1","RETAIN_SINGLE_LEARNING_ACTION","ECON-9708-6.4.2-BASE","Explain determination of a floating exchange rate by currency demand and supply","Official Cambridge Economics 9708 2026-2028 v2 §6.4.2; original user-supplied Economics 4e book Ch28; seven-Tour map Tour 3","SOURCE-REVIEW RETAIN: One currency-market equilibrium. Teacher QA pending, never auto-map question keys.","NONE_VERIFIED","PENDING","PENDING","false"
"6.4.3","AS","3","28","1","RETAIN_SINGLE_LEARNING_ACTION","ECON-9708-6.4.3-BASE","Distinguish depreciation from appreciation of a floating exchange rate, stating quotation direction","Official Cambridge Economics 9708 (2026–2028) v2 §6.4.3; supplied Economics 4th edition Chapter 28; Tour 3","RETAIN_SINGLE: Official §6.4.3 is strictly the currency-movement distinction. Domestic output, prices and employment effects belong to §6.4.5, not this item. No automatic assessment mapping or examiner signoff.","NONE_VERIFIED","PENDING","PENDING","false"
"6.4.4","AS","3","28","1","RETAIN_SINGLE_LEARNING_ACTION","ECON-9708-6.4.4-BASE","Explain causes of changes in a floating exchange rate through currency demand and supply","Official Cambridge Economics 9708 2026-2028 v2 §6.4.4; original user-supplied Economics 4e book Ch28; seven-Tour map Tour 3","SOURCE-REVIEW RETAIN: One causal currency-market analysis. Teacher QA pending, never auto-map question keys.","NONE_VERIFIED","PENDING","PENDING","false"
"6.4.5","AS","3","28","1","RETAIN_SINGLE_LEARNING_ACTION","ECON-9708-6.4.5-BASE","Analyse exchange-rate changes and effects on real output, price level and employment using AD/AS","Official Cambridge Economics 9708 2026-2028 v2 §6.4.5; original user-supplied Economics 4e book Ch28; seven-Tour map Tour 3","SOURCE-REVIEW RETAIN: One simultaneous macroeconomic model. Teacher QA pending, never auto-map question keys.","NONE_VERIFIED","PENDING","PENDING","false"
"6.5.1","AS","3","29","1","RETAIN_SINGLE_LEARNING_ACTION","ECON-9708-6.5.1-BASE","Explain stability of the current-account balance as a government policy objective","Official Cambridge Economics 9708 2026-2028 v2 §6.5.1; original user-supplied Economics 4e book Ch29; seven-Tour map Tour 3","SOURCE-REVIEW RETAIN: One policy goal. Teacher QA pending, never auto-map question keys.","NONE_VERIFIED","PENDING","PENDING","false"
"6.5.2","AS","3","29","4","SPLIT_WITH_CHILDREN","ECON-9708-6.5.2-01;ECON-9708-6.5.2-02;ECON-9708-6.5.2-03;ECON-9708-6.5.2-04","Evaluate effects of fiscal policy on the current account || Evaluate effects of monetary policy on the current account || Evaluate effects of supply-side policy on the current account || Evaluate effects of protectionist policy on the current account","Cambridge Economics 9708 v2 (2026-2028) §6.5.2; uploaded Economics 4th edition Ch29; Tour 3","Split: Four named policy categories, each an independent mechanism.. Parent question candidates are NOT verified for child.","NONE_VERIFIED","PENDING","PENDING","false"
"7.1.1","A_LEVEL_ADDITION","4","30","2","SPLIT_WITH_CHILDREN","ECON-9708-7.1.1-01;ECON-9708-7.1.1-02","Define and calculate total utility from a consumption schedule || Define and calculate marginal utility from changes in total utility","Official Cambridge Economics 9708 2026-2028 v2 §7.1.1, supplied Economics 4th edition Chapter 30 / Tour 4","SPLIT: Official point requires both definition and calculation of TU and MU; two separately assessable operations. Old parent Practice stem candidates NOT verified for individual child.","NONE_VERIFIED","PENDING","PENDING","false"
"7.1.2","A_LEVEL_ADDITION","4","30","1","RETAIN_SINGLE_LEARNING_ACTION","ECON-9708-7.1.2-BASE","Explain diminishing marginal utility","Official Cambridge Economics 9708 2026-2028 v2 §7.1.2; original user-supplied Economics 4e book Ch30; seven-Tour map Tour 4","SOURCE-REVIEW RETAIN: One principle. Teacher QA pending, never auto-map question keys.","NONE_VERIFIED","PENDING","PENDING","false"
"7.1.3","A_LEVEL_ADDITION","4","30","1","RETAIN_SINGLE_LEARNING_ACTION","ECON-9708-7.1.3-BASE","Apply the equi-marginal principle to consumption decisions","Official Cambridge Economics 9708 2026-2028 v2 §7.1.3; original user-supplied Economics 4e book Ch30; seven-Tour map Tour 4","SOURCE-REVIEW RETAIN: One allocation principle. Teacher QA pending, never auto-map question keys.","NONE_VERIFIED","PENDING","PENDING","false"
"7.1.4","A_LEVEL_ADDITION","4","30","1","RETAIN_SINGLE_LEARNING_ACTION","ECON-9708-7.1.4-BASE","Derive an individual's demand curve from marginal utility reasoning","Official Cambridge Economics 9708 2026-2028 v2 §7.1.4, supplied Economics 4th edition Chapter 30 / Tour 4","RETAIN_SINGLE: Official point is one derived-demand outcome; a separate advanced calculus method is not compulsory. Scope is provisional, not academic signoff.","NONE_VERIFIED","PENDING","PENDING","false"
"7.1.5","A_LEVEL_ADDITION","4","30","1","RETAIN_SINGLE_LEARNING_ACTION","ECON-9708-7.1.5-BASE","Evaluate limitations of marginal-utility theory and its assumptions of rational consumer behaviour","Official Cambridge Economics 9708 (2026–2028) v2 §7.1.5; supplied Economics 4th edition Chapter 30; Tour 4","RETAIN_SINGLE: One integrated evaluation of marginal utility and rational-consumer assumptions under §7.1.5. No automatic assessment mapping or examiner signoff.","NONE_VERIFIED","PENDING","PENDING","false"
"7.2.1","A_LEVEL_ADDITION","4","31","2","SPLIT_WITH_CHILDREN","ECON-9708-7.2.1-01;ECON-9708-7.2.1-02","Define and interpret an indifference curve || Define and interpret a consumer budget line","Official Cambridge Economics 9708 2026-2028 v2 §7.2.1, supplied Economics 4th edition Chapter 31 / Tour 4","SPLIT: Two distinct concepts explicitly named; definition/reading are together per concept. Old parent Practice stem candidates NOT verified for individual child.","NONE_VERIFIED","PENDING","PENDING","false"
"7.2.2","A_LEVEL_ADDITION","4","31","1","RETAIN_SINGLE_LEARNING_ACTION","ECON-9708-7.2.2-BASE","Explain how and why a consumer budget line changes when income or product prices change","Official Cambridge Economics 9708 2026-2028 v2 §7.2.2, supplied Economics 4th edition Chapter 31 / Tour 4","RETAIN_SINGLE: Official requirement is causes of budget-line shifts; price pivots and income shifts are teaching cases in a single analysis. Scope is provisional, not academic signoff.","NONE_VERIFIED","PENDING","PENDING","false"
"7.2.3","A_LEVEL_ADDITION","4","31","3","SPLIT_WITH_CHILDREN","ECON-9708-7.2.3-01;ECON-9708-7.2.3-02;ECON-9708-7.2.3-03","Identify and explain substitution effects in consumption decisions || Identify and explain income effects in consumption decisions || Combine price, income and substitution effects for normal, inferior and Giffen goods","Cambridge Economics 9708 2026-2028 v2 §7.2.3","Official §7.2.3 requires income, substitution and price effects for normal, inferior and Giffen goods. Three proposals separate fundamental effects and their combined application, not three unrelated extra exam themes. Independent educator validation is still required; no question-key approval.","NONE_VERIFIED","PENDING","PENDING","false"
"7.2.4","A_LEVEL_ADDITION","4","31","1","RETAIN_SINGLE_LEARNING_ACTION","ECON-9708-7.2.4-BASE","Evaluate limitations of indifference-curve analysis","Official Cambridge Economics 9708 2026-2028 v2 §7.2.4; original user-supplied Economics 4e book Ch31; seven-Tour map Tour 4","SOURCE-REVIEW RETAIN: One limitations outcome. Teacher QA pending, never auto-map question keys.","NONE_VERIFIED","PENDING","PENDING","false"
"7.3.1","A_LEVEL_ADDITION","4","32","1","RETAIN_SINGLE_LEARNING_ACTION","ECON-9708-7.3.1-BASE","Define and distinguish productive efficiency and allocative efficiency","Official Cambridge Economics 9708 2026-2028 v2 §7.3.1; original user-supplied Economics 4e book Ch32; seven-Tour map Tour 4","SOURCE-REVIEW RETAIN: One paired definition, conditions in separate 7.3.2. Teacher QA pending, never auto-map question keys.","NONE_VERIFIED","PENDING","PENDING","false"
"7.3.2","A_LEVEL_ADDITION","4","32","2","SPLIT_WITH_CHILDREN","ECON-9708-7.3.2-01;ECON-9708-7.3.2-02","State and apply the condition for productive efficiency || State and apply the condition for allocative efficiency","Official Cambridge Economics 9708 2026-2028 v2 §7.3.2, supplied Economics 4th edition Chapter 32 / Tour 4","SPLIT: Two independently testable efficiency conditions explicitly listed. Old parent Practice stem candidates NOT verified for individual child.","NONE_VERIFIED","PENDING","PENDING","false"
"7.3.3","A_LEVEL_ADDITION","4","32","1","RETAIN_SINGLE_LEARNING_ACTION","ECON-9708-7.3.3-BASE","Explain and recognise Pareto optimality","Official Cambridge Economics 9708 2026-2028 v2 §7.3.3; original user-supplied Economics 4e book Ch32; seven-Tour map Tour 4","SOURCE-REVIEW RETAIN: One concept, different from welfare improvement or government policy. Teacher QA pending, never auto-map question keys.","NONE_VERIFIED","PENDING","PENDING","false"
"7.3.4","A_LEVEL_ADDITION","4","32","1","RETAIN_SINGLE_LEARNING_ACTION","ECON-9708-7.3.4-BASE","Define dynamic efficiency","Official Cambridge Economics 9708 2026-2028 v2 §7.3.4, supplied Economics 4th edition Chapter 32 / Tour 4","RETAIN_SINGLE: Official Cambridge wording says definition only; evaluation of R&D investment is illustrative and not mandatory as a separate item. Scope is provisional, not academic signoff.","NONE_VERIFIED","PENDING","PENDING","false"
"7.3.5","A_LEVEL_ADDITION","4","32","1","RETAIN_SINGLE_LEARNING_ACTION","ECON-9708-7.3.5-BASE","Define market failure","Official Cambridge Economics 9708 2026-2028 v2 §7.3.5; original user-supplied Economics 4e book Ch32; seven-Tour map Tour 4","SOURCE-REVIEW RETAIN: Official only requires definition, not a stand-alone diagnostic taxonomy. Teacher QA pending, never auto-map question keys.","NONE_VERIFIED","PENDING","PENDING","false"
"7.3.6","A_LEVEL_ADDITION","4","32","1","RETAIN_SINGLE_LEARNING_ACTION","ECON-9708-7.3.6-BASE","Explain major reasons for market failure, using relevant economic categories","Cambridge 9708 syllabus 2026-2028 v2 §7.3.6; one integrated evaluative/comparative competence","Explicit editorial retain-one decision; no examiner or child-source approval.","NONE_VERIFIED","PENDING","PENDING","false"
"7.4.1","A_LEVEL_ADDITION","4","33","2","SPLIT_WITH_CHILDREN","ECON-9708-7.4.1-01;ECON-9708-7.4.1-02","Define and calculate total social cost using private cost and external cost components: SC = PC + EC || Define and calculate marginal social cost using marginal private and marginal external costs: MSC = MPC + MEC","Official Cambridge Economics 9708 (2026–2028) v2 §7.4.1; supplied Economics 4th edition Chapter 33; Tour 4","SPLIT: Official §7.4.1 covers both total and marginal cost relationships as separately calculable results. Question evidence not inherited from parent and not independently verified.","NONE_VERIFIED","PENDING","PENDING","false"
"7.4.2","A_LEVEL_ADDITION","4","33","2","SPLIT_WITH_CHILDREN","ECON-9708-7.4.2-01;ECON-9708-7.4.2-02","Define and calculate total social benefit: SB = PB + EB || Define and calculate marginal social benefit: MSB = MPB + MEB","Official Cambridge Economics 9708 (2026–2028) v2 §7.4.2; supplied Economics 4th edition Chapter 33; Tour 4","SPLIT: Official §7.4.2 covers both total and marginal benefit relationships. Question evidence not inherited from parent and not independently verified.","NONE_VERIFIED","PENDING","PENDING","false"
"7.4.3","A_LEVEL_ADDITION","4","33","1","RETAIN_SINGLE_LEARNING_ACTION","ECON-9708-7.4.3-BASE","Distinguish positive externalities from negative externalities","Official Cambridge Economics 9708 (2026–2028) v2 §7.4.3; supplied Economics 4th edition Chapter 33; Tour 4","RETAIN_SINGLE: Paired definition/comparison of two externality directions is one coherent knowledge distinction; diagram cases belong to 7.4.4–5. No automatic assessment mapping or examiner signoff.","NONE_VERIFIED","PENDING","PENDING","false"
"7.4.4","A_LEVEL_ADDITION","4","33","4","SPLIT_WITH_CHILDREN","ECON-9708-7.4.4-01;ECON-9708-7.4.4-02;ECON-9708-7.4.4-03;ECON-9708-7.4.4-04","Analyse a positive externality of consumption || Analyse a negative externality of consumption || Analyse a positive externality of production || Analyse a negative externality of production","Official Cambridge Economics 9708 (2026–2028) v2 §7.4.4; supplied Economics 4th edition Chapter 33; Tour 4","SPLIT: Official §7.4.4 covers both signs applied to both sources (consumption and production), four distinct diagram cases. Question evidence not inherited from parent and not independently verified.","NONE_VERIFIED","PENDING","PENDING","false"
"7.4.5","A_LEVEL_ADDITION","4","33","2","SPLIT_WITH_CHILDREN","ECON-9708-7.4.5-01;ECON-9708-7.4.5-02","Explain deadweight welfare loss arising from positive externalities || Explain deadweight welfare loss arising from negative externalities","Official Cambridge Economics 9708 2026-2028 v2 §7.4.5; original user-supplied Economics 4e book Ch33; seven-Tour map Tour 4","SOURCE-REVIEW SPLIT: Both signs explicitly named as different welfare-loss cases, without inventing mandatory numerical calculation. Parent-level question candidates are not verified child evidence.","NONE_VERIFIED","PENDING","PENDING","false"
"7.4.6","A_LEVEL_ADDITION","4","33","2","SPLIT_WITH_CHILDREN","ECON-9708-7.4.6-01;ECON-9708-7.4.6-02","Explain how asymmetric information can cause inefficient market outcomes || Explain moral hazard and distinguish it from asymmetric-information problems before the transaction","Official Cambridge Economics 9708 (2026–2028) v2 §7.4.6; supplied Economics 4th edition Chapter 33; Tour 4","SPLIT: Official §7.4.6 separately names information asymmetry and moral hazard; do not automatically add formal adverse selection as an extra independent syllabus demand. Question evidence not inherited from parent and not independently verified.","NONE_VERIFIED","PENDING","PENDING","false"
"7.4.7","A_LEVEL_ADDITION","4","33","1","RETAIN_SINGLE_LEARNING_ACTION","ECON-9708-7.4.7-BASE","Use costs and benefits to analyse an economic decision without net present value calculations","Official Cambridge Economics 9708 2026-2028 v2 §7.4.7, supplied Economics 4th edition Chapter 33 / Tour 4","RETAIN_SINGLE: Cambridge requires applied cost-benefit reasoning and explicitly excludes NPV. Scope is provisional, not academic signoff.","NONE_VERIFIED","PENDING","PENDING","false"
"7.5.1","A_LEVEL_ADDITION","4","34","5","SPLIT_WITH_CHILDREN","ECON-9708-7.5.1-01;ECON-9708-7.5.1-02;ECON-9708-7.5.1-03;ECON-9708-7.5.1-04;ECON-9708-7.5.1-05","Distinguish fixed and variable factors in short-run production || Define and calculate total product (TP) from short-run output data || Define and calculate average product (AP) per unit of variable input || Define and calculate marginal product (MP) of an extra variable input || Explain and apply the law of diminishing marginal returns with fixed factors","Official Cambridge 9708 2026-2028 v2 §7.5.1; uploaded Economics 4th edition","Draft child-specific evidence NOT proven. Parent-question candidates are NOT inherited as verified child evidence.","NONE_VERIFIED","PENDING","PENDING","false"
"7.5.2","A_LEVEL_ADDITION","4","34","5","SPLIT_WITH_CHILDREN","ECON-9708-7.5.2-01;ECON-9708-7.5.2-02;ECON-9708-7.5.2-03;ECON-9708-7.5.2-04;ECON-9708-7.5.2-05","Calculate fixed and variable short-run costs || Derive total cost and cost-per-unit measures from tabular data || Calculate and interpret marginal cost || Explain movements and shapes of AFC and AVC cost curves || Compare ATC, AVC and MC relationships on cost curves","Cambridge Economics 9708 2026-2028 v2 §7.5.2","Official §7.5.2 requires fixed/variable costs, total/average/marginal costs and short-run cost-curve shapes. Five proposed calculation/graph actions collectively implement these listed operations. Independent educator validation is still required; no question-key approval.","NONE_VERIFIED","PENDING","PENDING","false"
"7.5.3","A_LEVEL_ADDITION","4","34","2","SPLIT_WITH_CHILDREN","ECON-9708-7.5.3-01;ECON-9708-7.5.3-02","Explain why all factors of production are variable in the long run || Explain increasing constant and decreasing returns to scale in a long-run production function","Official Cambridge Economics 9708 2026-2028 v2 §7.5.3, supplied Economics 4th edition Chapter 34 / Tour 4","SPLIT: Official point separates absence of fixed factors and returns to scale. Old parent Practice stem candidates NOT verified for individual child.","NONE_VERIFIED","PENDING","PENDING","false"
"7.5.4","A_LEVEL_ADDITION","4","34","2","SPLIT_WITH_CHILDREN","ECON-9708-7.5.4-01;ECON-9708-7.5.4-02","Explain the shape of a long-run average cost curve || Explain and identify minimum efficient scale","Official Cambridge Economics 9708 2026-2028 v2 §7.5.4, supplied Economics 4th edition Chapter 34 / Tour 4","SPLIT: Official point has two bullet requirements: LRAC shape and MES concept. Old parent Practice stem candidates NOT verified for individual child.","NONE_VERIFIED","PENDING","PENDING","false"
"7.5.5","A_LEVEL_ADDITION","4","34","1","RETAIN_SINGLE_LEARNING_ACTION","ECON-9708-7.5.5-BASE","Explain the relationship between economies of scale and falling average costs","Official Cambridge Economics 9708 2026-2028 v2 §7.5.5; original user-supplied Economics 4e book Ch34; seven-Tour map Tour 4","SOURCE-REVIEW RETAIN: One causal relationship. Teacher QA pending, never auto-map question keys.","NONE_VERIFIED","PENDING","PENDING","false"
"7.5.6","A_LEVEL_ADDITION","4","34","2","SPLIT_WITH_CHILDREN","ECON-9708-7.5.6-01;ECON-9708-7.5.6-02","Explain internal economies of scale and identify causes within the growing firm || Explain external economies of scale caused by wider industry development","Official Cambridge Economics 9708 (2026–2028) v2 §7.5.6; supplied Economics 4th edition Chapter 34; Tour 4","SPLIT: Official §7.5.6 explicitly covers internal and external economies of scale. Question evidence not inherited from parent and not independently verified.","NONE_VERIFIED","PENDING","PENDING","false"
"7.5.7","A_LEVEL_ADDITION","4","34","2","SPLIT_WITH_CHILDREN","ECON-9708-7.5.7-01;ECON-9708-7.5.7-02","Explain internal diseconomies of scale and identify firm-level causes || Explain external diseconomies of scale and identify industry-level causes","Official Cambridge 9708 2026-2028 v2 §7.5.7; uploaded Economics 4th edition","Draft child-specific evidence NOT proven. Parent-question candidates are NOT inherited as verified child evidence.","NONE_VERIFIED","PENDING","PENDING","false"
"7.5.8","A_LEVEL_ADDITION","4","34","3","SPLIT_WITH_CHILDREN","ECON-9708-7.5.8-01;ECON-9708-7.5.8-02;ECON-9708-7.5.8-03","Calculate total revenue (TR) as price times quantity or from a revenue table || Calculate average revenue (AR) and relate it to the price per unit when uniform pricing applies || Calculate marginal revenue (MR) from changes in total revenue and distinguish MR from price","Cambridge Economics 9708 syllabus 2026-2028 v2; section 7.5.8","Original candidate action mapped to official parent. No assertion that legacy practice candidates demonstrate this child skill.","NONE_VERIFIED","PENDING","PENDING","false"
"7.5.9","A_LEVEL_ADDITION","4","34","3","SPLIT_WITH_CHILDREN","ECON-9708-7.5.9-01;ECON-9708-7.5.9-02;ECON-9708-7.5.9-03","Define normal profit in relation to opportunity cost and total cost || Define subnormal profit and identify its relation to normal profit || Define supernormal profit and identify its relation to normal profit","Official Cambridge Economics 9708 (2026–2028) v2 §7.5.9; supplied Economics 4th edition Chapter 34; Tour 4","SPLIT: Official §7.5.9 separately names normal, subnormal and supernormal profit definitions. Question evidence not inherited from parent and not independently verified.","NONE_VERIFIED","PENDING","PENDING","false"
"7.5.10","A_LEVEL_ADDITION","4","34","2","SPLIT_WITH_CHILDREN","ECON-9708-7.5.10-01;ECON-9708-7.5.10-02","Calculate supernormal profit from total/average revenue and cost evidence || Calculate subnormal profit or an economic loss from revenue and cost evidence","Official Cambridge Economics 9708 (2026–2028) v2 §7.5.10; supplied Economics 4th edition Chapter 34; Tour 4","SPLIT: Official §7.5.10 specifically names two separate calculations; normal-profit definition is in §7.5.9. Question evidence not inherited from parent and not independently verified.","NONE_VERIFIED","PENDING","PENDING","false"
"7.6.1","A_LEVEL_ADDITION","4","35","5","SPLIT_WITH_CHILDREN","ECON-9708-7.6.1-01;ECON-9708-7.6.1-02;ECON-9708-7.6.1-03;ECON-9708-7.6.1-04;ECON-9708-7.6.1-05","Identify perfect competition as a market structure || Explain the defining idea of monopoly || Identify monopolistic competition || Identify oligopoly || Explain natural monopoly as a market situation associated with large scale economies","Cambridge Economics 9708 syllabus 2026-2028 v2; section 7.6.1","Original candidate action mapped to official parent. No assertion that legacy practice candidates demonstrate this child skill.","NONE_VERIFIED","PENDING","PENDING","false"
"7.6.2","A_LEVEL_ADDITION","4","35","4","SPLIT_WITH_CHILDREN","ECON-9708-7.6.2-01;ECON-9708-7.6.2-02;ECON-9708-7.6.2-03;ECON-9708-7.6.2-04","Compare numbers of buyers and sellers across listed market structures || Compare product differentiation across the listed market structures || Compare freedom of entry and exit across listed market structures || Compare information availability and its market implications across structures","Cambridge Economics 9708 syllabus 2026-2028 v2; section 7.6.2","Original candidate action mapped to official parent. No assertion that legacy practice candidates demonstrate this child skill.","NONE_VERIFIED","PENDING","PENDING","false"
"7.6.3","A_LEVEL_ADDITION","4","35","4","SPLIT_WITH_CHILDREN","ECON-9708-7.6.3-01;ECON-9708-7.6.3-02;ECON-9708-7.6.3-03;ECON-9708-7.6.3-04","Explain legal barriers to market entry or exit || Explain market-established barriers to entry or exit || Explain cost barriers including sunk and scale-related cost barriers || Explain physical entry or exit barriers to competition","Cambridge Economics 9708 syllabus 2026-2028 v2; section 7.6.3","Original candidate action mapped to official parent. No assertion that legacy practice candidates demonstrate this child skill.","NONE_VERIFIED","PENDING","PENDING","false"
"7.6.4","A_LEVEL_ADDITION","4","35","9","SPLIT_WITH_CHILDREN","ECON-9708-7.6.4-01;ECON-9708-7.6.4-02;ECON-9708-7.6.4-03;ECON-9708-7.6.4-04;ECON-9708-7.6.4-05;ECON-9708-7.6.4-06;ECON-9708-7.6.4-07;ECON-9708-7.6.4-08;ECON-9708-7.6.4-09","Compare revenue curves by structure || Model short-run equilibrium and profit || Compare long-run output and profit || Apply shutdown condition by firm type || Explain competitive firm's marginal-cost supply rule || Compare efficiency and X-inefficiency across market structures || Judge contestability and entry barriers || Distinguish price and non-price competition || Evaluate collusion and solve a two-firm Prisoner's Dilemma payoff matrix","Cambridge Economics 9708 2026-2028 v2 §7.6.4","Official §7.6.4 lists nine dimensions of firm performance across structures, covering revenue, outputs, profits, shutdown, firm supply, efficiency, contestability, competition and collusion/payoff matrices; one proposal per dimension. Independent educator validation is still required; no question-key approval.","NONE_VERIFIED","PENDING","PENDING","false"
"7.6.5","A_LEVEL_ADDITION","4","35","2","SPLIT_WITH_CHILDREN","ECON-9708-7.6.5-01;ECON-9708-7.6.5-02","Define an industry concentration ratio and interpret its market meaning || Calculate a specified-firm concentration ratio using market-share information","Official Cambridge Economics 9708 (2026–2028) v2 §7.6.5; supplied Economics 4th edition Chapter 35; Tour 4","SPLIT: Official §7.6.5 explicitly requires both definition and calculation. Question evidence not inherited from parent and not independently verified.","NONE_VERIFIED","PENDING","PENDING","false"
"7.7.1","A_LEVEL_ADDITION","4","36","1","RETAIN_SINGLE_LEARNING_ACTION","ECON-9708-7.7.1-BASE","Explain reasons firms differ in size","Official Cambridge Economics 9708 2026-2028 v2 §7.7.1; original user-supplied Economics 4e book Ch36; seven-Tour map Tour 4","SOURCE-REVIEW RETAIN: One causal class. Teacher QA pending, never auto-map question keys.","NONE_VERIFIED","PENDING","PENDING","false"
"7.7.2","A_LEVEL_ADDITION","4","36","2","SPLIT_WITH_CHILDREN","ECON-9708-7.7.2-01;ECON-9708-7.7.2-02","Explain organic internal growth by firms || Explain diversification as a form of internal business growth","Official Cambridge Economics 9708 (2026–2028) v2 §7.7.2; supplied Economics 4th edition Chapter 36; Tour 4","SPLIT: Official §7.7.2 names organic growth and diversification within internal growth. Question evidence not inherited from parent and not independently verified.","NONE_VERIFIED","PENDING","PENDING","false"
"7.7.3","A_LEVEL_ADDITION","4","36","6","SPLIT_WITH_CHILDREN","ECON-9708-7.7.3-01;ECON-9708-7.7.3-02;ECON-9708-7.7.3-03;ECON-9708-7.7.3-04;ECON-9708-7.7.3-05;ECON-9708-7.7.3-06","Identify horizontal integration and its implications || Identify forward vertical integration and its implications || Identify backward vertical integration and its implications || Identify conglomerate integration and its implications || Analyse reasons a business may choose mergers and takeovers || Evaluate possible consequences of external business integration","Cambridge Economics 9708 syllabus 2026-2028 v2; section 7.7.3","Original candidate action mapped to official parent. No assertion that legacy practice candidates demonstrate this child skill.","NONE_VERIFIED","PENDING","PENDING","false"
"7.7.4","A_LEVEL_ADDITION","4","36","2","SPLIT_WITH_CHILDREN","ECON-9708-7.7.4-01;ECON-9708-7.7.4-02","Explain conditions that make a cartel effective or stable || Analyse economic consequences of a cartel for firms, consumers and welfare","Official Cambridge 9708 2026-2028 v2 §7.7.4; uploaded Economics 4th edition","Draft child-specific evidence NOT proven. Parent-question candidates are NOT inherited as verified child evidence.","NONE_VERIFIED","PENDING","PENDING","false"
"7.7.5","A_LEVEL_ADDITION","4","36","1","RETAIN_SINGLE_LEARNING_ACTION","ECON-9708-7.7.5-BASE","Explain the principal-agent problem arising from different objectives of owners and managers","Official Cambridge Economics 9708 2026-2028 v2 §7.7.5, supplied Economics 4th edition Chapter 36 / Tour 4","RETAIN_SINGLE: Official requirement is the principal-agent problem in this ownership/management setting. Scope is provisional, not academic signoff.","NONE_VERIFIED","PENDING","PENDING","false"
"7.8.1","A_LEVEL_ADDITION","4","37","1","RETAIN_SINGLE_LEARNING_ACTION","ECON-9708-7.8.1-BASE","Explain the traditional profit-maximising objective of a firm using marginal decision-making","Official Cambridge Economics 9708 2026-2028 v2 §7.8.1, supplied Economics 4th edition Chapter 37 / Tour 4","RETAIN_SINGLE: One profit-maximising objective; no extra independent TR or MR calculation required by this numbered point. Scope is provisional, not academic signoff.","NONE_VERIFIED","PENDING","PENDING","false"
"7.8.2","A_LEVEL_ADDITION","4","37","4","SPLIT_WITH_CHILDREN","ECON-9708-7.8.2-01;ECON-9708-7.8.2-02;ECON-9708-7.8.2-03;ECON-9708-7.8.2-04","Distinguish firm survival as an objective from profit maximisation || Explain profit satisficing and managerial target-setting || Explain the sales-maximisation objective of a firm || Distinguish revenue maximisation from sales and profit maximisation","Cambridge Economics 9708 syllabus 2026-2028 v2; section 7.8.2","Original candidate action mapped to official parent. No assertion that legacy practice candidates demonstrate this child skill.","NONE_VERIFIED","PENDING","PENDING","false"
"7.8.3","A_LEVEL_ADDITION","4","37","5","SPLIT_WITH_CHILDREN","ECON-9708-7.8.3-01;ECON-9708-7.8.3-02;ECON-9708-7.8.3-03;ECON-9708-7.8.3-04;ECON-9708-7.8.3-05","Identify first-degree price discrimination || Identify second-degree price discrimination || Identify third-degree price discrimination || Evaluate conditions required for effective price discrimination || Evaluate consequences of price discrimination for consumers and firms","Cambridge Economics 9708 syllabus 2026-2028 v2; section 7.8.3","Original candidate action mapped to official parent. No assertion that legacy practice candidates demonstrate this child skill.","NONE_VERIFIED","PENDING","PENDING","false"
"7.8.4","A_LEVEL_ADDITION","4","37","3","SPLIT_WITH_CHILDREN","ECON-9708-7.8.4-01;ECON-9708-7.8.4-02;ECON-9708-7.8.4-03","Explain limit pricing and the entry-deterrence mechanism || Distinguish predatory pricing from legitimate low prices and assess its effects || Explain price leadership and its implications for oligopoly","Cambridge Economics 9708 syllabus 2026-2028 v2; section 7.8.4","Original candidate action mapped to official parent. No assertion that legacy practice candidates demonstrate this child skill.","NONE_VERIFIED","PENDING","PENDING","false"
"7.8.5","A_LEVEL_ADDITION","4","37","2","SPLIT_WITH_CHILDREN","ECON-9708-7.8.5-01;ECON-9708-7.8.5-02","Relate PED to changes in total revenue along a conventional downward-sloping demand curve || Analyse the effect of a kinked demand curve on price responses and firm revenue","Cambridge Economics 9708 syllabus 2026-2028 v2; section 7.8.5","Original candidate action mapped to official parent. No assertion that legacy practice candidates demonstrate this child skill.","NONE_VERIFIED","PENDING","PENDING","false"
"8.1.1","A_LEVEL_ADDITION","5","38","12","SPLIT_WITH_CHILDREN","ECON-9708-8.1.1-01;ECON-9708-8.1.1-02;ECON-9708-8.1.1-03;ECON-9708-8.1.1-04;ECON-9708-8.1.1-05;ECON-9708-8.1.1-06;ECON-9708-8.1.1-07;ECON-9708-8.1.1-08;ECON-9708-8.1.1-09;ECON-9708-8.1.1-10;ECON-9708-8.1.1-11;ECON-9708-8.1.1-12","Evaluate specific and percentage-based indirect taxes || Evaluate corrective producer or consumer subsidies || Compare binding maximum and minimum price controls || Analyse production quotas || Analyse prohibitions and licensing || Distinguish regulation from deregulation || Analyse direct public provision || Compare emissions permits and tradable pollution rights || Explain property rights in correcting external costs || Evaluate nationalisation against privatisation || Assess information provision against information failure || Assess the suitability and limitations of behavioural nudges","Cambridge Economics 9708 2026-2028 v2 §8.1.1","Official §8.1.1 enumerates twelve categories of policy instruments to address market failure. Provisional child actions follow those categories; any reuse of AS mechanism needs A Level policy-effectiveness evaluation, not automatic mastery. Independent educator validation is still required; no question-key approval.","NONE_VERIFIED","PENDING","PENDING","false"
"8.1.2","A_LEVEL_ADDITION","5","38","3","SPLIT_WITH_CHILDREN","ECON-9708-8.1.2-01;ECON-9708-8.1.2-02;ECON-9708-8.1.2-03","Define government failure in microeconomic intervention || Explain informational, incentive and implementation causes of government failure || Evaluate efficiency consequences of government failure","Cambridge Economics 9708 syllabus 2026-2028 v2; section 8.1.2","Original candidate action mapped to official parent. No assertion that legacy practice candidates demonstrate this child skill.","NONE_VERIFIED","PENDING","PENDING","false"
"8.2.1","A_LEVEL_ADDITION","5","39","1","RETAIN_SINGLE_LEARNING_ACTION","ECON-9708-8.2.1-BASE","Distinguish equity from equality","Official Cambridge Economics 9708 2026-2028 v2 §8.2.1; original user-supplied Economics 4e book Ch39; seven-Tour map Tour 5","SOURCE-REVIEW RETAIN: Paired definition. Teacher QA pending, never auto-map question keys.","NONE_VERIFIED","PENDING","PENDING","false"
"8.2.2","A_LEVEL_ADDITION","5","39","1","RETAIN_SINGLE_LEARNING_ACTION","ECON-9708-8.2.2-BASE","Distinguish equity from efficiency","Official Cambridge Economics 9708 2026-2028 v2 §8.2.2, supplied Economics 4th edition Chapter 39 / Tour 5","RETAIN_SINGLE: Official point requires the difference, not a separate evaluation of all equity-efficiency policy trade-offs. Scope is provisional, not academic signoff.","NONE_VERIFIED","PENDING","PENDING","false"
"8.2.3","A_LEVEL_ADDITION","5","39","1","RETAIN_SINGLE_LEARNING_ACTION","ECON-9708-8.2.3-BASE","Distinguish absolute poverty from relative poverty","Official Cambridge Economics 9708 2026-2028 v2 §8.2.3; original user-supplied Economics 4e book Ch39; seven-Tour map Tour 5","SOURCE-REVIEW RETAIN: Paired definition. Teacher QA pending, never auto-map question keys.","NONE_VERIFIED","PENDING","PENDING","false"
"8.2.4","A_LEVEL_ADDITION","5","39","1","RETAIN_SINGLE_LEARNING_ACTION","ECON-9708-8.2.4-BASE","Explain the poverty trap and its self-reinforcing mechanism","Official Cambridge Economics 9708 2026-2028 v2 §8.2.4, supplied Economics 4th edition Chapter 39 / Tour 5","RETAIN_SINGLE: Official point is the poverty trap as one mechanism. Scope is provisional, not academic signoff.","NONE_VERIFIED","PENDING","PENDING","false"
"8.2.5","A_LEVEL_ADDITION","5","39","1","RETAIN_SINGLE_LEARNING_ACTION","ECON-9708-8.2.5-01","Evaluate policies to improve equity and equality using negative income tax, universal and means-tested benefits, and universal basic income as illustrative examples","Cambridge Economics 9708 2026-2028 v2 §8.2.5","Official §8.2.5 is ONE integrated policy outcome for equity/equality and introduces negative income tax, universal/means-tested benefits and basic income 'for example'. Combined ONE policy evaluation; archived three child proposals were not individually mandated Cambridge outcomes. Independent educator validation is still required; no question-key approval.","NONE_VERIFIED","PENDING","PENDING","false"
"8.3.1","A_LEVEL_ADDITION","5","40","1","RETAIN_SINGLE_LEARNING_ACTION","ECON-9708-8.3.1-BASE","Explain why the demand for labour is derived from demand for output","Official Cambridge Economics 9708 2026-2028 v2 §8.3.1; original user-supplied Economics 4e book Ch40; seven-Tour map Tour 5","SOURCE-REVIEW RETAIN: One relationship. Teacher QA pending, never auto-map question keys.","NONE_VERIFIED","PENDING","PENDING","false"
"8.3.2","A_LEVEL_ADDITION","5","40","1","RETAIN_SINGLE_LEARNING_ACTION","ECON-9708-8.3.2-BASE","Explain determinants of demand for labour by a firm or occupation","Official Cambridge Economics 9708 2026-2028 v2 §8.3.2; original user-supplied Economics 4e book Ch40; seven-Tour map Tour 5","SOURCE-REVIEW RETAIN: One determinants class. Teacher QA pending, never auto-map question keys.","NONE_VERIFIED","PENDING","PENDING","false"
"8.3.3","A_LEVEL_ADDITION","5","40","1","RETAIN_SINGLE_LEARNING_ACTION","ECON-9708-8.3.3-BASE","Distinguish labour-demand curve shifts from wage-driven movements along it","Official Cambridge Economics 9708 2026-2028 v2 §8.3.3; original user-supplied Economics 4e book Ch40; seven-Tour map Tour 5","SOURCE-REVIEW RETAIN: One paired diagram distinction. Teacher QA pending, never auto-map question keys.","NONE_VERIFIED","PENDING","PENDING","false"
"8.3.4","A_LEVEL_ADDITION","5","40","2","SPLIT_WITH_CHILDREN","ECON-9708-8.3.4-01;ECON-9708-8.3.4-02","Define and calculate marginal revenue product (MRP) using the relevant price/revenue assumptions || Derive an individual firm's labour demand using the MRP relationship","Cambridge Economics 9708 syllabus 2026-2028 v2; section 8.3.4","Original candidate action mapped to official parent. No assertion that legacy practice candidates demonstrate this child skill.","NONE_VERIFIED","PENDING","PENDING","false"
"8.3.5","A_LEVEL_ADDITION","5","40","2","SPLIT_WITH_CHILDREN","ECON-9708-8.3.5-01;ECON-9708-8.3.5-02","Explain how wage levels influence the supply of labour to a firm or occupation || Explain non-wage determinants of labour supply to a firm or occupation","Official Cambridge Economics 9708 2026-2028 v2 §8.3.5, supplied Economics 4th edition Chapter 40 / Tour 5","SPLIT: Wage and non-wage factors separately identified in Cambridge 8.3.5. Old parent Practice stem candidates NOT verified for individual child.","NONE_VERIFIED","PENDING","PENDING","false"
"8.3.6","A_LEVEL_ADDITION","5","40","1","RETAIN_SINGLE_LEARNING_ACTION","ECON-9708-8.3.6-BASE","Distinguish shifts in labour supply from movements along a labour-supply curve","Official Cambridge Economics 9708 2026-2028 v2 §8.3.6; original user-supplied Economics 4e book Ch40; seven-Tour map Tour 5","SOURCE-REVIEW RETAIN: One paired curve distinction. Teacher QA pending, never auto-map question keys.","NONE_VERIFIED","PENDING","PENDING","false"
"8.3.7","A_LEVEL_ADDITION","5","40","1","RETAIN_SINGLE_LEARNING_ACTION","ECON-9708-8.3.7-BASE","Determine the equilibrium wage and level of employment in a competitive labour market","Official Cambridge Economics 9708 (2026–2028) v2 §8.3.7; supplied Economics 4th edition Chapter 40; Tour 5","RETAIN_SINGLE: Official §8.3.7 describes one joint labour-market equilibrium determination; wages and employment come from the same intersection. No automatic assessment mapping or examiner signoff.","NONE_VERIFIED","PENDING","PENDING","false"
"8.3.8","A_LEVEL_ADDITION","5","40","3","SPLIT_WITH_CHILDREN","ECON-9708-8.3.8-01;ECON-9708-8.3.8-02;ECON-9708-8.3.8-03","Model union influence on wages and employment || Evaluate a binding national minimum wage in different labour markets || Explain monopsony wage-setting and labour demand outcomes","Cambridge Economics 9708 2026-2028 v2 §8.3.8","Official §8.3.8 lists the effects of unions, a national minimum wage and monopsony on wage/employment determination; three independent labour-market mechanisms. Independent educator validation is still required; no question-key approval.","NONE_VERIFIED","PENDING","PENDING","false"
"8.3.9","A_LEVEL_ADDITION","5","40","1","RETAIN_SINGLE_LEARNING_ACTION","ECON-9708-8.3.9-BASE","Explain how labour-market supply and demand determine wage differentials","Official Cambridge Economics 9708 2026-2028 v2 §8.3.9, supplied Economics 4th edition Chapter 40 / Tour 5","RETAIN_SINGLE: One determination of wage differences by market forces. Scope is provisional, not academic signoff.","NONE_VERIFIED","PENDING","PENDING","false"
"8.3.10","A_LEVEL_ADDITION","5","40","3","SPLIT_WITH_CHILDREN","ECON-9708-8.3.10-01;ECON-9708-8.3.10-02;ECON-9708-8.3.10-03","Define transfer earnings of labour || Define economic rent in labour-market earnings || Analyse factors affecting transfer earnings and economic rent in an occupation","Official Cambridge Economics 9708 (2026–2028) v2 §8.3.10; supplied Economics 4th edition Chapter 40; Tour 5","SPLIT: Official §8.3.10 explicitly provides three bullets: transfer earnings definition, economic rent definition and factors affecting each. Question evidence not inherited from parent and not independently verified.","NONE_VERIFIED","PENDING","PENDING","false"
"9.1.1","A_LEVEL_ADDITION","6","41","11","SPLIT_WITH_CHILDREN","ECON-9708-9.1.1-01;ECON-9708-9.1.1-02;ECON-9708-9.1.1-03;ECON-9708-9.1.1-04;ECON-9708-9.1.1-05;ECON-9708-9.1.1-06;ECON-9708-9.1.1-07;ECON-9708-9.1.1-08;ECON-9708-9.1.1-09;ECON-9708-9.1.1-10;ECON-9708-9.1.1-11","Explain the multiplier mechanism and induced spending || Calculate MPC and APC from consumption data || Calculate MPS and APS from saving data || Calculate MPM and APM from import data || Calculate marginal and average rates of taxation || Calculate simple closed-economy multiplier without government || Calculate multiplier with government withdrawals || Calculate multiplier with foreign-sector withdrawals || Calculate a multiplier with government and external leakages || Determine equilibrium national income using multiplier assumptions || Estimate the national-income effect of an autonomous demand change","Cambridge Economics 9708 2026-2028 v2 §9.1.1","Official §9.1.1 requires multiplier definition, open/closed government/no-government calculations, saving/consumption/import/tax propensities, equilibrium income and demand-change effects. Eleven provisional actions are component procedures; final grouping remains subject to assessment evidence. Independent educator validation is still required; no question-key approval.","NONE_VERIFIED","PENDING","PENDING","false"
"9.1.2","A_LEVEL_ADDITION","6","41","5","SPLIT_WITH_CHILDREN","ECON-9708-9.1.2-01;ECON-9708-9.1.2-02;ECON-9708-9.1.2-03;ECON-9708-9.1.2-04;ECON-9708-9.1.2-05","Model autonomous and income-induced consumption || Model autonomous and income-induced saving || Distinguish autonomous investment from accelerator-induced investment || Explain the role of government spending in AD || Model changes in net exports as an AD component","Cambridge Economics 9708 2026-2028 v2 §9.1.2","Official §9.1.2 lists consumption and savings functions, investment with accelerator, government spending, and net exports. Five component actions mirror listed AD determinants. Independent educator validation is still required; no question-key approval.","NONE_VERIFIED","PENDING","PENDING","false"
"9.1.3","A_LEVEL_ADDITION","6","41","1","RETAIN_SINGLE_LEARNING_ACTION","ECON-9708-9.1.3-BASE","Distinguish inflationary and deflationary gaps relative to full-employment and equilibrium income","Official Cambridge Economics 9708 2026-2028 v2 §9.1.3, supplied Economics 4th edition Chapter 41 / Tour 6","RETAIN_SINGLE: One integrated two-sided national-income-gap analysis; potential-output gap concepts remain in adjacent 9.2.2. Scope is provisional, not academic signoff.","NONE_VERIFIED","PENDING","PENDING","false"
"9.2.1","A_LEVEL_ADDITION","6","42","1","RETAIN_SINGLE_LEARNING_ACTION","ECON-9708-9.2.1-BASE","Distinguish actual from potential growth in national output","Official Cambridge Economics 9708 2026-2028 v2 §9.2.1; original user-supplied Economics 4e book Ch42; seven-Tour map Tour 6","SOURCE-REVIEW RETAIN: One two-sided definition. Teacher QA pending, never auto-map question keys.","NONE_VERIFIED","PENDING","PENDING","false"
"9.2.2","A_LEVEL_ADDITION","6","42","1","RETAIN_SINGLE_LEARNING_ACTION","ECON-9708-9.2.2-BASE","Distinguish positive and negative output gaps relative to potential output","Official Cambridge Economics 9708 2026-2028 v2 §9.2.2, supplied Economics 4th edition Chapter 42 / Tour 6","RETAIN_SINGLE: Paired concepts are one coherent comparison; no additional mandated method of estimating potential output. Scope is provisional, not academic signoff.","NONE_VERIFIED","PENDING","PENDING","false"
"9.2.3","A_LEVEL_ADDITION","6","42","3","SPLIT_WITH_CHILDREN","ECON-9708-9.2.3-01;ECON-9708-9.2.3-02;ECON-9708-9.2.3-03","Identify expansion, boom, downturn and trough in a business cycle || Explain demand and supply disturbances that generate business cycles || Explain automatic stabilisers over expansion and recession","Cambridge Economics 9708 2026-2028 v2 §9.2.3","Official §9.2.3 separates business-cycle phases, causes and the role of automatic stabilisers; three independent explanations proposed. Independent educator validation is still required; no question-key approval.","NONE_VERIFIED","PENDING","PENDING","false"
"9.2.4","A_LEVEL_ADDITION","6","42","1","RETAIN_SINGLE_LEARNING_ACTION","ECON-9708-9.2.4-BASE","Evaluate the effectiveness of policies to promote economic growth","Cambridge 9708 syllabus 2026-2028 v2 §9.2.4; one integrated evaluative/comparative competence","Explicit editorial retain-one decision; no examiner or child-source approval.","NONE_VERIFIED","PENDING","PENDING","false"
"9.2.5","A_LEVEL_ADDITION","6","42","3","SPLIT_WITH_CHILDREN","ECON-9708-9.2.5-01;ECON-9708-9.2.5-02;ECON-9708-9.2.5-03","Define inclusive economic growth || Analyse the impacts of economic growth on equity and equality || Evaluate policies to promote inclusive growth","Cambridge Economics 9708 syllabus 2026-2028 v2; section 9.2.5","Original candidate action mapped to official parent. No assertion that legacy practice candidates demonstrate this child skill.","NONE_VERIFIED","PENDING","PENDING","false"
"9.2.6","A_LEVEL_ADDITION","6","42","4","SPLIT_WITH_CHILDREN","ECON-9708-9.2.6-01;ECON-9708-9.2.6-02;ECON-9708-9.2.6-03;ECON-9708-9.2.6-04","Define sustainable economic growth || Explain use and conservation of natural and produced resources in sustainable growth || Analyse the impacts of economic growth on environment and climate change || Evaluate policies to mitigate environmental harm from economic growth","Cambridge Economics 9708 syllabus 2026-2028 v2; section 9.2.6","Original candidate action mapped to official parent. No assertion that legacy practice candidates demonstrate this child skill.","NONE_VERIFIED","PENDING","PENDING","false"
"9.3.1","A_LEVEL_ADDITION","6","43","1","RETAIN_SINGLE_LEARNING_ACTION","ECON-9708-9.3.1-BASE","Define full employment and distinguish it from a literal zero measured unemployment rate","Official Cambridge Economics 9708 (2026–2028) v2 §9.3.1; supplied Economics 4th edition Chapter 43; Tour 6","RETAIN_SINGLE: Official §9.3.1 requires a definition only; detailed classification of unemployment belongs to other points. No automatic assessment mapping or examiner signoff.","NONE_VERIFIED","PENDING","PENDING","false"
"9.3.2","A_LEVEL_ADDITION","6","43","3","SPLIT_WITH_CHILDREN","ECON-9708-9.3.2-01;ECON-9708-9.3.2-02;ECON-9708-9.3.2-03","Distinguish equilibrium unemployment from a zero-unemployment assumption || Explain disequilibrium unemployment from excess labour supply or deficient demand || Explain hysteresis and why past unemployment can persist after recovery","Official Cambridge 9708 2026-2028 v2 §9.3.2; uploaded Economics 4th edition","Draft child-specific evidence NOT proven. Parent-question candidates are NOT inherited as verified child evidence.","NONE_VERIFIED","PENDING","PENDING","false"
"9.3.3","A_LEVEL_ADDITION","6","43","1","RETAIN_SINGLE_LEARNING_ACTION","ECON-9708-9.3.3-BASE","Distinguish voluntary unemployment from involuntary unemployment","Cambridge 9708 syllabus 2026-2028 v2 §9.3.3; one integrated evaluative/comparative competence","Explicit editorial retain-one decision; no examiner or child-source approval.","NONE_VERIFIED","PENDING","PENDING","false"
"9.3.4","A_LEVEL_ADDITION","6","43","3","SPLIT_WITH_CHILDREN","ECON-9708-9.3.4-01;ECON-9708-9.3.4-02;ECON-9708-9.3.4-03","Define the natural rate of unemployment || Explain the determinants of the natural rate of unemployment || Evaluate implications of the natural rate for government policy","Cambridge Economics 9708 syllabus 2026-2028 v2; section 9.3.4","Original candidate action mapped to official parent. No assertion that legacy practice candidates demonstrate this child skill.","NONE_VERIFIED","PENDING","PENDING","false"
"9.3.5","A_LEVEL_ADDITION","6","43","1","RETAIN_SINGLE_LEARNING_ACTION","ECON-9708-9.3.5-BASE","Describe and interpret patterns and trends in employment and unemployment","Official Cambridge Economics 9708 2026-2028 v2 §9.3.5, supplied Economics 4th edition Chapter 43 / Tour 6","RETAIN_SINGLE: Official wording is patterns and trends, not a new compulsory data calculation. Scope is provisional, not academic signoff.","NONE_VERIFIED","PENDING","PENDING","false"
"9.3.6","A_LEVEL_ADDITION","6","43","3","SPLIT_WITH_CHILDREN","ECON-9708-9.3.6-01;ECON-9708-9.3.6-02;ECON-9708-9.3.6-03","Distinguish geographical labour mobility || Distinguish occupational labour mobility || Analyse factors enabling or restricting labour mobility","Cambridge Economics 9708 syllabus 2026-2028 v2; section 9.3.6","Original candidate action mapped to official parent. No assertion that legacy practice candidates demonstrate this child skill.","NONE_VERIFIED","PENDING","PENDING","false"
"9.3.7","A_LEVEL_ADDITION","6","43","1","RETAIN_SINGLE_LEARNING_ACTION","ECON-9708-9.3.7-BASE","Evaluate unemployment-reduction policies and their effectiveness","Official Cambridge Economics 9708 2026-2028 v2 §9.3.7, supplied Economics 4th edition Chapter 43 / Tour 6","RETAIN_SINGLE: Official requirement is an integrated policy evaluation, not a prescribed list of mandatory sub-policy examinations. Scope is provisional, not academic signoff.","NONE_VERIFIED","PENDING","PENDING","false"
"9.4.1","A_LEVEL_ADDITION","6","44","3","SPLIT_WITH_CHILDREN","ECON-9708-9.4.1-01;ECON-9708-9.4.1-02;ECON-9708-9.4.1-03","Define money in economic analysis || Explain functions of money || Explain the characteristics that make an asset suitable as money","Official Cambridge 9708 2026-2028 v2 §9.4.1; uploaded Economics 4th edition","Draft child-specific evidence NOT proven. Parent-question candidates are NOT inherited as verified child evidence.","NONE_VERIFIED","PENDING","PENDING","false"
"9.4.2","A_LEVEL_ADDITION","6","44","1","RETAIN_SINGLE_LEARNING_ACTION","ECON-9708-9.4.2-BASE","Define the money supply as distinct from money demand and the price level","Official Cambridge Economics 9708 (2026–2028) v2 §9.4.2; supplied Economics 4th edition Chapter 44; Tour 6","RETAIN_SINGLE: Official §9.4.2 requires money-supply definition, NOT a separate analysis of changing general price levels. No automatic assessment mapping or examiner signoff.","NONE_VERIFIED","PENDING","PENDING","false"
"9.4.3","A_LEVEL_ADDITION","6","44","1","RETAIN_SINGLE_LEARNING_ACTION","ECON-9708-9.4.3-BASE","Explain and apply the quantity theory of money (MV = PT) with its stated assumptions","Official Cambridge Economics 9708 (2026–2028) v2 §9.4.3; supplied Economics 4th edition Chapter 44; Tour 6","RETAIN_SINGLE: Official §9.4.3 names one quantity-theory relationship. Its mathematical application and conditional interpretation are jointly assessed. A Level only. No automatic assessment mapping or examiner signoff.","NONE_VERIFIED","PENDING","PENDING","false"
"9.4.4","A_LEVEL_ADDITION","6","44","5","SPLIT_WITH_CHILDREN","ECON-9708-9.4.4-01;ECON-9708-9.4.4-02;ECON-9708-9.4.4-03;ECON-9708-9.4.4-04;ECON-9708-9.4.4-05","Compare bank deposit and loan products and their functions || Classify assets and liabilities on a commercial bank balance sheet || Apply reserve ratios to bank lending constraints || Interpret bank capital ratios and solvency implications || Evaluate liquidity, security and profitability objectives","Cambridge Economics 9708 2026-2028 v2 §9.4.4","Official §9.4.4 lists bank deposits, loans, assets/liabilities, reserve/capital ratios and liquidity/security/profit objectives; five subactions mapped, without adding extra independent regulatory requirements. Independent educator validation is still required; no question-key approval.","NONE_VERIFIED","PENDING","PENDING","false"
"9.4.5","A_LEVEL_ADDITION","6","44","5","SPLIT_WITH_CHILDREN","ECON-9708-9.4.5-01;ECON-9708-9.4.5-02;ECON-9708-9.4.5-03;ECON-9708-9.4.5-04;ECON-9708-9.4.5-05","Calculate simple deposit or credit multiplier effects || Explain how central-bank instruments alter money creation || Explain how budget-deficit financing affects money supply || Evaluate quantitative easing and its transmission channels || Trace balance-of-payments effects on a domestic money stock","Cambridge Economics 9708 2026-2028 v2 §9.4.5","Official §9.4.5 lists five causes of open-economy money-supply changes: commercial bank credit multiplier, central bank, deficit financing, quantitative easing and BOP changes; five mechanisms proposed. Independent educator validation is still required; no question-key approval.","NONE_VERIFIED","PENDING","PENDING","false"
"9.4.6","A_LEVEL_ADDITION","6","44","1","RETAIN_SINGLE_LEARNING_ACTION","ECON-9708-9.4.6-BASE","Evaluate policies to reduce inflation and their effectiveness","Official Cambridge Economics 9708 2026-2028 v2 §9.4.6; original user-supplied Economics 4e book Ch44; seven-Tour map Tour 6","SOURCE-REVIEW RETAIN: One policy-evaluation outcome. Teacher QA pending, never auto-map question keys.","NONE_VERIFIED","PENDING","PENDING","false"
"9.4.7","A_LEVEL_ADDITION","6","44","4","SPLIT_WITH_CHILDREN","ECON-9708-9.4.7-01;ECON-9708-9.4.7-02;ECON-9708-9.4.7-03;ECON-9708-9.4.7-04","Explain transactions demand for money and its income dependence || Explain precautionary demand for money || Explain speculative demand for money and its interest-rate dependence || Distinguish an income-driven shift of liquidity preference from an interest-rate-driven movement along the money-demand curve","Cambridge Economics 9708 syllabus 2026-2028 v2; section 9.4.7","Original candidate action mapped to official parent. No assertion that legacy practice candidates demonstrate this child skill.","NONE_VERIFIED","PENDING","PENDING","false"
"9.4.8","A_LEVEL_ADDITION","6","44","3","SPLIT_WITH_CHILDREN","ECON-9708-9.4.8-01;ECON-9708-9.4.8-02;ECON-9708-9.4.8-03","Determine an interest rate using Keynesian money demand and money supply || Determine an interest rate using the loanable-funds supply and demand model || Compare the different determinants and assumptions of the Keynesian and loanable-funds theories","Cambridge Economics 9708 syllabus 2026-2028 v2; section 9.4.8","Original candidate action mapped to official parent. No assertion that legacy practice candidates demonstrate this child skill.","NONE_VERIFIED","PENDING","PENDING","false"
"10.1.1","A_LEVEL_ADDITION","6","45","7","SPLIT_WITH_CHILDREN","ECON-9708-10.1.1-01;ECON-9708-10.1.1-02;ECON-9708-10.1.1-03;ECON-9708-10.1.1-04;ECON-9708-10.1.1-05;ECON-9708-10.1.1-06;ECON-9708-10.1.1-07","Explain the price-stability macroeconomic policy objective || Explain the balance-of-payments macroeconomic policy objective || Explain the unemployment macroeconomic policy objective || Explain the economic-growth macroeconomic policy objective || Explain the economic-development macroeconomic policy objective || Explain the sustainability macroeconomic policy objective || Explain income-and-wealth redistribution as a macroeconomic policy objective","Official Cambridge 9708 2026-2028 v2 §10.1.1; uploaded Economics 4th edition","Draft child-specific evidence NOT proven. Parent-question candidates are NOT inherited as verified child evidence.","NONE_VERIFIED","PENDING","PENDING","false"
"10.2.1","A_LEVEL_ADDITION","6","46","1","RETAIN_SINGLE_LEARNING_ACTION","ECON-9708-10.2.1-BASE","Explain the relationship between the internal and external value of money","Official Cambridge Economics 9708 2026-2028 v2 §10.2.1; original user-supplied Economics 4e book Ch46; seven-Tour map Tour 6","SOURCE-REVIEW RETAIN: One economic relationship. Teacher QA pending, never auto-map question keys.","NONE_VERIFIED","PENDING","PENDING","false"
"10.2.2","A_LEVEL_ADDITION","6","46","1","RETAIN_SINGLE_LEARNING_ACTION","ECON-9708-10.2.2-BASE","Explain the relationship between the balance of payments and inflation","Official Cambridge Economics 9708 2026-2028 v2 §10.2.2, supplied Economics 4th edition Chapter 46 / Tour 6","RETAIN_SINGLE: Official point is a single two-way relationship; directional examples are pedagogical details. Scope is provisional, not academic signoff.","NONE_VERIFIED","PENDING","PENDING","false"
"10.2.3","A_LEVEL_ADDITION","6","46","1","RETAIN_SINGLE_LEARNING_ACTION","ECON-9708-10.2.3-BASE","Explain the relationship between economic growth and inflation","Official Cambridge Economics 9708 2026-2028 v2 §10.2.3, supplied Economics 4th edition Chapter 46 / Tour 6","RETAIN_SINGLE: Official point is one relationship, not necessarily two separate policy skills. Scope is provisional, not academic signoff.","NONE_VERIFIED","PENDING","PENDING","false"
"10.2.4","A_LEVEL_ADDITION","6","46","1","RETAIN_SINGLE_LEARNING_ACTION","ECON-9708-10.2.4-BASE","Explain the relationship between growth and the balance of payments","Official Cambridge Economics 9708 2026-2028 v2 §10.2.4, supplied Economics 4th edition Chapter 46 / Tour 6","RETAIN_SINGLE: Official point is one relationship; imports and exports are explanatory channels. Scope is provisional, not academic signoff.","NONE_VERIFIED","PENDING","PENDING","false"
"10.2.5","A_LEVEL_ADDITION","6","46","3","SPLIT_WITH_CHILDREN","ECON-9708-10.2.5-01;ECON-9708-10.2.5-02;ECON-9708-10.2.5-03","Analyse the traditional short-run inflation-unemployment Phillips relationship || Analyse inflation-expectation shifts of the short-run Phillips curve || Analyse the expectations-augmented long-run Phillips curve and the natural unemployment rate","Cambridge Economics 9708 syllabus 2026-2028 v2; section 10.2.5","Original candidate action mapped to official parent. No assertion that legacy practice candidates demonstrate this child skill.","NONE_VERIFIED","PENDING","PENDING","false"
"10.3.1","A_LEVEL_ADDITION","6","47","5","SPLIT_WITH_CHILDREN","ECON-9708-10.3.1-01;ECON-9708-10.3.1-02;ECON-9708-10.3.1-03;ECON-9708-10.3.1-04;ECON-9708-10.3.1-05","Evaluate fiscal policy including Laffer-curve reasoning || Evaluate monetary policy and transmission constraints || Compare market-led and interventionist supply-side policies || Evaluate exchange-rate intervention under stated regimes || Evaluate international trade policy and spillovers","Cambridge Economics 9708 2026-2028 v2 §10.3.1","Official §10.3.1 lists FIVE policy categories for effectiveness against macroeconomic objectives: fiscal (Laffer), monetary, supply-side (market vs interventionist), exchange-rate, trade. Retired the unlisted sixth stand-alone multi-policy skill; AO3 cross-policy judgement remains a valid integrated teaching example. Independent educator validation is still required; no question-key approval.","NONE_VERIFIED","PENDING","PENDING","false"
"10.3.2","A_LEVEL_ADDITION","6","47","1","RETAIN_SINGLE_LEARNING_ACTION","ECON-9708-10.3.2-BASE","Evaluate problems and conflicts arising from outcomes of macroeconomic policy choices","Official Cambridge Economics 9708 (2026–2028) v2 §10.3.2; supplied Economics 4th edition Chapter 47; Tour 6","RETAIN_SINGLE: Official §10.3.2 asks for integrated problems and conflicts; separating particular policy scenarios would create unauthorised mandatory components. No automatic assessment mapping or examiner signoff.","NONE_VERIFIED","PENDING","PENDING","false"
"10.3.3","A_LEVEL_ADDITION","6","47","1","RETAIN_SINGLE_LEARNING_ACTION","ECON-9708-10.3.3-BASE","Evaluate the existence, mechanisms and consequences of macroeconomic government failure","Cambridge 9708 syllabus 2026-2028 v2 §10.3.3; one integrated evaluative/comparative competence","Explicit editorial retain-one decision; no examiner or child-source approval.","NONE_VERIFIED","PENDING","PENDING","false"
"11.1.1","A_LEVEL_ADDITION","7","48","3","SPLIT_WITH_CHILDREN","ECON-9708-11.1.1-01;ECON-9708-11.1.1-02;ECON-9708-11.1.1-03","Identify and classify the current account in the balance of payments || Identify and classify the financial account in the balance of payments || Identify and classify the capital account in the balance of payments","Official Cambridge 9708 2026-2028 v2 §11.1.1; uploaded Economics 4th edition","Draft child-specific evidence NOT proven. Parent-question candidates are NOT inherited as verified child evidence.","NONE_VERIFIED","PENDING","PENDING","false"
"11.1.2","A_LEVEL_ADDITION","7","48","5","SPLIT_WITH_CHILDREN","ECON-9708-11.1.2-01;ECON-9708-11.1.2-02;ECON-9708-11.1.2-03;ECON-9708-11.1.2-04;ECON-9708-11.1.2-05","Analyse effects of fiscal policy on the balance of payments || Analyse effects of monetary policy on the balance of payments || Analyse effects of supply-side policy on the balance of payments || Analyse effects of protectionist policy on the balance of payments || Analyse effects of exchange-rate policy on the balance of payments","Cambridge 9708 syllabus 2026-2028 v2 §11.1.2; listed individual policies/types","Question and answer evidence not inherited. Independent child learning source and comparison assessment still required.","NONE_VERIFIED","PENDING","PENDING","false"
"11.1.3","A_LEVEL_ADDITION","7","48","1","RETAIN_SINGLE_LEARNING_ACTION","ECON-9708-11.1.3-BASE","Distinguish expenditure-switching from expenditure-reducing policies","Official Cambridge Economics 9708 2026-2028 v2 §11.1.3; original user-supplied Economics 4e book Ch48; seven-Tour map Tour 7","SOURCE-REVIEW RETAIN: One paired policy distinction. Teacher QA pending, never auto-map question keys.","NONE_VERIFIED","PENDING","PENDING","false"
"11.2.1","A_LEVEL_ADDITION","7","49","2","SPLIT_WITH_CHILDREN","ECON-9708-11.2.1-02;ECON-9708-11.2.1-03","Distinguish nominal and real exchange rates and interpret competitiveness consequences || Explain how a trade-weighted exchange-rate index is constructed","Cambridge Economics 9708 2026-2028 v2 §11.2.1","Official §11.2.1 specifies TWO measurement dimensions: nominal versus real exchange rates and trade-weighted rates. Collapsed redundant nominal-rate calculation/definition into retained -02, kept independent TWI -03; old unpublished -01 archived. Independent educator validation is still required; no question-key approval.","NONE_VERIFIED","PENDING","PENDING","false"
"11.2.2","A_LEVEL_ADDITION","7","49","2","SPLIT_WITH_CHILDREN","ECON-9708-11.2.2-01;ECON-9708-11.2.2-02","Explain how a fixed exchange rate is determined and maintained || Explain how a managed exchange rate is determined and influenced by intervention","Official Cambridge Economics 9708 2026-2028 v2 §11.2.2, supplied Economics 4th edition Chapter 49 / Tour 7","SPLIT: The official point names fixed and managed systems, with different degrees of policy control. Old parent Practice stem candidates NOT verified for individual child.","NONE_VERIFIED","PENDING","PENDING","false"
"11.2.3","A_LEVEL_ADDITION","7","49","1","RETAIN_SINGLE_LEARNING_ACTION","ECON-9708-11.2.3-BASE","Distinguish revaluation from devaluation under a fixed exchange rate","Official Cambridge Economics 9708 2026-2028 v2 §11.2.3; original user-supplied Economics 4e book Ch49; seven-Tour map Tour 7","SOURCE-REVIEW RETAIN: One paired currency-policy distinction. Teacher QA pending, never auto-map question keys.","NONE_VERIFIED","PENDING","PENDING","false"
"11.2.4","A_LEVEL_ADDITION","7","49","1","RETAIN_SINGLE_LEARNING_ACTION","ECON-9708-11.2.4-BASE","Compare how exchange rates change under different exchange-rate systems","Official Cambridge Economics 9708 2026-2028 v2 §11.2.4, supplied Economics 4th edition Chapter 49 / Tour 7","RETAIN_SINGLE: Official requirement is the comparison of rate changes across systems, rather than new mandatory sub-system tiers. Scope is provisional, not academic signoff.","NONE_VERIFIED","PENDING","PENDING","false"
"11.2.5","A_LEVEL_ADDITION","7","49","2","SPLIT_WITH_CHILDREN","ECON-9708-11.2.5-01;ECON-9708-11.2.5-02","Analyse consequences for the external economy of currency changes using the Marshall-Lerner condition || Analyse the time path of external adjustment after currency changes using J-curve reasoning","Official Cambridge Economics 9708 2026-2028 v2 §11.2.5, supplied Economics 4th edition Chapter 49 / Tour 7","SPLIT: Marshall-Lerner and J-curve are independently examinable mechanisms explicitly named. Old parent Practice stem candidates NOT verified for individual child.","NONE_VERIFIED","PENDING","PENDING","false"
"11.3.1","A_LEVEL_ADDITION","7","50","1","RETAIN_SINGLE_LEARNING_ACTION","ECON-9708-11.3.1-BASE","Classify economies by level of development","Official Cambridge Economics 9708 2026-2028 v2 §11.3.1, supplied Economics 4th edition Chapter 50 / Tour 7","RETAIN_SINGLE: Official Cambridge point is development-level classification, not a separate mandatory multidimensional-stage theory. Scope is provisional, not academic signoff.","NONE_VERIFIED","PENDING","PENDING","false"
"11.3.2","A_LEVEL_ADDITION","7","50","1","RETAIN_SINGLE_LEARNING_ACTION","ECON-9708-11.3.2-BASE","Classify economies by their level of national income","Official Cambridge Economics 9708 2026-2028 v2 §11.3.2; original user-supplied Economics 4e book Ch50; seven-Tour map Tour 7","SOURCE-REVIEW RETAIN: One classification; not the same as level of development (11.3.1). Teacher QA pending, never auto-map question keys.","NONE_VERIFIED","PENDING","PENDING","false"
"11.3.3","A_LEVEL_ADDITION","7","50","7","SPLIT_WITH_CHILDREN","ECON-9708-11.3.3-01;ECON-9708-11.3.3-02;ECON-9708-11.3.3-03;ECON-9708-11.3.3-04;ECON-9708-11.3.3-05;ECON-9708-11.3.3-06;ECON-9708-11.3.3-07","Compare GDP, GNI and NNI per head in real terms || Use purchasing-power parity to compare living standards || Explain the pitfalls of cross-country money-income comparisons || Evaluate nonmonetary development indicators || Explain the structure and interpretation of HDI || Interpret MEW and multidimensional poverty measures || Use Kuznets-curve reasoning and evaluate its assumptions","Cambridge Economics 9708 2026-2028 v2 §11.3.3","Official §11.3.3 lists monetary per-capita measures/PPP, monetary comparison pitfalls, non-monetary indicators, composite indicators HDI/MEW/MPI, and Kuznets curve. Seven child activities organise these themes; do not treat all index variants as unrelated compulsory mastery outcomes. Independent educator validation is still required; no question-key approval.","NONE_VERIFIED","PENDING","PENDING","false"
"11.3.4","A_LEVEL_ADDITION","7","50","2","SPLIT_WITH_CHILDREN","ECON-9708-11.3.4-01;ECON-9708-11.3.4-02","Compare economic growth rates and living standards over time || Compare economic growth rates and living standards between countries","Official Cambridge Economics 9708 (2026–2028) v2 §11.3.4; supplied Economics 4th edition Chapter 50; Tour 7","SPLIT: Official §11.3.4 provides two distinct comparison contexts: time and cross-country. Question evidence not inherited from parent and not independently verified.","NONE_VERIFIED","PENDING","PENDING","false"
"11.4.1","A_LEVEL_ADDITION","7","51","6","SPLIT_WITH_CHILDREN","ECON-9708-11.4.1-01;ECON-9708-11.4.1-02;ECON-9708-11.4.1-03;ECON-9708-11.4.1-04;ECON-9708-11.4.1-05;ECON-9708-11.4.1-06","Measure and explain changes in birth rates || Measure and explain death rates and infant mortality || Measure and explain net migration and population growth || Assess population structure and dependency-related changes || Evaluate the significance of an optimum population concept || Interpret trends in urbanisation and development outcomes","Cambridge Economics 9708 2026-2028 v2 §11.4.1","Official §11.4.1 requires population growth/structure, measurement and causes of rates/migration, optimum population and urbanisation. Six candidates divide demographic calculations/interpretation but require teacher validation for overlap. Independent educator validation is still required; no question-key approval.","NONE_VERIFIED","PENDING","PENDING","false"
"11.4.2","A_LEVEL_ADDITION","7","51","2","SPLIT_WITH_CHILDREN","ECON-9708-11.4.2-01;ECON-9708-11.4.2-02","Interpret a Lorenz curve and identify direction of distributional inequality || Calculate and interpret the Gini coefficient from provided income shares or area information","Cambridge Economics 9708 syllabus 2026-2028 v2; section 11.4.2","Original candidate action mapped to official parent. No assertion that legacy practice candidates demonstrate this child skill.","NONE_VERIFIED","PENDING","PENDING","false"
"11.4.3","A_LEVEL_ADDITION","7","51","2","SPLIT_WITH_CHILDREN","ECON-9708-11.4.3-01;ECON-9708-11.4.3-02","Compare employment composition across primary, secondary and tertiary sectors at different development levels || Compare the pattern of international trade across countries at different stages of development","Official Cambridge Economics 9708 (2026–2028) v2 §11.4.3; supplied Economics 4th edition Chapter 51; Tour 7","SPLIT: Official §11.4.3 explicitly separates employment-sector composition and pattern of trade. Question evidence not inherited from parent and not independently verified.","NONE_VERIFIED","PENDING","PENDING","false"
"11.5.1","A_LEVEL_ADDITION","7","52","4","SPLIT_WITH_CHILDREN","ECON-9708-11.5.1-01;ECON-9708-11.5.1-02;ECON-9708-11.5.1-03;ECON-9708-11.5.1-04","Classify bilateral, multilateral, project and humanitarian aid || Explain donors' economic and non-economic motives || Compare aid's potential effects on households and economic structures || Evaluate how aid effectiveness depends on context and institutions","Cambridge Economics 9708 2026-2028 v2 §11.5.1","Official §11.5.1 lists forms, reasons, effects and importance of international aid; four candidate tasks align with those four dimensions. Independent educator validation is still required; no question-key approval.","NONE_VERIFIED","PENDING","PENDING","false"
"11.5.2","A_LEVEL_ADDITION","7","52","2","SPLIT_WITH_CHILDREN","ECON-9708-11.5.2-01;ECON-9708-11.5.2-02","Explain international trade in relationships between economies at different development levels || Explain the role of international investment in relationships between economies at different development levels","Official Cambridge Economics 9708 (2026–2028) v2 §11.5.2; supplied Economics 4th edition Chapter 52; Tour 7","SPLIT: Official §11.5.2 names trade and investment. Precise FDI concepts/consequences assessed separately in §11.5.4. Question evidence not inherited from parent and not independently verified.","NONE_VERIFIED","PENDING","PENDING","false"
"11.5.3","A_LEVEL_ADDITION","7","52","3","SPLIT_WITH_CHILDREN","ECON-9708-11.5.3-01;ECON-9708-11.5.3-02;ECON-9708-11.5.3-03","Define a multinational company (MNC) || Identify and explain the activities of multinational companies || Evaluate consequences of MNCs for host and home economies","Cambridge Economics 9708 syllabus 2026-2028 v2; section 11.5.3","Original candidate action mapped to official parent. No assertion that legacy practice candidates demonstrate this child skill.","NONE_VERIFIED","PENDING","PENDING","false"
"11.5.4","A_LEVEL_ADDITION","7","52","2","SPLIT_WITH_CHILDREN","ECON-9708-11.5.4-01;ECON-9708-11.5.4-02","Define foreign direct investment (FDI) under the official syllabus, without requiring a portfolio-investment comparison || Evaluate potential host- and home-economy consequences of FDI","Cambridge Economics 9708 syllabus 2026-2028 v2; section 11.5.4","Original candidate action mapped to official parent. No assertion that legacy practice candidates demonstrate this child skill.","NONE_VERIFIED","PENDING","PENDING","false"
"11.5.5","A_LEVEL_ADDITION","7","52","2","SPLIT_WITH_CHILDREN","ECON-9708-11.5.5-01;ECON-9708-11.5.5-02","Explain economic causes of external debt accumulation || Evaluate consequences of external debt for growth and domestic policy","Cambridge Economics 9708 syllabus 2026-2028 v2; section 11.5.5","Original candidate action mapped to official parent. No assertion that legacy practice candidates demonstrate this child skill.","NONE_VERIFIED","PENDING","PENDING","false"
"11.5.6","A_LEVEL_ADDITION","7","52","1","RETAIN_SINGLE_LEARNING_ACTION","ECON-9708-11.5.6-BASE","Explain the role of the International Monetary Fund in economic development and international stability","Official Cambridge Economics 9708 2026-2028 v2 §11.5.6, supplied Economics 4th edition Chapter 52 / Tour 7","RETAIN_SINGLE: Official numbered point only specifies the IMF's role; lending and conditionality are contextual details rather than separately compulsory outcomes. Scope is provisional, not academic signoff.","NONE_VERIFIED","PENDING","PENDING","false"
"11.5.7","A_LEVEL_ADDITION","7","52","1","RETAIN_SINGLE_LEARNING_ACTION","ECON-9708-11.5.7-BASE","Explain the role of the World Bank in economic development","Official Cambridge Economics 9708 (2026–2028) v2 §11.5.7; supplied Economics 4th edition Chapter 52; Tour 7","RETAIN_SINGLE: Official §11.5.7 is a single institutional role outcome; Bank-specific program details are contextual explanations, not standalone compulsory Cambridge skills. No automatic assessment mapping or examiner signoff.","NONE_VERIFIED","PENDING","PENDING","false"
"11.6.1","A_LEVEL_ADDITION","7","53","3","SPLIT_WITH_CHILDREN","ECON-9708-11.6.1-01;ECON-9708-11.6.1-02;ECON-9708-11.6.1-03","Define economic globalisation || Explain trade, technology, investment and institutional causes of globalisation || Evaluate benefits and costs of globalisation for different economies and groups","Cambridge Economics 9708 syllabus 2026-2028 v2; section 11.6.1","Original candidate action mapped to official parent. No assertion that legacy practice candidates demonstrate this child skill.","NONE_VERIFIED","PENDING","PENDING","false"
"11.6.2","A_LEVEL_ADDITION","7","53","5","SPLIT_WITH_CHILDREN","ECON-9708-11.6.2-01;ECON-9708-11.6.2-02;ECON-9708-11.6.2-03;ECON-9708-11.6.2-04;ECON-9708-11.6.2-05","Define free trade area and its independent external tariff policy || Define customs union and its common external trade tariff || Define monetary union and its shared monetary arrangements || Define full economic union and its deeper market and policy integration || Compare the four forms of integration, recognising that a currency union alone does not imply full economic union","Cambridge 9708 syllabus 2026-2028 v2 §11.6.2; listed individual policies/types","Question and answer evidence not inherited. Independent child learning source and comparison assessment still required.","NONE_VERIFIED","PENDING","PENDING","false"
"11.6.3","A_LEVEL_ADDITION","7","53","2","SPLIT_WITH_CHILDREN","ECON-9708-11.6.3-01;ECON-9708-11.6.3-02","Explain trade creation in an integrated trading area || Explain trade diversion in an integrated trading area","Official Cambridge Economics 9708 2026-2028 v2 §11.6.3, supplied Economics 4th edition Chapter 53 / Tour 7","SPLIT: These are two different integration outcomes explicitly identified in the syllabus. Old parent Practice stem candidates NOT verified for individual child.","NONE_VERIFIED","PENDING","PENDING","false"
