"record_version","provisional_skill_key","official_syllabus_point","qualification_level","tour_no","book_chapter","draft_action_type","original_english_draft_action","evidence_type_draft","parent_practice_question_candidates_unverified","verified_precise_question_ids","academic_status","ru_status","uz_status","runtime_allowed","source_authority","parent_stem_review","parent_evidence_candidate_ids","parent_evidence_sources","parent_evidence_limitations","assessment_content_guard","draft_provenance_note","atomic_parent_review_basis","superseded_unpublished_base_key","draft_child_scope_note"
"v8_2026_10_09","ECON-9708-1.1.1-BASE","1.1.1","AS","1","1","one_to_one_placeholder","Recognise resource scarcity against competing wants","not_classified","1068;1064","NONE_VERIFIED","needs_atomicity_and_source_qa","not_started","not_started","false","Cambridge Economics 9708 2026-2028 v2 §1.1.1","unreviewed_practice_candidates","1068;1064","ORIGINAL_IN_TOUR_PRACTICE_CANDIDATES","No stem/answer validation claimed in this v3 enrichment.","CHECK_SOURCE_RIGHTS_AND_SCOPE","Prior 7-Tour candidate map; not semantic evidence.","","",""
"v8_2026_10_09","ECON-9708-1.1.2-BASE","1.1.2","AS","1","1","one_to_one_placeholder","Explain choices by people, businesses and governments","not_classified","1084","NONE_VERIFIED","needs_atomicity_and_source_qa","not_started","not_started","false","Cambridge Economics 9708 2026-2028 v2 §1.1.2","unreviewed_practice_candidates","1084","ORIGINAL_IN_TOUR_PRACTICE_CANDIDATES","No stem/answer validation claimed in this v3 enrichment.","CHECK_SOURCE_RIGHTS_AND_SCOPE","Prior 7-Tour candidate map; not semantic evidence.","","",""
"v8_2026_10_09","ECON-9708-1.1.3-BASE","1.1.3","AS","1","1","one_to_one_placeholder","Identify the next-best alternative sacrificed by a choice","not_classified","1013;1089","NONE_VERIFIED","needs_atomicity_and_source_qa","not_started","not_started","false","Cambridge Economics 9708 2026-2028 v2 §1.1.3","unreviewed_practice_candidates","1013;1089","ORIGINAL_IN_TOUR_PRACTICE_CANDIDATES","No stem/answer validation claimed in this v3 enrichment.","CHECK_SOURCE_RIGHTS_AND_SCOPE","Prior 7-Tour candidate map; not semantic evidence.","","",""
"v8_2026_10_09","ECON-9708-1.1.4-01","1.1.4","AS","1","1","provisional_split","Explain choice of which goods/services to produce","explanation","","NONE_VERIFIED","needs_academic_and_evidence_review","not_started","not_started","false","Cambridge Economics 9708 2026-2028 v2 §1.1.4","aligned","5477;5472","Q5477 [Tour S2 T1]; Q5472 [Tour S2 T1]","Resource-allocation choices; questions in Season 2 Tour 1","REVIEW_ELIGIBILITY_REQUIRED","Manual English-stem triage of previous 61 no-in-tour-candidate parent points. This is NOT verified correct answer/skill evidence.","","",""
"v8_2026_10_09","ECON-9708-1.1.4-02","1.1.4","AS","1","1","provisional_split","Explain selection of production methods and factor mix","case","","NONE_VERIFIED","needs_academic_and_evidence_review","not_started","not_started","false","Cambridge Economics 9708 2026-2028 v2 §1.1.4","aligned","5477;5472","Q5477 [Tour S2 T1]; Q5472 [Tour S2 T1]","Resource-allocation choices; questions in Season 2 Tour 1","REVIEW_ELIGIBILITY_REQUIRED","Manual English-stem triage of previous 61 no-in-tour-candidate parent points. This is NOT verified correct answer/skill evidence.","","",""
"v8_2026_10_09","ECON-9708-1.1.4-03","1.1.4","AS","1","1","provisional_split","Explain for whom goods/services are produced and distributed","case","","NONE_VERIFIED","needs_academic_and_evidence_review","not_started","not_started","false","Cambridge Economics 9708 2026-2028 v2 §1.1.4","aligned","5477;5472","Q5477 [Tour S2 T1]; Q5472 [Tour S2 T1]","Resource-allocation choices; questions in Season 2 Tour 1","REVIEW_ELIGIBILITY_REQUIRED","Manual English-stem triage of previous 61 no-in-tour-candidate parent points. This is NOT verified correct answer/skill evidence.","","",""
"v8_2026_10_09","ECON-9708-1.2.1-BASE","1.2.1","AS","1","2","one_to_one_placeholder","Explain what makes economics a social science","not_classified","","NONE_VERIFIED","needs_atomicity_and_source_qa","not_started","not_started","false","Cambridge Economics 9708 2026-2028 v2 §1.2.1","partial","5478","Q5478 [Tour S2 T1]","Inductive reasoning only, not complete economics-as-social-science methodology","REVIEW_ELIGIBILITY_REQUIRED","Manual English-stem triage of previous 61 no-in-tour-candidate parent points. This is NOT verified correct answer/skill evidence.","","",""
"v8_2026_10_09","ECON-9708-1.2.2-BASE","1.2.2","AS","1","2","one_to_one_placeholder","Distinguish testable positive claims from normative value claims","not_classified","1129","NONE_VERIFIED","needs_atomicity_and_source_qa","not_started","not_started","false","Cambridge Economics 9708 2026-2028 v2 §1.2.2","unreviewed_practice_candidates","1129","ORIGINAL_IN_TOUR_PRACTICE_CANDIDATES","No stem/answer validation claimed in this v3 enrichment.","CHECK_SOURCE_RIGHTS_AND_SCOPE","Prior 7-Tour candidate map; not semantic evidence.","","",""
"v8_2026_10_09","ECON-9708-1.2.3-BASE","1.2.3","AS","1","2","one_to_one_placeholder","Use the other-things-equal assumption correctly","not_classified","1118","NONE_VERIFIED","needs_atomicity_and_source_qa","not_started","not_started","false","Cambridge Economics 9708 2026-2028 v2 §1.2.3","unreviewed_practice_candidates","1118","ORIGINAL_IN_TOUR_PRACTICE_CANDIDATES","No stem/answer validation claimed in this v3 enrichment.","CHECK_SOURCE_RIGHTS_AND_SCOPE","Prior 7-Tour candidate map; not semantic evidence.","","",""
"v8_2026_10_09","ECON-9708-1.2.4-BASE","1.2.4","AS","1","2","one_to_one_placeholder","Choose appropriate short-, long- and very-long-run frames","not_classified","","NONE_VERIFIED","needs_atomicity_and_source_qa","not_started","not_started","false","Cambridge Economics 9708 2026-2028 v2 §1.2.4","aligned","5470","Q5470 [Tour S2 T1]","Short run versus long run decision context","REVIEW_ELIGIBILITY_REQUIRED","Manual English-stem triage of previous 61 no-in-tour-candidate parent points. This is NOT verified correct answer/skill evidence.","","",""
"v8_2026_10_09","ECON-9708-1.3.1-01","1.3.1","AS","1","3","provisional_split","Define land as a productive resource","explanation","","NONE_VERIFIED","needs_academic_and_evidence_review","not_started","not_started","false","Cambridge Economics 9708 2026-2028 v2 §1.3.1","partial","1015","Q1015 [Tour S1 T1]","Enterprise as one factor only; other factors not fully tested","REVIEW_ELIGIBILITY_REQUIRED","Manual English-stem triage of previous 61 no-in-tour-candidate parent points. This is NOT verified correct answer/skill evidence.","","",""
"v8_2026_10_09","ECON-9708-1.3.1-02","1.3.1","AS","1","3","provisional_split","Define labour as a productive resource","explanation","","NONE_VERIFIED","needs_academic_and_evidence_review","not_started","not_started","false","Cambridge Economics 9708 2026-2028 v2 §1.3.1","partial","1015","Q1015 [Tour S1 T1]","Enterprise as one factor only; other factors not fully tested","REVIEW_ELIGIBILITY_REQUIRED","Manual English-stem triage of previous 61 no-in-tour-candidate parent points. This is NOT verified correct answer/skill evidence.","","",""
"v8_2026_10_09","ECON-9708-1.3.1-03","1.3.1","AS","1","3","provisional_split","Define physical capital as a productive resource","explanation","","NONE_VERIFIED","needs_academic_and_evidence_review","not_started","not_started","false","Cambridge Economics 9708 2026-2028 v2 §1.3.1","partial","1015","Q1015 [Tour S1 T1]","Enterprise as one factor only; other factors not fully tested","REVIEW_ELIGIBILITY_REQUIRED","Manual English-stem triage of previous 61 no-in-tour-candidate parent points. This is NOT verified correct answer/skill evidence.","","",""
"v8_2026_10_09","ECON-9708-1.3.1-04","1.3.1","AS","1","3","provisional_split","Explain entrepreneurship as a productive factor","explanation","","NONE_VERIFIED","needs_academic_and_evidence_review","not_started","not_started","false","Cambridge Economics 9708 2026-2028 v2 §1.3.1","partial","1015","Q1015 [Tour S1 T1]","Enterprise as one factor only; other factors not fully tested","REVIEW_ELIGIBILITY_REQUIRED","Manual English-stem triage of previous 61 no-in-tour-candidate parent points. This is NOT verified correct answer/skill evidence.","","",""
"v8_2026_10_09","ECON-9708-1.3.2-BASE","1.3.2","AS","1","3","one_to_one_placeholder","Compare skills-based human capital with physical capital","not_classified","","NONE_VERIFIED","needs_atomicity_and_source_qa","not_started","not_started","false","Cambridge Economics 9708 2026-2028 v2 §1.3.2","partial","5469","Q5469 [Tour S2 T1]","Human-capital training only; no explicit physical-capital contrast","REVIEW_ELIGIBILITY_REQUIRED","Manual English-stem triage of previous 61 no-in-tour-candidate parent points. This is NOT verified correct answer/skill evidence.","","",""
"v8_2026_10_09","ECON-9708-1.3.3-BASE","1.3.3","AS","1","3","one_to_one_placeholder","Associate each factor of production with its income reward","not_classified","1066;1067;1135","NONE_VERIFIED","needs_atomicity_and_source_qa","not_started","not_started","false","Cambridge Economics 9708 2026-2028 v2 §1.3.3","unreviewed_practice_candidates","1066;1067;1135","ORIGINAL_IN_TOUR_PRACTICE_CANDIDATES","No stem/answer validation claimed in this v3 enrichment.","CHECK_SOURCE_RIGHTS_AND_SCOPE","Prior 7-Tour candidate map; not semantic evidence.","","",""
"v8_2026_10_09","ECON-9708-1.3.4-BASE","1.3.4","AS","1","3","one_to_one_placeholder","Explain benefits and limits of specialised production","not_classified","","NONE_VERIFIED","needs_atomicity_and_source_qa","not_started","not_started","false","Cambridge Economics 9708 2026-2028 v2 §1.3.4","aligned","5480","Q5480 [Tour S2 T1]","Division of labour, productivity and monotony","REVIEW_ELIGIBILITY_REQUIRED","Manual English-stem triage of previous 61 no-in-tour-candidate parent points. This is NOT verified correct answer/skill evidence.","","",""
"v8_2026_10_09","ECON-9708-1.3.5-BASE","1.3.5","AS","1","3","one_to_one_placeholder","Explain entrepreneurial coordination and risk-taking","not_classified","","NONE_VERIFIED","needs_atomicity_and_source_qa","not_started","not_started","false","Cambridge Economics 9708 2026-2028 v2 §1.3.5","aligned","1101","Q1101 [Tour S1 T1]","Entrepreneurial coordination and financial risk","REVIEW_ELIGIBILITY_REQUIRED","Manual English-stem triage of previous 61 no-in-tour-candidate parent points. This is NOT verified correct answer/skill evidence.","","",""
"v8_2026_10_09","ECON-9708-1.4.1-BASE","1.4.1","AS","1","4","one_to_one_placeholder","Compare who makes allocation decisions across economic systems","not_classified","1131","NONE_VERIFIED","needs_atomicity_and_source_qa","not_started","not_started","false","Cambridge Economics 9708 2026-2028 v2 §1.4.1","unreviewed_practice_candidates","1131","ORIGINAL_IN_TOUR_PRACTICE_CANDIDATES","No stem/answer validation claimed in this v3 enrichment.","CHECK_SOURCE_RIGHTS_AND_SCOPE","Prior 7-Tour candidate map; not semantic evidence.","","",""
"v8_2026_10_09","ECON-9708-1.4.2-BASE","1.4.2","AS","1","4","source_scoped_integrated_single_provisional","Compare resource allocation in market, planned and mixed economic systems","not_classified","1102;1109;1122","NONE_VERIFIED","provisional_source_scope_teacher_signoff_pending","not_started","not_started","false","Cambridge Economics 9708 2026-2028 v2 §1.4.2","unreviewed_practice_candidates","1102;1109;1122","ORIGINAL_IN_TOUR_PRACTICE_CANDIDATES","No stem/answer validation claimed in this v3 enrichment.","CHECK_SOURCE_RIGHTS_AND_SCOPE","Prior 7-Tour candidate map; not semantic evidence.","Cambridge Economics 9708 v2 (2026-2028) §1.4.2; uploaded Economics 4th edition Ch4; Tour 1","","Retain one: The official item is resource allocation, not a new general mandatory policy evaluation.. No question link or academic approval."
"v8_2026_10_09","ECON-9708-1.5.1-BASE","1.5.1","AS","1","5","one_to_one_placeholder","Read and sketch a production possibility frontier","not_classified","1116","NONE_VERIFIED","needs_atomicity_and_source_qa","not_started","not_started","false","Cambridge Economics 9708 2026-2028 v2 §1.5.1","unreviewed_practice_candidates","1116","ORIGINAL_IN_TOUR_PRACTICE_CANDIDATES","No stem/answer validation claimed in this v3 enrichment.","CHECK_SOURCE_RIGHTS_AND_SCOPE","Prior 7-Tour candidate map; not semantic evidence.","","",""
"v8_2026_10_09","ECON-9708-1.5.2-01","1.5.2","AS","1","5","provisional_split","Interpret a straight PPC in terms of constant opportunity cost","diagram","","NONE_VERIFIED","needs_academic_and_evidence_review","not_started","not_started","false","Cambridge Economics 9708 2026-2028 v2 §1.5.2","aligned","1091","Q1091 [Tour S1 T1]","Bowed-out PPC reasoning","REVIEW_ELIGIBILITY_REQUIRED","Manual English-stem triage of previous 61 no-in-tour-candidate parent points. This is NOT verified correct answer/skill evidence.","","",""
"v8_2026_10_09","ECON-9708-1.5.2-02","1.5.2","AS","1","5","provisional_split","Interpret an outward-bowed PPC in terms of increasing opportunity cost","diagram","","NONE_VERIFIED","needs_academic_and_evidence_review","not_started","not_started","false","Cambridge Economics 9708 2026-2028 v2 §1.5.2","aligned","1091","Q1091 [Tour S1 T1]","Bowed-out PPC reasoning","REVIEW_ELIGIBILITY_REQUIRED","Manual English-stem triage of previous 61 no-in-tour-candidate parent points. This is NOT verified correct answer/skill evidence.","","",""
"v8_2026_10_09","ECON-9708-1.5.3-BASE","1.5.3","AS","1","5","one_to_one_placeholder","Identify and reason about inward/outward PPC shifts","not_classified","1090","NONE_VERIFIED","needs_atomicity_and_source_qa","not_started","not_started","false","Cambridge Economics 9708 2026-2028 v2 §1.5.3","unreviewed_practice_candidates","1090","ORIGINAL_IN_TOUR_PRACTICE_CANDIDATES","No stem/answer validation claimed in this v3 enrichment.","CHECK_SOURCE_RIGHTS_AND_SCOPE","Prior 7-Tour candidate map; not semantic evidence.","","",""
"v8_2026_10_09","ECON-9708-1.5.4-BASE","1.5.4","AS","1","5","one_to_one_placeholder","Interpret feasible, efficient and currently unattainable points on a PPC","not_classified","","NONE_VERIFIED","needs_atomicity_and_source_qa","not_started","not_started","false","Cambridge Economics 9708 2026-2028 v2 §1.5.4","aligned","5474;5487","Q5474 [Tour S2 T1]; Q5487 [Tour S2 T1]","PPC feasibility and productive utilisation examples","REVIEW_ELIGIBILITY_REQUIRED","Manual English-stem triage of previous 61 no-in-tour-candidate parent points. This is NOT verified correct answer/skill evidence.","","",""
"v8_2026_10_09","ECON-9708-1.6.1-BASE","1.6.1","AS","1","6","one_to_one_placeholder","Distinguish free goods from scarce privately consumed goods","not_classified","","NONE_VERIFIED","needs_atomicity_and_source_qa","not_started","not_started","false","Cambridge Economics 9708 2026-2028 v2 §1.6.1","none","","","No explicit free-versus-economic-goods question found","CHECK_SOURCE_RIGHTS_AND_SCOPE","Manual English-stem triage of previous 61 no-in-tour-candidate parent points. This is NOT verified correct answer/skill evidence.","","",""
"v8_2026_10_09","ECON-9708-1.6.2-BASE","1.6.2","AS","1","6","one_to_one_placeholder","Apply non-excludability/non-rivalry to identify public goods","not_classified","1111;1123;1136","NONE_VERIFIED","needs_atomicity_and_source_qa","not_started","not_started","false","Cambridge Economics 9708 2026-2028 v2 §1.6.2","unreviewed_practice_candidates","1111;1123;1136","ORIGINAL_IN_TOUR_PRACTICE_CANDIDATES","No stem/answer validation claimed in this v3 enrichment.","CHECK_SOURCE_RIGHTS_AND_SCOPE","Prior 7-Tour candidate map; not semantic evidence.","","",""
"v8_2026_10_09","ECON-9708-1.6.3-BASE","1.6.3","AS","1","6","one_to_one_placeholder","Explain under-consumption of merit goods under imperfect information","not_classified","1100","NONE_VERIFIED","needs_atomicity_and_source_qa","not_started","not_started","false","Cambridge Economics 9708 2026-2028 v2 §1.6.3","unreviewed_practice_candidates","1100","ORIGINAL_IN_TOUR_PRACTICE_CANDIDATES","No stem/answer validation claimed in this v3 enrichment.","CHECK_SOURCE_RIGHTS_AND_SCOPE","Prior 7-Tour candidate map; not semantic evidence.","","",""
"v8_2026_10_09","ECON-9708-1.6.4-BASE","1.6.4","AS","1","6","one_to_one_placeholder","Explain over-consumption of demerit goods under imperfect information","not_classified","1124","NONE_VERIFIED","needs_atomicity_and_source_qa","not_started","not_started","false","Cambridge Economics 9708 2026-2028 v2 §1.6.4","unreviewed_practice_candidates","1124","ORIGINAL_IN_TOUR_PRACTICE_CANDIDATES","No stem/answer validation claimed in this v3 enrichment.","CHECK_SOURCE_RIGHTS_AND_SCOPE","Prior 7-Tour candidate map; not semantic evidence.","","",""
"v8_2026_10_09","ECON-9708-2.1.1-BASE","2.1.1","AS","1","7","one_to_one_placeholder","Identify effective demand backed by ability and willingness to pay","not_classified","","NONE_VERIFIED","needs_atomicity_and_source_qa","not_started","not_started","false","Cambridge Economics 9708 2026-2028 v2 §2.1.1","aligned","5476","Q5476 [bank only]","Effective demand requires purchasing power","CHECK_SOURCE_RIGHTS_AND_SCOPE","Manual English-stem triage of previous 61 no-in-tour-candidate parent points. This is NOT verified correct answer/skill evidence.","","",""
"v8_2026_10_09","ECON-9708-2.1.2-BASE","2.1.2","AS","1","7","one_to_one_placeholder","Build individual and aggregate market demand/supply schedules","not_classified","1030","NONE_VERIFIED","needs_atomicity_and_source_qa","not_started","not_started","false","Cambridge Economics 9708 2026-2028 v2 §2.1.2","unreviewed_practice_candidates","1030","ORIGINAL_IN_TOUR_PRACTICE_CANDIDATES","No stem/answer validation claimed in this v3 enrichment.","CHECK_SOURCE_RIGHTS_AND_SCOPE","Prior 7-Tour candidate map; not semantic evidence.","","",""
"v8_2026_10_09","ECON-9708-2.1.3-BASE","2.1.3","AS","1","7","one_to_one_placeholder","Classify and apply demand determinants","not_classified","1021;1071;1085;1092","NONE_VERIFIED","needs_atomicity_and_source_qa","not_started","not_started","false","Cambridge Economics 9708 2026-2028 v2 §2.1.3","unreviewed_practice_candidates","1021;1071;1085;1092","ORIGINAL_IN_TOUR_PRACTICE_CANDIDATES","No stem/answer validation claimed in this v3 enrichment.","CHECK_SOURCE_RIGHTS_AND_SCOPE","Prior 7-Tour candidate map; not semantic evidence.","","",""
"v8_2026_10_09","ECON-9708-2.1.4-BASE","2.1.4","AS","1","7","one_to_one_placeholder","Classify and apply supply determinants","not_classified","1072;1093","NONE_VERIFIED","needs_atomicity_and_source_qa","not_started","not_started","false","Cambridge Economics 9708 2026-2028 v2 §2.1.4","unreviewed_practice_candidates","1072;1093","ORIGINAL_IN_TOUR_PRACTICE_CANDIDATES","No stem/answer validation claimed in this v3 enrichment.","CHECK_SOURCE_RIGHTS_AND_SCOPE","Prior 7-Tour candidate map; not semantic evidence.","","",""
"v8_2026_10_09","ECON-9708-2.1.5-BASE","2.1.5","AS","1","7","one_to_one_placeholder","Predict demand-curve shifts from non-price events","not_classified","1070;1092","NONE_VERIFIED","needs_atomicity_and_source_qa","not_started","not_started","false","Cambridge Economics 9708 2026-2028 v2 §2.1.5","unreviewed_practice_candidates","1070;1092","ORIGINAL_IN_TOUR_PRACTICE_CANDIDATES","No stem/answer validation claimed in this v3 enrichment.","CHECK_SOURCE_RIGHTS_AND_SCOPE","Prior 7-Tour candidate map; not semantic evidence.","","",""
"v8_2026_10_09","ECON-9708-2.1.6-BASE","2.1.6","AS","1","7","one_to_one_placeholder","Predict supply-curve shifts from non-price events","not_classified","1072;1093","NONE_VERIFIED","needs_atomicity_and_source_qa","not_started","not_started","false","Cambridge Economics 9708 2026-2028 v2 §2.1.6","unreviewed_practice_candidates","1072;1093","ORIGINAL_IN_TOUR_PRACTICE_CANDIDATES","No stem/answer validation claimed in this v3 enrichment.","CHECK_SOURCE_RIGHTS_AND_SCOPE","Prior 7-Tour candidate map; not semantic evidence.","","",""
"v8_2026_10_09","ECON-9708-2.1.7-BASE","2.1.7","AS","1","7","one_to_one_placeholder","Separate movement along a curve from shifting the whole curve","not_classified","1020","NONE_VERIFIED","needs_atomicity_and_source_qa","not_started","not_started","false","Cambridge Economics 9708 2026-2028 v2 §2.1.7","unreviewed_practice_candidates","1020","ORIGINAL_IN_TOUR_PRACTICE_CANDIDATES","No stem/answer validation claimed in this v3 enrichment.","CHECK_SOURCE_RIGHTS_AND_SCOPE","Prior 7-Tour candidate map; not semantic evidence.","","",""
"v8_2026_10_09","ECON-9708-2.2.1-01","2.2.1","AS","1","8","provisional_split","Define price elasticity of demand with the correct directional ratio","explanation","1023;1024;1078","NONE_VERIFIED","needs_academic_and_evidence_review","not_started","not_started","false","Cambridge Economics 9708 2026-2028 v2 §2.2.1","unreviewed_practice_candidates","1023;1024;1078","ORIGINAL_IN_TOUR_PRACTICE_CANDIDATES","No stem/answer validation claimed in this v3 enrichment.","CHECK_SOURCE_RIGHTS_AND_SCOPE","Prior 7-Tour candidate map; not semantic evidence.","","",""
"v8_2026_10_09","ECON-9708-2.2.1-02","2.2.1","AS","1","8","provisional_split","Define income elasticity of demand using income and quantity changes","explanation","1023;1024;1078","NONE_VERIFIED","needs_academic_and_evidence_review","not_started","not_started","false","Cambridge Economics 9708 2026-2028 v2 §2.2.1","unreviewed_practice_candidates","1023;1024;1078","ORIGINAL_IN_TOUR_PRACTICE_CANDIDATES","No stem/answer validation claimed in this v3 enrichment.","CHECK_SOURCE_RIGHTS_AND_SCOPE","Prior 7-Tour candidate map; not semantic evidence.","","",""
"v8_2026_10_09","ECON-9708-2.2.1-03","2.2.1","AS","1","8","provisional_split","Define cross elasticity of demand for two related goods","explanation","1023;1024;1078","NONE_VERIFIED","needs_academic_and_evidence_review","not_started","not_started","false","Cambridge Economics 9708 2026-2028 v2 §2.2.1","unreviewed_practice_candidates","1023;1024;1078","ORIGINAL_IN_TOUR_PRACTICE_CANDIDATES","No stem/answer validation claimed in this v3 enrichment.","CHECK_SOURCE_RIGHTS_AND_SCOPE","Prior 7-Tour candidate map; not semantic evidence.","","",""
"v8_2026_10_09","ECON-9708-2.2.2-01","2.2.2","AS","1","8","provisional_split","Calculate price elasticity of demand from percentage changes","quantitative","1094","NONE_VERIFIED","needs_academic_and_evidence_review","not_started","not_started","false","Cambridge Economics 9708 2026-2028 v2 §2.2.2","unreviewed_practice_candidates","1094","ORIGINAL_IN_TOUR_PRACTICE_CANDIDATES","No stem/answer validation claimed in this v3 enrichment.","CHECK_SOURCE_RIGHTS_AND_SCOPE","Prior 7-Tour candidate map; not semantic evidence.","","",""
"v8_2026_10_09","ECON-9708-2.2.2-02","2.2.2","AS","1","8","provisional_split","Calculate income elasticity of demand from data","quantitative","1094","NONE_VERIFIED","needs_academic_and_evidence_review","not_started","not_started","false","Cambridge Economics 9708 2026-2028 v2 §2.2.2","unreviewed_practice_candidates","1094","ORIGINAL_IN_TOUR_PRACTICE_CANDIDATES","No stem/answer validation claimed in this v3 enrichment.","CHECK_SOURCE_RIGHTS_AND_SCOPE","Prior 7-Tour candidate map; not semantic evidence.","","",""
"v8_2026_10_09","ECON-9708-2.2.2-03","2.2.2","AS","1","8","provisional_split","Calculate cross elasticity of demand from two products","quantitative","1094","NONE_VERIFIED","needs_academic_and_evidence_review","not_started","not_started","false","Cambridge Economics 9708 2026-2028 v2 §2.2.2","unreviewed_practice_candidates","1094","ORIGINAL_IN_TOUR_PRACTICE_CANDIDATES","No stem/answer validation claimed in this v3 enrichment.","CHECK_SOURCE_RIGHTS_AND_SCOPE","Prior 7-Tour candidate map; not semantic evidence.","","",""
"v8_2026_10_09","ECON-9708-2.2.3-01","2.2.3","AS","1","8","provisional_split","Classify PED magnitude and interpret associated responsiveness","quantitative","1023;1024;1078","NONE_VERIFIED","needs_academic_and_evidence_review","not_started","not_started","false","Cambridge Economics 9708 2026-2028 v2 §2.2.3","unreviewed_practice_candidates","1023;1024;1078","ORIGINAL_IN_TOUR_PRACTICE_CANDIDATES","No stem/answer validation claimed in this v3 enrichment.","CHECK_SOURCE_RIGHTS_AND_SCOPE","Prior 7-Tour candidate map; not semantic evidence.","","",""
"v8_2026_10_09","ECON-9708-2.2.3-02","2.2.3","AS","1","8","provisional_split","Interpret YED sign and magnitude for normal and inferior goods","quantitative","1023;1024;1078","NONE_VERIFIED","needs_academic_and_evidence_review","not_started","not_started","false","Cambridge Economics 9708 2026-2028 v2 §2.2.3","unreviewed_practice_candidates","1023;1024;1078","ORIGINAL_IN_TOUR_PRACTICE_CANDIDATES","No stem/answer validation claimed in this v3 enrichment.","CHECK_SOURCE_RIGHTS_AND_SCOPE","Prior 7-Tour candidate map; not semantic evidence.","","",""
"v8_2026_10_09","ECON-9708-2.2.3-03","2.2.3","AS","1","8","provisional_split","Use XED sign and magnitude to distinguish substitutes and complements","quantitative","1023;1024;1078","NONE_VERIFIED","needs_academic_and_evidence_review","not_started","not_started","false","Cambridge Economics 9708 2026-2028 v2 §2.2.3","unreviewed_practice_candidates","1023;1024;1078","ORIGINAL_IN_TOUR_PRACTICE_CANDIDATES","No stem/answer validation claimed in this v3 enrichment.","CHECK_SOURCE_RIGHTS_AND_SCOPE","Prior 7-Tour candidate map; not semantic evidence.","","",""
"v8_2026_10_09","ECON-9708-2.2.4-BASE","2.2.4","AS","1","8","one_to_one_placeholder","Classify perfectly elastic through perfectly inelastic cases","not_classified","1077","NONE_VERIFIED","needs_atomicity_and_source_qa","not_started","not_started","false","Cambridge Economics 9708 2026-2028 v2 §2.2.4","unreviewed_practice_candidates","1077","ORIGINAL_IN_TOUR_PRACTICE_CANDIDATES","No stem/answer validation claimed in this v3 enrichment.","CHECK_SOURCE_RIGHTS_AND_SCOPE","Prior 7-Tour candidate map; not semantic evidence.","","",""
"v8_2026_10_09","ECON-9708-2.2.5-BASE","2.2.5","AS","1","8","one_to_one_placeholder","Analyse how elasticity changes along a linear demand curve","not_classified","","NONE_VERIFIED","needs_atomicity_and_source_qa","not_started","not_started","false","Cambridge Economics 9708 2026-2028 v2 §2.2.5","none","","","No clear within-linear-demand elasticity comparison","CHECK_SOURCE_RIGHTS_AND_SCOPE","Manual English-stem triage of previous 61 no-in-tour-candidate parent points. This is NOT verified correct answer/skill evidence.","","",""
"v8_2026_10_09","ECON-9708-2.2.6-01","2.2.6","AS","1","8","provisional_split","Assess determinants of price elasticity of demand","evaluation","","NONE_VERIFIED","needs_academic_and_evidence_review","not_started","not_started","false","Cambridge Economics 9708 2026-2028 v2 §2.2.6","none","","","No direct PED/YED/XED determinants comparison","CHECK_SOURCE_RIGHTS_AND_SCOPE","Manual English-stem triage of previous 61 no-in-tour-candidate parent points. This is NOT verified correct answer/skill evidence.","","",""
"v8_2026_10_09","ECON-9708-2.2.6-02","2.2.6","AS","1","8","provisional_split","Assess determinants of income elasticity of demand","evaluation","","NONE_VERIFIED","needs_academic_and_evidence_review","not_started","not_started","false","Cambridge Economics 9708 2026-2028 v2 §2.2.6","none","","","No direct PED/YED/XED determinants comparison","CHECK_SOURCE_RIGHTS_AND_SCOPE","Manual English-stem triage of previous 61 no-in-tour-candidate parent points. This is NOT verified correct answer/skill evidence.","","",""
"v8_2026_10_09","ECON-9708-2.2.6-03","2.2.6","AS","1","8","provisional_split","Assess determinants of cross elasticity of demand","evaluation","","NONE_VERIFIED","needs_academic_and_evidence_review","not_started","not_started","false","Cambridge Economics 9708 2026-2028 v2 §2.2.6","none","","","No direct PED/YED/XED determinants comparison","CHECK_SOURCE_RIGHTS_AND_SCOPE","Manual English-stem triage of previous 61 no-in-tour-candidate parent points. This is NOT verified correct answer/skill evidence.","","",""
"v8_2026_10_09","ECON-9708-2.2.7-BASE","2.2.7","AS","1","8","one_to_one_placeholder","Explain how PED affects spending and firms' total revenue","not_classified","1127;1079","NONE_VERIFIED","needs_atomicity_and_source_qa","not_started","not_started","false","Cambridge Economics 9708 2026-2028 v2 §2.2.7","unreviewed_practice_candidates","1127;1079","ORIGINAL_IN_TOUR_PRACTICE_CANDIDATES","No stem/answer validation claimed in this v3 enrichment.","CHECK_SOURCE_RIGHTS_AND_SCOPE","Prior 7-Tour candidate map; not semantic evidence.","","",""
"v8_2026_10_09","ECON-9708-2.2.8-BASE","2.2.8","AS","1","8","one_to_one_placeholder","Select an economically sound decision using demand elasticities","not_classified","1127","NONE_VERIFIED","needs_atomicity_and_source_qa","not_started","not_started","false","Cambridge Economics 9708 2026-2028 v2 §2.2.8","unreviewed_practice_candidates","1127","ORIGINAL_IN_TOUR_PRACTICE_CANDIDATES","No stem/answer validation claimed in this v3 enrichment.","CHECK_SOURCE_RIGHTS_AND_SCOPE","Prior 7-Tour candidate map; not semantic evidence.","","",""
"v8_2026_10_09","ECON-9708-2.3.1-BASE","2.3.1","AS","1","9","one_to_one_placeholder","Define price elasticity of supply","not_classified","1087","NONE_VERIFIED","needs_atomicity_and_source_qa","not_started","not_started","false","Cambridge Economics 9708 2026-2028 v2 §2.3.1","unreviewed_practice_candidates","1087","ORIGINAL_IN_TOUR_PRACTICE_CANDIDATES","No stem/answer validation claimed in this v3 enrichment.","CHECK_SOURCE_RIGHTS_AND_SCOPE","Prior 7-Tour candidate map; not semantic evidence.","","",""
"v8_2026_10_09","ECON-9708-2.3.2-BASE","2.3.2","AS","1","9","one_to_one_placeholder","Calculate PES using percentage changes","not_classified","1095;1120","NONE_VERIFIED","needs_atomicity_and_source_qa","not_started","not_started","false","Cambridge Economics 9708 2026-2028 v2 §2.3.2","unreviewed_practice_candidates","1095;1120","ORIGINAL_IN_TOUR_PRACTICE_CANDIDATES","No stem/answer validation claimed in this v3 enrichment.","CHECK_SOURCE_RIGHTS_AND_SCOPE","Prior 7-Tour candidate map; not semantic evidence.","","",""
"v8_2026_10_09","ECON-9708-2.3.3-BASE","2.3.3","AS","1","9","one_to_one_placeholder","Interpret PES coefficient size and sign","not_classified","1103","NONE_VERIFIED","needs_atomicity_and_source_qa","not_started","not_started","false","Cambridge Economics 9708 2026-2028 v2 §2.3.3","unreviewed_practice_candidates","1103","ORIGINAL_IN_TOUR_PRACTICE_CANDIDATES","No stem/answer validation claimed in this v3 enrichment.","CHECK_SOURCE_RIGHTS_AND_SCOPE","Prior 7-Tour candidate map; not semantic evidence.","","",""
"v8_2026_10_09","ECON-9708-2.3.4-BASE","2.3.4","AS","1","9","one_to_one_placeholder","Explain why PES differs across products and time frames","not_classified","1104;1113;1119;1132","NONE_VERIFIED","needs_atomicity_and_source_qa","not_started","not_started","false","Cambridge Economics 9708 2026-2028 v2 §2.3.4","unreviewed_practice_candidates","1104;1113;1119;1132","ORIGINAL_IN_TOUR_PRACTICE_CANDIDATES","No stem/answer validation claimed in this v3 enrichment.","CHECK_SOURCE_RIGHTS_AND_SCOPE","Prior 7-Tour candidate map; not semantic evidence.","","",""
"v8_2026_10_09","ECON-9708-2.3.5-BASE","2.3.5","AS","1","9","one_to_one_placeholder","Assess firms' ability to respond quickly to changing prices","not_classified","1113;1119","NONE_VERIFIED","needs_atomicity_and_source_qa","not_started","not_started","false","Cambridge Economics 9708 2026-2028 v2 §2.3.5","unreviewed_practice_candidates","1113;1119","ORIGINAL_IN_TOUR_PRACTICE_CANDIDATES","No stem/answer validation claimed in this v3 enrichment.","CHECK_SOURCE_RIGHTS_AND_SCOPE","Prior 7-Tour candidate map; not semantic evidence.","","",""
"v8_2026_10_09","ECON-9708-2.4.1-BASE","2.4.1","AS","1","10","source_scoped_integrated_single_provisional","Define and distinguish market equilibrium and disequilibrium","not_classified","1088;1074;1075;1096;1097","NONE_VERIFIED","provisional_source_scope_teacher_signoff_pending","not_started","not_started","false","Cambridge Economics 9708 2026-2028 v2 §2.4.1","unreviewed_practice_candidates","1088;1074;1075;1096;1097","ORIGINAL_IN_TOUR_PRACTICE_CANDIDATES","No stem/answer validation claimed in this v3 enrichment.","CHECK_SOURCE_RIGHTS_AND_SCOPE","Prior 7-Tour candidate map; not semantic evidence.","Cambridge Economics 9708 v2 (2026-2028) §2.4.1; uploaded Economics 4th edition Ch10; Tour 1","","Retain one: Paired definitions; shortage or surplus may illustrate disequilibrium.. No question link or academic approval."
"v8_2026_10_09","ECON-9708-2.4.2-BASE","2.4.2","AS","1","10","one_to_one_placeholder","Predict new price/quantity after shifts in supply and demand","not_classified","1106","NONE_VERIFIED","needs_atomicity_and_source_qa","not_started","not_started","false","Cambridge Economics 9708 2026-2028 v2 §2.4.2","unreviewed_practice_candidates","1106","ORIGINAL_IN_TOUR_PRACTICE_CANDIDATES","No stem/answer validation claimed in this v3 enrichment.","CHECK_SOURCE_RIGHTS_AND_SCOPE","Prior 7-Tour candidate map; not semantic evidence.","","",""
"v8_2026_10_09","ECON-9708-2.4.3-01","2.4.3","AS","1","10","provisional_split","Explain joint demand for complementary goods","case","1021;1071","NONE_VERIFIED","needs_academic_and_evidence_review","not_started","not_started","false","Cambridge Economics 9708 2026-2028 v2 §2.4.3","unreviewed_practice_candidates","1021;1071","ORIGINAL_IN_TOUR_PRACTICE_CANDIDATES","No stem/answer validation claimed in this v3 enrichment.","CHECK_SOURCE_RIGHTS_AND_SCOPE","Prior 7-Tour candidate map; not semantic evidence.","","",""
"v8_2026_10_09","ECON-9708-2.4.3-02","2.4.3","AS","1","10","provisional_split","Explain alternative demand for substitute goods","case","1021;1071","NONE_VERIFIED","needs_academic_and_evidence_review","not_started","not_started","false","Cambridge Economics 9708 2026-2028 v2 §2.4.3","unreviewed_practice_candidates","1021;1071","ORIGINAL_IN_TOUR_PRACTICE_CANDIDATES","No stem/answer validation claimed in this v3 enrichment.","CHECK_SOURCE_RIGHTS_AND_SCOPE","Prior 7-Tour candidate map; not semantic evidence.","","",""
"v8_2026_10_09","ECON-9708-2.4.3-03","2.4.3","AS","1","10","provisional_split","Trace derived demand for inputs from final-product demand","case","1021;1071","NONE_VERIFIED","needs_academic_and_evidence_review","not_started","not_started","false","Cambridge Economics 9708 2026-2028 v2 §2.4.3","unreviewed_practice_candidates","1021;1071","ORIGINAL_IN_TOUR_PRACTICE_CANDIDATES","No stem/answer validation claimed in this v3 enrichment.","CHECK_SOURCE_RIGHTS_AND_SCOPE","Prior 7-Tour candidate map; not semantic evidence.","","",""
"v8_2026_10_09","ECON-9708-2.4.3-04","2.4.3","AS","1","10","provisional_split","Identify joint supply and its market consequences","case","1021;1071","NONE_VERIFIED","needs_academic_and_evidence_review","not_started","not_started","false","Cambridge Economics 9708 2026-2028 v2 §2.4.3","unreviewed_practice_candidates","1021;1071","ORIGINAL_IN_TOUR_PRACTICE_CANDIDATES","No stem/answer validation claimed in this v3 enrichment.","CHECK_SOURCE_RIGHTS_AND_SCOPE","Prior 7-Tour candidate map; not semantic evidence.","","",""
"v8_2026_10_09","ECON-9708-2.4.4-01","2.4.4","AS","1","10","provisional_split","Explain allocation by price rationing when goods are scarce","explanation","1102;1128","NONE_VERIFIED","needs_academic_and_evidence_review","not_started","not_started","false","Cambridge Economics 9708 2026-2028 v2 §2.4.4","unreviewed_practice_candidates","1102;1128","ORIGINAL_IN_TOUR_PRACTICE_CANDIDATES","No stem/answer validation claimed in this v3 enrichment.","CHECK_SOURCE_RIGHTS_AND_SCOPE","Prior 7-Tour candidate map; not semantic evidence.","","",""
"v8_2026_10_09","ECON-9708-2.4.4-02","2.4.4","AS","1","10","provisional_split","Interpret price changes as signals of consumer preferences and scarcity","case","1102;1128","NONE_VERIFIED","needs_academic_and_evidence_review","not_started","not_started","false","Cambridge Economics 9708 2026-2028 v2 §2.4.4","unreviewed_practice_candidates","1102;1128","ORIGINAL_IN_TOUR_PRACTICE_CANDIDATES","No stem/answer validation claimed in this v3 enrichment.","CHECK_SOURCE_RIGHTS_AND_SCOPE","Prior 7-Tour candidate map; not semantic evidence.","","",""
"v8_2026_10_09","ECON-9708-2.4.4-03","2.4.4","AS","1","10","provisional_split","Analyse producer and consumer incentives created by prices","case","1102;1128","NONE_VERIFIED","needs_academic_and_evidence_review","not_started","not_started","false","Cambridge Economics 9708 2026-2028 v2 §2.4.4","unreviewed_practice_candidates","1102;1128","ORIGINAL_IN_TOUR_PRACTICE_CANDIDATES","No stem/answer validation claimed in this v3 enrichment.","CHECK_SOURCE_RIGHTS_AND_SCOPE","Prior 7-Tour candidate map; not semantic evidence.","","",""
"v8_2026_10_09","ECON-9708-2.5.1-BASE","2.5.1","AS","1","11","one_to_one_placeholder","Calculate/interpret consumer surplus on a demand-supply graph","not_classified","1028;1115","NONE_VERIFIED","needs_atomicity_and_source_qa","not_started","not_started","false","Cambridge Economics 9708 2026-2028 v2 §2.5.1","unreviewed_practice_candidates","1028;1115","ORIGINAL_IN_TOUR_PRACTICE_CANDIDATES","No stem/answer validation claimed in this v3 enrichment.","CHECK_SOURCE_RIGHTS_AND_SCOPE","Prior 7-Tour candidate map; not semantic evidence.","","",""
"v8_2026_10_09","ECON-9708-2.5.2-BASE","2.5.2","AS","1","11","one_to_one_placeholder","Calculate/interpret producer surplus on a demand-supply graph","not_classified","1029;1133","NONE_VERIFIED","needs_atomicity_and_source_qa","not_started","not_started","false","Cambridge Economics 9708 2026-2028 v2 §2.5.2","unreviewed_practice_candidates","1029;1133","ORIGINAL_IN_TOUR_PRACTICE_CANDIDATES","No stem/answer validation claimed in this v3 enrichment.","CHECK_SOURCE_RIGHTS_AND_SCOPE","Prior 7-Tour candidate map; not semantic evidence.","","",""
"v8_2026_10_09","ECON-9708-2.5.3-BASE","2.5.3","AS","1","11","one_to_one_placeholder","Explain why consumer and producer surplus change","not_classified","1121","NONE_VERIFIED","needs_atomicity_and_source_qa","not_started","not_started","false","Cambridge Economics 9708 2026-2028 v2 §2.5.3","unreviewed_practice_candidates","1121","ORIGINAL_IN_TOUR_PRACTICE_CANDIDATES","No stem/answer validation claimed in this v3 enrichment.","CHECK_SOURCE_RIGHTS_AND_SCOPE","Prior 7-Tour candidate map; not semantic evidence.","","",""
"v8_2026_10_09","ECON-9708-2.5.4-BASE","2.5.4","AS","1","11","one_to_one_placeholder","Reason how PED/PES affect the size of surplus changes","not_classified","","NONE_VERIFIED","needs_atomicity_and_source_qa","not_started","not_started","false","Cambridge Economics 9708 2026-2028 v2 §2.5.4","none","","","No clear elasticity-dependent surplus analysis","CHECK_SOURCE_RIGHTS_AND_SCOPE","Manual English-stem triage of previous 61 no-in-tour-candidate parent points. This is NOT verified correct answer/skill evidence.","","",""
"v8_2026_10_09","ECON-9708-3.1.1-BASE","3.1.1","AS","2","12","one_to_one_placeholder","Identify why private markets may not supply public goods","not_classified","2443","NONE_VERIFIED","needs_atomicity_and_source_qa","not_started","not_started","false","Cambridge Economics 9708 2026-2028 v2 §3.1.1","unreviewed_practice_candidates","2443","ORIGINAL_IN_TOUR_PRACTICE_CANDIDATES","No stem/answer validation claimed in this v3 enrichment.","CHECK_SOURCE_RIGHTS_AND_SCOPE","Prior 7-Tour candidate map; not semantic evidence.","","",""
"v8_2026_10_09","ECON-9708-3.1.2-BASE","3.1.2","AS","2","12","one_to_one_placeholder","Explain intervention where merit goods are under-consumed or demerit goods over-consumed","not_classified","2499;2507","NONE_VERIFIED","needs_atomicity_and_source_qa","not_started","not_started","false","Cambridge Economics 9708 2026-2028 v2 §3.1.2","unreviewed_practice_candidates","2499;2507","ORIGINAL_IN_TOUR_PRACTICE_CANDIDATES","No stem/answer validation claimed in this v3 enrichment.","CHECK_SOURCE_RIGHTS_AND_SCOPE","Prior 7-Tour candidate map; not semantic evidence.","","",""
"v8_2026_10_09","ECON-9708-3.1.3-BASE","3.1.3","AS","2","12","one_to_one_placeholder","Explain reasons for controlling a market price","not_classified","2456;2480","NONE_VERIFIED","needs_atomicity_and_source_qa","not_started","not_started","false","Cambridge Economics 9708 2026-2028 v2 §3.1.3","unreviewed_practice_candidates","2456;2480","ORIGINAL_IN_TOUR_PRACTICE_CANDIDATES","No stem/answer validation claimed in this v3 enrichment.","CHECK_SOURCE_RIGHTS_AND_SCOPE","Prior 7-Tour candidate map; not semantic evidence.","","",""
"v8_2026_10_09","ECON-9708-3.2.1-BASE","3.2.1","AS","2","13","one_to_one_placeholder","Analyse how indirect tax affects price, output and the tax burden","not_classified","2445;2535;4009","NONE_VERIFIED","needs_atomicity_and_source_qa","not_started","not_started","false","Cambridge Economics 9708 2026-2028 v2 §3.2.1","unreviewed_practice_candidates","2445;2535;4009","ORIGINAL_IN_TOUR_PRACTICE_CANDIDATES","No stem/answer validation claimed in this v3 enrichment.","CHECK_SOURCE_RIGHTS_AND_SCOPE","Prior 7-Tour candidate map; not semantic evidence.","","",""
"v8_2026_10_09","ECON-9708-3.2.2-01","3.2.2","AS","2","13","syllabus_scoped_child_proposal","Analyse the market-price, quantity and output effects of a producer subsidy","diagram_analysis","","NONE_VERIFIED","source_scoped_provisional_teacher_and_evidence_QA_pending","not_started","not_started","false","Cambridge Economics 9708 2026-2028 v2 §3.2.2","partial","6190;5140","Q6190 [Tour S2 T5]; Q5140 [Tour S1 T5]","Merit-good subsidy rationale; beneficiary/diagram/evaluation still required","REVIEW_ELIGIBILITY_REQUIRED","Manual English-stem triage of previous 61 no-in-tour-candidate parent points. This is NOT verified correct answer/skill evidence.","Official Cambridge Economics 9708 (2026–2028) v2 §3.2.2; supplied Economics 4th edition Chapter 13; Tour 2","ECON-9708-3.2.2-BASE","SPLIT: Official text separately names market impact and incidence; no independent requirement for a full welfare appraisal. Question evidence not inherited from parent and not independently verified."
"v8_2026_10_09","ECON-9708-3.2.2-02","3.2.2","AS","2","13","syllabus_scoped_child_proposal","Analyse the distribution of subsidy benefits between buyers and sellers, including relative responsiveness","incidence_analysis","","NONE_VERIFIED","source_scoped_provisional_teacher_and_evidence_QA_pending","not_started","not_started","false","Cambridge Economics 9708 2026-2028 v2 §3.2.2","partial","6190;5140","Q6190 [Tour S2 T5]; Q5140 [Tour S1 T5]","Merit-good subsidy rationale; beneficiary/diagram/evaluation still required","REVIEW_ELIGIBILITY_REQUIRED","Manual English-stem triage of previous 61 no-in-tour-candidate parent points. This is NOT verified correct answer/skill evidence.","Official Cambridge Economics 9708 (2026–2028) v2 §3.2.2; supplied Economics 4th edition Chapter 13; Tour 2","ECON-9708-3.2.2-BASE","SPLIT: Official text separately names market impact and incidence; no independent requirement for a full welfare appraisal. Question evidence not inherited from parent and not independently verified."
"v8_2026_10_09","ECON-9708-3.2.3-BASE","3.2.3","AS","2","13","source_scoped_integrated_single_provisional","Explain direct provision of goods and services by the public sector","not_classified","","NONE_VERIFIED","provisional_source_scope_teacher_signoff_pending","not_started","not_started","false","Cambridge Economics 9708 2026-2028 v2 §3.2.3","aligned","5496","Q5496 [bank only]","Direct public provision example","CHECK_SOURCE_RIGHTS_AND_SCOPE","Manual English-stem triage of previous 61 no-in-tour-candidate parent points. This is NOT verified correct answer/skill evidence.","Cambridge Economics 9708 v2 (2026-2028) §3.2.3; uploaded Economics 4th edition Ch13; Tour 2","","Retain one: Official wording specifies direct provision, not mandatory separate welfare evaluation.. No question link or academic approval."
"v8_2026_10_09","ECON-9708-3.2.4-01","3.2.4","AS","2","13","syllabus_scoped_child_proposal","Explain the impact of a binding maximum price","syllabus_named_mechanism","","NONE_VERIFIED","provisional_source_scope_teacher_signoff_pending","not_started","not_started","false","Cambridge Economics 9708 2026-2028 v2 §3.2.4","unreviewed_practice_candidates","2456;2480","ORIGINAL_IN_TOUR_PRACTICE_CANDIDATES","No stem/answer validation claimed in this v3 enrichment.","CHECK_SOURCE_RIGHTS_AND_SCOPE","Prior 7-Tour candidate map; not semantic evidence.","Cambridge Economics 9708 v2 (2026-2028) §3.2.4; uploaded Economics 4th edition Ch13; Tour 2","ECON-9708-3.2.4-BASE","Split: Two distinct price control cases explicitly listed.. Parent question candidates are NOT verified for child."
"v8_2026_10_09","ECON-9708-3.2.4-02","3.2.4","AS","2","13","syllabus_scoped_child_proposal","Explain the impact of a binding minimum price","syllabus_named_mechanism","","NONE_VERIFIED","provisional_source_scope_teacher_signoff_pending","not_started","not_started","false","Cambridge Economics 9708 2026-2028 v2 §3.2.4","unreviewed_practice_candidates","2456;2480","ORIGINAL_IN_TOUR_PRACTICE_CANDIDATES","No stem/answer validation claimed in this v3 enrichment.","CHECK_SOURCE_RIGHTS_AND_SCOPE","Prior 7-Tour candidate map; not semantic evidence.","Cambridge Economics 9708 v2 (2026-2028) §3.2.4; uploaded Economics 4th edition Ch13; Tour 2","ECON-9708-3.2.4-BASE","Split: Two distinct price control cases explicitly listed.. Parent question candidates are NOT verified for child."
"v8_2026_10_09","ECON-9708-3.2.5-BASE","3.2.5","AS","2","13","one_to_one_placeholder","Explain how buffer stocks stabilise prices","not_classified","","NONE_VERIFIED","needs_atomicity_and_source_qa","not_started","not_started","false","Cambridge Economics 9708 2026-2028 v2 §3.2.5","none","","","No explicit buffer-stock example","CHECK_SOURCE_RIGHTS_AND_SCOPE","Manual English-stem triage of previous 61 no-in-tour-candidate parent points. This is NOT verified correct answer/skill evidence.","","",""
"v8_2026_10_09","ECON-9708-3.2.6-BASE","3.2.6","AS","2","13","one_to_one_placeholder","Discuss provision of information as a corrective policy","not_classified","","NONE_VERIFIED","needs_atomicity_and_source_qa","not_started","not_started","false","Cambridge Economics 9708 2026-2028 v2 §3.2.6","aligned","6202;5142","Q6202 [Tour S2 T5]; Q5142 [Tour S1 T5]","Information correction and public campaigns","REVIEW_ELIGIBILITY_REQUIRED","Manual English-stem triage of previous 61 no-in-tour-candidate parent points. This is NOT verified correct answer/skill evidence.","","",""
"v8_2026_10_09","ECON-9708-3.3.1-BASE","3.3.1","AS","2","14","one_to_one_placeholder","Distinguish an income flow from accumulated wealth","not_classified","","NONE_VERIFIED","needs_atomicity_and_source_qa","not_started","not_started","false","Cambridge Economics 9708 2026-2028 v2 §3.3.1","aligned","5497","Q5497 [Tour S2 T2]","Flow income versus stock wealth","REVIEW_ELIGIBILITY_REQUIRED","Manual English-stem triage of previous 61 no-in-tour-candidate parent points. This is NOT verified correct answer/skill evidence.","","",""
"v8_2026_10_09","ECON-9708-3.3.2-BASE","3.3.2","AS","2","14","one_to_one_placeholder","Interpret Lorenz curves and Gini coefficients as inequality measures","not_classified","2518;2547","NONE_VERIFIED","needs_atomicity_and_source_qa","not_started","not_started","false","Cambridge Economics 9708 2026-2028 v2 §3.3.2","unreviewed_practice_candidates","2518;2547","ORIGINAL_IN_TOUR_PRACTICE_CANDIDATES","No stem/answer validation claimed in this v3 enrichment.","CHECK_SOURCE_RIGHTS_AND_SCOPE","Prior 7-Tour candidate map; not semantic evidence.","","",""
"v8_2026_10_09","ECON-9708-3.3.3-BASE","3.3.3","AS","2","14","one_to_one_placeholder","Explain underlying reasons for income/wealth inequality","not_classified","","NONE_VERIFIED","needs_atomicity_and_source_qa","not_started","not_started","false","Cambridge Economics 9708 2026-2028 v2 §3.3.3","partial","5499","Q5499 [bank only]","Asset ownership and wealth inequality, not full inequality causes","CHECK_SOURCE_RIGHTS_AND_SCOPE","Manual English-stem triage of previous 61 no-in-tour-candidate parent points. This is NOT verified correct answer/skill evidence.","","",""
"v8_2026_10_09","ECON-9708-3.3.4-01","3.3.4","AS","2","14","provisional_split","Evaluate minimum wages as an income policy at AS depth","evaluation","2466","NONE_VERIFIED","needs_academic_and_evidence_review","not_started","not_started","false","Cambridge Economics 9708 2026-2028 v2 §3.3.4","unreviewed_practice_candidates","2466","ORIGINAL_IN_TOUR_PRACTICE_CANDIDATES","No stem/answer validation claimed in this v3 enrichment.","CHECK_SOURCE_RIGHTS_AND_SCOPE","Prior 7-Tour candidate map; not semantic evidence.","","",""
"v8_2026_10_09","ECON-9708-3.3.4-02","3.3.4","AS","2","14","provisional_split","Evaluate income redistribution by transfer payments","evaluation","2466","NONE_VERIFIED","needs_academic_and_evidence_review","not_started","not_started","false","Cambridge Economics 9708 2026-2028 v2 §3.3.4","unreviewed_practice_candidates","2466","ORIGINAL_IN_TOUR_PRACTICE_CANDIDATES","No stem/answer validation claimed in this v3 enrichment.","CHECK_SOURCE_RIGHTS_AND_SCOPE","Prior 7-Tour candidate map; not semantic evidence.","","",""
"v8_2026_10_09","ECON-9708-3.3.4-03","3.3.4","AS","2","14","provisional_split","Compare progressive income, inheritance and capital taxation","evaluation","2466","NONE_VERIFIED","needs_academic_and_evidence_review","not_started","not_started","false","Cambridge Economics 9708 2026-2028 v2 §3.3.4","unreviewed_practice_candidates","2466","ORIGINAL_IN_TOUR_PRACTICE_CANDIDATES","No stem/answer validation claimed in this v3 enrichment.","CHECK_SOURCE_RIGHTS_AND_SCOPE","Prior 7-Tour candidate map; not semantic evidence.","","",""
"v8_2026_10_09","ECON-9708-3.3.4-04","3.3.4","AS","2","14","provisional_split","Assess state supply of essential goods as redistribution","evaluation","2466","NONE_VERIFIED","needs_academic_and_evidence_review","not_started","not_started","false","Cambridge Economics 9708 2026-2028 v2 §3.3.4","unreviewed_practice_candidates","2466","ORIGINAL_IN_TOUR_PRACTICE_CANDIDATES","No stem/answer validation claimed in this v3 enrichment.","CHECK_SOURCE_RIGHTS_AND_SCOPE","Prior 7-Tour candidate map; not semantic evidence.","","",""
"v8_2026_10_09","ECON-9708-4.1.1-BASE","4.1.1","AS","2","15","one_to_one_placeholder","Identify national income as a flow measure of production/income","not_classified","2457","NONE_VERIFIED","needs_atomicity_and_source_qa","not_started","not_started","false","Cambridge Economics 9708 2026-2028 v2 §4.1.1","unreviewed_practice_candidates","2457","ORIGINAL_IN_TOUR_PRACTICE_CANDIDATES","No stem/answer validation claimed in this v3 enrichment.","CHECK_SOURCE_RIGHTS_AND_SCOPE","Prior 7-Tour candidate map; not semantic evidence.","","",""
"v8_2026_10_09","ECON-9708-4.1.2-01","4.1.2","AS","2","15","provisional_split","Measure GDP using appropriately defined domestic output","quantitative","2457;2534","NONE_VERIFIED","needs_academic_and_evidence_review","not_started","not_started","false","Cambridge Economics 9708 2026-2028 v2 §4.1.2","unreviewed_practice_candidates","2457;2534","ORIGINAL_IN_TOUR_PRACTICE_CANDIDATES","No stem/answer validation claimed in this v3 enrichment.","CHECK_SOURCE_RIGHTS_AND_SCOPE","Prior 7-Tour candidate map; not semantic evidence.","","",""
"v8_2026_10_09","ECON-9708-4.1.2-02","4.1.2","AS","2","15","provisional_split","Explain how GNI differs from GDP through cross-border income","quantitative","2457;2534","NONE_VERIFIED","needs_academic_and_evidence_review","not_started","not_started","false","Cambridge Economics 9708 2026-2028 v2 §4.1.2","unreviewed_practice_candidates","2457;2534","ORIGINAL_IN_TOUR_PRACTICE_CANDIDATES","No stem/answer validation claimed in this v3 enrichment.","CHECK_SOURCE_RIGHTS_AND_SCOPE","Prior 7-Tour candidate map; not semantic evidence.","","",""
"v8_2026_10_09","ECON-9708-4.1.2-03","4.1.2","AS","2","15","provisional_split","Derive NNI from gross national income and depreciation","quantitative","2457;2534","NONE_VERIFIED","needs_academic_and_evidence_review","not_started","not_started","false","Cambridge Economics 9708 2026-2028 v2 §4.1.2","unreviewed_practice_candidates","2457;2534","ORIGINAL_IN_TOUR_PRACTICE_CANDIDATES","No stem/answer validation claimed in this v3 enrichment.","CHECK_SOURCE_RIGHTS_AND_SCOPE","Prior 7-Tour candidate map; not semantic evidence.","","",""
"v8_2026_10_09","ECON-9708-4.1.3-BASE","4.1.3","AS","2","15","one_to_one_placeholder","Convert market-price national income data to basic prices","not_classified","","NONE_VERIFIED","needs_atomicity_and_source_qa","not_started","not_started","false","Cambridge Economics 9708 2026-2028 v2 §4.1.3","aligned","5504","Q5504 [Tour S2 T2]","GDP basic-price to market-price calculation","REVIEW_ELIGIBILITY_REQUIRED","Manual English-stem triage of previous 61 no-in-tour-candidate parent points. This is NOT verified correct answer/skill evidence.","","",""
"v8_2026_10_09","ECON-9708-4.1.4-BASE","4.1.4","AS","2","15","one_to_one_placeholder","Convert gross national accounting measures into net measures","not_classified","","NONE_VERIFIED","needs_atomicity_and_source_qa","not_started","not_started","false","Cambridge Economics 9708 2026-2028 v2 §4.1.4","aligned","5514","Q5514 [Tour S2 T2]","NNI at basic prices from gross national accounting","REVIEW_ELIGIBILITY_REQUIRED","Manual English-stem triage of previous 61 no-in-tour-candidate parent points. This is NOT verified correct answer/skill evidence.","","",""
"v8_2026_10_09","ECON-9708-4.2.1-01","4.2.1","AS","2","16","syllabus_scoped_child_proposal","Explain the circular flow among households firms and government in a closed economy","syllabus_named_mechanism","","NONE_VERIFIED","provisional_source_scope_teacher_signoff_pending","not_started","not_started","false","Cambridge Economics 9708 2026-2028 v2 §4.2.1","unreviewed_practice_candidates","2506","ORIGINAL_IN_TOUR_PRACTICE_CANDIDATES","No stem/answer validation claimed in this v3 enrichment.","CHECK_SOURCE_RIGHTS_AND_SCOPE","Prior 7-Tour candidate map; not semantic evidence.","Cambridge Economics 9708 v2 (2026-2028) §4.2.1; uploaded Economics 4th edition Ch16; Tour 2","ECON-9708-4.2.1-BASE","Split: Closed and open economy are separately named; multiplier not required at AS.. Parent question candidates are NOT verified for child."
"v8_2026_10_09","ECON-9708-4.2.1-02","4.2.1","AS","2","16","syllabus_scoped_child_proposal","Explain the circular flow including the international sector in an open economy","syllabus_named_mechanism","","NONE_VERIFIED","provisional_source_scope_teacher_signoff_pending","not_started","not_started","false","Cambridge Economics 9708 2026-2028 v2 §4.2.1","unreviewed_practice_candidates","2506","ORIGINAL_IN_TOUR_PRACTICE_CANDIDATES","No stem/answer validation claimed in this v3 enrichment.","CHECK_SOURCE_RIGHTS_AND_SCOPE","Prior 7-Tour candidate map; not semantic evidence.","Cambridge Economics 9708 v2 (2026-2028) §4.2.1; uploaded Economics 4th edition Ch16; Tour 2","ECON-9708-4.2.1-BASE","Split: Closed and open economy are separately named; multiplier not required at AS.. Parent question candidates are NOT verified for child."
"v8_2026_10_09","ECON-9708-4.2.2-BASE","4.2.2","AS","2","16","one_to_one_placeholder","Identify leakages/injections without a multiplier calculation","not_classified","2482;2496","NONE_VERIFIED","needs_atomicity_and_source_qa","not_started","not_started","false","Cambridge Economics 9708 2026-2028 v2 §4.2.2","unreviewed_practice_candidates","2482;2496","ORIGINAL_IN_TOUR_PRACTICE_CANDIDATES","No stem/answer validation claimed in this v3 enrichment.","CHECK_SOURCE_RIGHTS_AND_SCOPE","Prior 7-Tour candidate map; not semantic evidence.","","",""
"v8_2026_10_09","ECON-9708-4.2.3-BASE","4.2.3","AS","2","16","one_to_one_placeholder","Predict equilibrium/disequilibrium from income flows","not_classified","2506","NONE_VERIFIED","needs_atomicity_and_source_qa","not_started","not_started","false","Cambridge Economics 9708 2026-2028 v2 §4.2.3","unreviewed_practice_candidates","2506","ORIGINAL_IN_TOUR_PRACTICE_CANDIDATES","No stem/answer validation claimed in this v3 enrichment.","CHECK_SOURCE_RIGHTS_AND_SCOPE","Prior 7-Tour candidate map; not semantic evidence.","","",""
"v8_2026_10_09","ECON-9708-4.3.1-BASE","4.3.1","AS","2","17","one_to_one_placeholder","Define aggregate demand","not_classified","2447","NONE_VERIFIED","needs_atomicity_and_source_qa","not_started","not_started","false","Cambridge Economics 9708 2026-2028 v2 §4.3.1","unreviewed_practice_candidates","2447","ORIGINAL_IN_TOUR_PRACTICE_CANDIDATES","No stem/answer validation claimed in this v3 enrichment.","CHECK_SOURCE_RIGHTS_AND_SCOPE","Prior 7-Tour candidate map; not semantic evidence.","","",""
"v8_2026_10_09","ECON-9708-4.3.2-BASE","4.3.2","AS","2","17","one_to_one_placeholder","Compose aggregate demand using C, I, G, X and M","not_classified","2447;2469;2494","NONE_VERIFIED","needs_atomicity_and_source_qa","not_started","not_started","false","Cambridge Economics 9708 2026-2028 v2 §4.3.2","unreviewed_practice_candidates","2447;2469;2494","ORIGINAL_IN_TOUR_PRACTICE_CANDIDATES","No stem/answer validation claimed in this v3 enrichment.","CHECK_SOURCE_RIGHTS_AND_SCOPE","Prior 7-Tour candidate map; not semantic evidence.","","",""
"v8_2026_10_09","ECON-9708-4.3.3-BASE","4.3.3","AS","2","17","one_to_one_placeholder","Reason how economic conditions affect aggregate demand","not_classified","2502;2508","NONE_VERIFIED","needs_atomicity_and_source_qa","not_started","not_started","false","Cambridge Economics 9708 2026-2028 v2 §4.3.3","unreviewed_practice_candidates","2502;2508","ORIGINAL_IN_TOUR_PRACTICE_CANDIDATES","No stem/answer validation claimed in this v3 enrichment.","CHECK_SOURCE_RIGHTS_AND_SCOPE","Prior 7-Tour candidate map; not semantic evidence.","","",""
"v8_2026_10_09","ECON-9708-4.3.4-BASE","4.3.4","AS","2","17","one_to_one_placeholder","Interpret why an aggregate-demand curve slopes down","not_classified","","NONE_VERIFIED","needs_atomicity_and_source_qa","not_started","not_started","false","Cambridge Economics 9708 2026-2028 v2 §4.3.4","none","","","No clear reason for AD curve downward slope","CHECK_SOURCE_RIGHTS_AND_SCOPE","Manual English-stem triage of previous 61 no-in-tour-candidate parent points. This is NOT verified correct answer/skill evidence.","","",""
"v8_2026_10_09","ECON-9708-4.3.5-BASE","4.3.5","AS","2","17","one_to_one_placeholder","Model aggregate-demand shifts using appropriate diagrams","not_classified","2487","NONE_VERIFIED","needs_atomicity_and_source_qa","not_started","not_started","false","Cambridge Economics 9708 2026-2028 v2 §4.3.5","unreviewed_practice_candidates","2487","ORIGINAL_IN_TOUR_PRACTICE_CANDIDATES","No stem/answer validation claimed in this v3 enrichment.","CHECK_SOURCE_RIGHTS_AND_SCOPE","Prior 7-Tour candidate map; not semantic evidence.","","",""
"v8_2026_10_09","ECON-9708-4.3.6-BASE","4.3.6","AS","2","17","one_to_one_placeholder","Define aggregate supply in macroeconomic analysis","not_classified","2481","NONE_VERIFIED","needs_atomicity_and_source_qa","not_started","not_started","false","Cambridge Economics 9708 2026-2028 v2 §4.3.6","unreviewed_practice_candidates","2481","ORIGINAL_IN_TOUR_PRACTICE_CANDIDATES","No stem/answer validation claimed in this v3 enrichment.","CHECK_SOURCE_RIGHTS_AND_SCOPE","Prior 7-Tour candidate map; not semantic evidence.","","",""
"v8_2026_10_09","ECON-9708-4.3.7-BASE","4.3.7","AS","2","17","one_to_one_placeholder","Explain factors determining aggregate supply","not_classified","2488","NONE_VERIFIED","needs_atomicity_and_source_qa","not_started","not_started","false","Cambridge Economics 9708 2026-2028 v2 §4.3.7","unreviewed_practice_candidates","2488","ORIGINAL_IN_TOUR_PRACTICE_CANDIDATES","No stem/answer validation claimed in this v3 enrichment.","CHECK_SOURCE_RIGHTS_AND_SCOPE","Prior 7-Tour candidate map; not semantic evidence.","","",""
"v8_2026_10_09","ECON-9708-4.3.8-01","4.3.8","AS","2","17","provisional_split","Describe and diagram upward short-run aggregate supply","diagram","2516","NONE_VERIFIED","needs_academic_and_evidence_review","not_started","not_started","false","Cambridge Economics 9708 2026-2028 v2 §4.3.8","unreviewed_practice_candidates","2516","ORIGINAL_IN_TOUR_PRACTICE_CANDIDATES","No stem/answer validation claimed in this v3 enrichment.","CHECK_SOURCE_RIGHTS_AND_SCOPE","Prior 7-Tour candidate map; not semantic evidence.","","",""
"v8_2026_10_09","ECON-9708-4.3.8-02","4.3.8","AS","2","17","provisional_split","Compare vertical and three-stage long-run aggregate supply representations","diagram","2516","NONE_VERIFIED","needs_academic_and_evidence_review","not_started","not_started","false","Cambridge Economics 9708 2026-2028 v2 §4.3.8","unreviewed_practice_candidates","2516","ORIGINAL_IN_TOUR_PRACTICE_CANDIDATES","No stem/answer validation claimed in this v3 enrichment.","CHECK_SOURCE_RIGHTS_AND_SCOPE","Prior 7-Tour candidate map; not semantic evidence.","","",""
"v8_2026_10_09","ECON-9708-4.3.9-BASE","4.3.9","AS","2","17","one_to_one_placeholder","Explain shifts in short-run and long-run aggregate supply","not_classified","2462;2488","NONE_VERIFIED","needs_atomicity_and_source_qa","not_started","not_started","false","Cambridge Economics 9708 2026-2028 v2 §4.3.9","unreviewed_practice_candidates","2462;2488","ORIGINAL_IN_TOUR_PRACTICE_CANDIDATES","No stem/answer validation claimed in this v3 enrichment.","CHECK_SOURCE_RIGHTS_AND_SCOPE","Prior 7-Tour candidate map; not semantic evidence.","","",""
"v8_2026_10_09","ECON-9708-4.3.10-01","4.3.10","AS","2","17","syllabus_scoped_child_proposal","Distinguish movement along aggregate demand (AD) from a shift of AD","diagram_analysis","","NONE_VERIFIED","source_scoped_provisional_teacher_and_evidence_QA_pending","not_started","not_started","false","Cambridge Economics 9708 2026-2028 v2 §4.3.10","none","","","No direct AD/AS movement-versus-shift distinction","CHECK_SOURCE_RIGHTS_AND_SCOPE","Manual English-stem triage of previous 61 no-in-tour-candidate parent points. This is NOT verified correct answer/skill evidence.","Official Cambridge Economics 9708 (2026–2028) v2 §4.3.10; supplied Economics 4th edition Chapter 17; Tour 2","ECON-9708-4.3.10-BASE","SPLIT: Official point explicitly distinguishes change along and shift in BOTH aggregate curves. SRAS/LRAS scope must follow neighbouring §§4.3.8–9. Question evidence not inherited from parent and not independently verified."
"v8_2026_10_09","ECON-9708-4.3.10-02","4.3.10","AS","2","17","syllabus_scoped_child_proposal","Distinguish movement along aggregate supply (AS) from a shift of AS","diagram_analysis","","NONE_VERIFIED","source_scoped_provisional_teacher_and_evidence_QA_pending","not_started","not_started","false","Cambridge Economics 9708 2026-2028 v2 §4.3.10","none","","","No direct AD/AS movement-versus-shift distinction","CHECK_SOURCE_RIGHTS_AND_SCOPE","Manual English-stem triage of previous 61 no-in-tour-candidate parent points. This is NOT verified correct answer/skill evidence.","Official Cambridge Economics 9708 (2026–2028) v2 §4.3.10; supplied Economics 4th edition Chapter 17; Tour 2","ECON-9708-4.3.10-BASE","SPLIT: Official point explicitly distinguishes change along and shift in BOTH aggregate curves. SRAS/LRAS scope must follow neighbouring §§4.3.8–9. Question evidence not inherited from parent and not independently verified."
"v8_2026_10_09","ECON-9708-4.3.11-BASE","4.3.11","AS","2","17","source_scoped_integrated_single_provisional","Determine the equilibrium level of real output and price level in AD/AS and explain employment implications","not_classified","","NONE_VERIFIED","provisional_source_scope_teacher_signoff_pending","not_started","not_started","false","Cambridge Economics 9708 2026-2028 v2 §4.3.11","none","","","No direct AD/AS macro-equilibrium diagram identification","CHECK_SOURCE_RIGHTS_AND_SCOPE","Manual English-stem triage of previous 61 no-in-tour-candidate parent points. This is NOT verified correct answer/skill evidence.","Cambridge Economics 9708 v2 (2026-2028) §4.3.11; uploaded Economics 4th edition Ch17; Tour 2","","Retain one: One intersection; do not infer an exact unemployment rate.. No question link or academic approval."
"v8_2026_10_09","ECON-9708-4.3.12-01","4.3.12","AS","2","17","syllabus_scoped_child_proposal","Analyse the effects of a shift in AD on real output the price level and employment","syllabus_named_mechanism","","NONE_VERIFIED","provisional_source_scope_teacher_signoff_pending","not_started","not_started","false","Cambridge Economics 9708 2026-2028 v2 §4.3.12","unreviewed_practice_candidates","2487;2488","ORIGINAL_IN_TOUR_PRACTICE_CANDIDATES","No stem/answer validation claimed in this v3 enrichment.","CHECK_SOURCE_RIGHTS_AND_SCOPE","Prior 7-Tour candidate map; not semantic evidence.","Cambridge Economics 9708 v2 (2026-2028) §4.3.12; uploaded Economics 4th edition Ch17; Tour 2","ECON-9708-4.3.12-BASE","Split: Two named types of demand/supply shift within one macro model.. Parent question candidates are NOT verified for child."
"v8_2026_10_09","ECON-9708-4.3.12-02","4.3.12","AS","2","17","syllabus_scoped_child_proposal","Analyse the effects of a shift in AS on real output the price level and employment","syllabus_named_mechanism","","NONE_VERIFIED","provisional_source_scope_teacher_signoff_pending","not_started","not_started","false","Cambridge Economics 9708 2026-2028 v2 §4.3.12","unreviewed_practice_candidates","2487;2488","ORIGINAL_IN_TOUR_PRACTICE_CANDIDATES","No stem/answer validation claimed in this v3 enrichment.","CHECK_SOURCE_RIGHTS_AND_SCOPE","Prior 7-Tour candidate map; not semantic evidence.","Cambridge Economics 9708 v2 (2026-2028) §4.3.12; uploaded Economics 4th edition Ch17; Tour 2","ECON-9708-4.3.12-BASE","Split: Two named types of demand/supply shift within one macro model.. Parent question candidates are NOT verified for child."
"v8_2026_10_09","ECON-9708-4.4.1-BASE","4.4.1","AS","2","18","one_to_one_placeholder","Define growth in real economic output","not_classified","2489","NONE_VERIFIED","needs_atomicity_and_source_qa","not_started","not_started","false","Cambridge Economics 9708 2026-2028 v2 §4.4.1","unreviewed_practice_candidates","2489","ORIGINAL_IN_TOUR_PRACTICE_CANDIDATES","No stem/answer validation claimed in this v3 enrichment.","CHECK_SOURCE_RIGHTS_AND_SCOPE","Prior 7-Tour candidate map; not semantic evidence.","","",""
"v8_2026_10_09","ECON-9708-4.4.2-BASE","4.4.2","AS","2","18","one_to_one_placeholder","Measure economic growth with suitable GDP comparisons","not_classified","2457;2468","NONE_VERIFIED","needs_atomicity_and_source_qa","not_started","not_started","false","Cambridge Economics 9708 2026-2028 v2 §4.4.2","unreviewed_practice_candidates","2457;2468","ORIGINAL_IN_TOUR_PRACTICE_CANDIDATES","No stem/answer validation claimed in this v3 enrichment.","CHECK_SOURCE_RIGHTS_AND_SCOPE","Prior 7-Tour candidate map; not semantic evidence.","","",""
"v8_2026_10_09","ECON-9708-4.4.3-BASE","4.4.3","AS","2","18","one_to_one_placeholder","Distinguish real from nominal GDP growth","not_classified","2468","NONE_VERIFIED","needs_atomicity_and_source_qa","not_started","not_started","false","Cambridge Economics 9708 2026-2028 v2 §4.4.3","unreviewed_practice_candidates","2468","ORIGINAL_IN_TOUR_PRACTICE_CANDIDATES","No stem/answer validation claimed in this v3 enrichment.","CHECK_SOURCE_RIGHTS_AND_SCOPE","Prior 7-Tour candidate map; not semantic evidence.","","",""
"v8_2026_10_09","ECON-9708-4.4.4-BASE","4.4.4","AS","2","18","one_to_one_placeholder","Explain causes of economic growth","not_classified","2489","NONE_VERIFIED","needs_atomicity_and_source_qa","not_started","not_started","false","Cambridge Economics 9708 2026-2028 v2 §4.4.4","unreviewed_practice_candidates","2489","ORIGINAL_IN_TOUR_PRACTICE_CANDIDATES","No stem/answer validation claimed in this v3 enrichment.","CHECK_SOURCE_RIGHTS_AND_SCOPE","Prior 7-Tour candidate map; not semantic evidence.","","",""
"v8_2026_10_09","ECON-9708-4.4.5-BASE","4.4.5","AS","2","18","source_scoped_integrated_single_provisional","Evaluate consequences of economic growth, including relevant positive and negative outcomes","not_classified","2509","NONE_VERIFIED","source_scoped_provisional_teacher_and_evidence_QA_pending","not_started","not_started","false","Cambridge Economics 9708 2026-2028 v2 §4.4.5","unreviewed_practice_candidates","2509","ORIGINAL_IN_TOUR_PRACTICE_CANDIDATES","No stem/answer validation claimed in this v3 enrichment.","CHECK_SOURCE_RIGHTS_AND_SCOPE","Prior 7-Tour candidate map; not semantic evidence.","Official Cambridge Economics 9708 (2026–2028) v2 §4.4.5; supplied Economics 4th edition Chapter 18; Tour 2","","RETAIN_SINGLE: Cambridge 4.4.5 is a single broad consequence-evaluation outcome with no mandated enumerated subcomponents. No automatic assessment mapping or examiner signoff."
"v8_2026_10_09","ECON-9708-4.5.1-BASE","4.5.1","AS","2","19","one_to_one_placeholder","Define unemployment and labour force","not_classified","2478","NONE_VERIFIED","needs_atomicity_and_source_qa","not_started","not_started","false","Cambridge Economics 9708 2026-2028 v2 §4.5.1","unreviewed_practice_candidates","2478","ORIGINAL_IN_TOUR_PRACTICE_CANDIDATES","No stem/answer validation claimed in this v3 enrichment.","CHECK_SOURCE_RIGHTS_AND_SCOPE","Prior 7-Tour candidate map; not semantic evidence.","","",""
"v8_2026_10_09","ECON-9708-4.5.2-01","4.5.2","AS","2","19","syllabus_scoped_child_proposal","Explain measures of unemployment","syllabus_named_mechanism","","NONE_VERIFIED","provisional_source_scope_teacher_signoff_pending","not_started","not_started","false","Cambridge Economics 9708 2026-2028 v2 §4.5.2","unreviewed_practice_candidates","2478","ORIGINAL_IN_TOUR_PRACTICE_CANDIDATES","No stem/answer validation claimed in this v3 enrichment.","CHECK_SOURCE_RIGHTS_AND_SCOPE","Prior 7-Tour candidate map; not semantic evidence.","Cambridge Economics 9708 v2 (2026-2028) §4.5.2; uploaded Economics 4th edition Ch19; Tour 2","ECON-9708-4.5.2-BASE","Split: Explicit measurement and possible difficulties; avoid inventing a compulsory numerical task.. Parent question candidates are NOT verified for child."
"v8_2026_10_09","ECON-9708-4.5.2-02","4.5.2","AS","2","19","syllabus_scoped_child_proposal","Explain the limitations and difficulties of measuring unemployment","syllabus_named_mechanism","","NONE_VERIFIED","provisional_source_scope_teacher_signoff_pending","not_started","not_started","false","Cambridge Economics 9708 2026-2028 v2 §4.5.2","unreviewed_practice_candidates","2478","ORIGINAL_IN_TOUR_PRACTICE_CANDIDATES","No stem/answer validation claimed in this v3 enrichment.","CHECK_SOURCE_RIGHTS_AND_SCOPE","Prior 7-Tour candidate map; not semantic evidence.","Cambridge Economics 9708 v2 (2026-2028) §4.5.2; uploaded Economics 4th edition Ch19; Tour 2","ECON-9708-4.5.2-BASE","Split: Explicit measurement and possible difficulties; avoid inventing a compulsory numerical task.. Parent question candidates are NOT verified for child."
"v8_2026_10_09","ECON-9708-4.5.3-BASE","4.5.3","AS","2","19","one_to_one_placeholder","Classify and explain frictional, structural, cyclical, seasonal and technological unemployment","not_classified","2454;2472;2473;2474","NONE_VERIFIED","needs_atomicity_and_source_qa","not_started","not_started","false","Cambridge Economics 9708 2026-2028 v2 §4.5.3","unreviewed_practice_candidates","2454;2472;2473;2474","ORIGINAL_IN_TOUR_PRACTICE_CANDIDATES","No stem/answer validation claimed in this v3 enrichment.","CHECK_SOURCE_RIGHTS_AND_SCOPE","Prior 7-Tour candidate map; not semantic evidence.","","",""
"v8_2026_10_09","ECON-9708-4.5.4-BASE","4.5.4","AS","2","19","source_scoped_integrated_single_provisional","Assess the consequences of unemployment for households, firms and the wider economy","not_classified","2510","NONE_VERIFIED","source_scoped_provisional_teacher_and_evidence_QA_pending","not_started","not_started","false","Cambridge Economics 9708 2026-2028 v2 §4.5.4","unreviewed_practice_candidates","2510","ORIGINAL_IN_TOUR_PRACTICE_CANDIDATES","No stem/answer validation claimed in this v3 enrichment.","CHECK_SOURCE_RIGHTS_AND_SCOPE","Prior 7-Tour candidate map; not semantic evidence.","Official Cambridge Economics 9708 (2026–2028) v2 §4.5.4; supplied Economics 4th edition Chapter 19; Tour 2","","RETAIN_SINGLE: The official 4.5.4 is one holistic consequences outcome; case examples enrich it but do not create compulsory separate skills. No automatic assessment mapping or examiner signoff."
"v8_2026_10_09","ECON-9708-4.6.1-BASE","4.6.1","AS","2","20","source_scoped_integrated_single_provisional","Distinguish inflation deflation and disinflation by definition","not_classified","2476;2477","NONE_VERIFIED","provisional_source_scope_teacher_signoff_pending","not_started","not_started","false","Cambridge Economics 9708 2026-2028 v2 §4.6.1","unreviewed_practice_candidates","2476;2477","ORIGINAL_IN_TOUR_PRACTICE_CANDIDATES","No stem/answer validation claimed in this v3 enrichment.","CHECK_SOURCE_RIGHTS_AND_SCOPE","Prior 7-Tour candidate map; not semantic evidence.","Cambridge Economics 9708 v2 (2026-2028) §4.6.1; uploaded Economics 4th edition Ch20; Tour 2","","Retain one: Three related definitions form one comparative competence.. No question link or academic approval."
"v8_2026_10_09","ECON-9708-4.6.2-BASE","4.6.2","AS","2","20","one_to_one_placeholder","Use CPI data and explain challenges of measuring price change","not_classified","2475;2539","NONE_VERIFIED","needs_atomicity_and_source_qa","not_started","not_started","false","Cambridge Economics 9708 2026-2028 v2 §4.6.2","unreviewed_practice_candidates","2475;2539","ORIGINAL_IN_TOUR_PRACTICE_CANDIDATES","No stem/answer validation claimed in this v3 enrichment.","CHECK_SOURCE_RIGHTS_AND_SCOPE","Prior 7-Tour candidate map; not semantic evidence.","","",""
"v8_2026_10_09","ECON-9708-4.6.3-BASE","4.6.3","AS","2","20","one_to_one_placeholder","Distinguish inflation-adjusted real magnitudes from nominal data","not_classified","2468","NONE_VERIFIED","needs_atomicity_and_source_qa","not_started","not_started","false","Cambridge Economics 9708 2026-2028 v2 §4.6.3","unreviewed_practice_candidates","2468","ORIGINAL_IN_TOUR_PRACTICE_CANDIDATES","No stem/answer validation claimed in this v3 enrichment.","CHECK_SOURCE_RIGHTS_AND_SCOPE","Prior 7-Tour candidate map; not semantic evidence.","","",""
"v8_2026_10_09","ECON-9708-4.6.4-BASE","4.6.4","AS","2","20","one_to_one_placeholder","Compare demand-pull inflation with cost-push inflation","not_classified","2501","NONE_VERIFIED","needs_atomicity_and_source_qa","not_started","not_started","false","Cambridge Economics 9708 2026-2028 v2 §4.6.4","unreviewed_practice_candidates","2501","ORIGINAL_IN_TOUR_PRACTICE_CANDIDATES","No stem/answer validation claimed in this v3 enrichment.","CHECK_SOURCE_RIGHTS_AND_SCOPE","Prior 7-Tour candidate map; not semantic evidence.","","",""
"v8_2026_10_09","ECON-9708-4.6.5-BASE","4.6.5","AS","2","20","source_scoped_integrated_single_provisional","Evaluate consequences of inflation","not_classified","2491;2511","NONE_VERIFIED","provisional_source_scope_teacher_signoff_pending","not_started","not_started","false","Cambridge Economics 9708 2026-2028 v2 §4.6.5","unreviewed_practice_candidates","2491;2511","ORIGINAL_IN_TOUR_PRACTICE_CANDIDATES","No stem/answer validation claimed in this v3 enrichment.","CHECK_SOURCE_RIGHTS_AND_SCOPE","Prior 7-Tour candidate map; not semantic evidence.","Cambridge Economics 9708 v2 (2026-2028) §4.6.5; uploaded Economics 4th edition Ch20; Tour 2","","Retain one: The official point is integrated; specific groups are teaching examples.. No question link or academic approval."
"v8_2026_10_09","ECON-9708-5.1.1-01","5.1.1","AS","3","21","syllabus_scoped_child_proposal","Explain how government policy pursues price stability at AS Level","objective_analysis","","NONE_VERIFIED","source_scoped_provisional_teacher_and_evidence_QA_pending","not_started","not_started","false","Cambridge Economics 9708 2026-2028 v2 §5.1.1","unreviewed_practice_candidates","2668;3163;3168;3235;3236","ORIGINAL_IN_TOUR_PRACTICE_CANDIDATES","No stem/answer validation claimed in this v3 enrichment.","CHECK_SOURCE_RIGHTS_AND_SCOPE","Prior 7-Tour candidate map; not semantic evidence.","Official Cambridge Economics 9708 (2026–2028) v2 §5.1.1; supplied Economics 4th edition Chapter 21; Tour 3","ECON-9708-5.1.1-BASE","SPLIT: Official §5.1.1 names 3 policy objectives and explicitly excludes knowledge of conflicts and trade-offs at AS. Question evidence not inherited from parent and not independently verified."
"v8_2026_10_09","ECON-9708-5.1.1-02","5.1.1","AS","3","21","syllabus_scoped_child_proposal","Explain how government policy pursues low unemployment at AS Level","objective_analysis","","NONE_VERIFIED","source_scoped_provisional_teacher_and_evidence_QA_pending","not_started","not_started","false","Cambridge Economics 9708 2026-2028 v2 §5.1.1","unreviewed_practice_candidates","2668;3163;3168;3235;3236","ORIGINAL_IN_TOUR_PRACTICE_CANDIDATES","No stem/answer validation claimed in this v3 enrichment.","CHECK_SOURCE_RIGHTS_AND_SCOPE","Prior 7-Tour candidate map; not semantic evidence.","Official Cambridge Economics 9708 (2026–2028) v2 §5.1.1; supplied Economics 4th edition Chapter 21; Tour 3","ECON-9708-5.1.1-BASE","SPLIT: Official §5.1.1 names 3 policy objectives and explicitly excludes knowledge of conflicts and trade-offs at AS. Question evidence not inherited from parent and not independently verified."
"v8_2026_10_09","ECON-9708-5.1.1-03","5.1.1","AS","3","21","syllabus_scoped_child_proposal","Explain how government policy pursues economic growth at AS Level","objective_analysis","","NONE_VERIFIED","source_scoped_provisional_teacher_and_evidence_QA_pending","not_started","not_started","false","Cambridge Economics 9708 2026-2028 v2 §5.1.1","unreviewed_practice_candidates","2668;3163;3168;3235;3236","ORIGINAL_IN_TOUR_PRACTICE_CANDIDATES","No stem/answer validation claimed in this v3 enrichment.","CHECK_SOURCE_RIGHTS_AND_SCOPE","Prior 7-Tour candidate map; not semantic evidence.","Official Cambridge Economics 9708 (2026–2028) v2 §5.1.1; supplied Economics 4th edition Chapter 21; Tour 3","ECON-9708-5.1.1-BASE","SPLIT: Official §5.1.1 names 3 policy objectives and explicitly excludes knowledge of conflicts and trade-offs at AS. Question evidence not inherited from parent and not independently verified."
"v8_2026_10_09","ECON-9708-5.2.1-BASE","5.2.1","AS","3","22","one_to_one_placeholder","Explain what a government budget records","not_classified","3169","NONE_VERIFIED","needs_atomicity_and_source_qa","not_started","not_started","false","Cambridge Economics 9708 2026-2028 v2 §5.2.1","unreviewed_practice_candidates","3169","ORIGINAL_IN_TOUR_PRACTICE_CANDIDATES","No stem/answer validation claimed in this v3 enrichment.","CHECK_SOURCE_RIGHTS_AND_SCOPE","Prior 7-Tour candidate map; not semantic evidence.","","",""
"v8_2026_10_09","ECON-9708-5.2.2-BASE","5.2.2","AS","3","22","source_scoped_integrated_single_provisional","Distinguish a government budget deficit from a surplus","not_classified","2671","NONE_VERIFIED","provisional_source_scope_teacher_signoff_pending","not_started","not_started","false","Cambridge Economics 9708 2026-2028 v2 §5.2.2","unreviewed_practice_candidates","2671","ORIGINAL_IN_TOUR_PRACTICE_CANDIDATES","No stem/answer validation claimed in this v3 enrichment.","CHECK_SOURCE_RIGHTS_AND_SCOPE","Prior 7-Tour candidate map; not semantic evidence.","Cambridge Economics 9708 v2 (2026-2028) §5.2.2; uploaded Economics 4th edition Ch22; Tour 3","","Retain one: One paired distinction.. No question link or academic approval."
"v8_2026_10_09","ECON-9708-5.2.3-01","5.2.3","AS","3","22","syllabus_scoped_child_proposal","Define the national debt and distinguish it from the annual deficit","syllabus_named_mechanism","","NONE_VERIFIED","provisional_source_scope_teacher_signoff_pending","not_started","not_started","false","Cambridge Economics 9708 2026-2028 v2 §5.2.3","partial","5096","Q5096 [Practice 6]","Debt constrained fiscal stimulus, not public debt definition","CHECK_SOURCE_RIGHTS_AND_SCOPE","Manual English-stem triage of previous 61 no-in-tour-candidate parent points. This is NOT verified correct answer/skill evidence.","Cambridge Economics 9708 v2 (2026-2028) §5.2.3; uploaded Economics 4th edition Ch22; Tour 3","ECON-9708-5.2.3-BASE","Split: Both meaning and significance are explicit.. Parent question candidates are NOT verified for child."
"v8_2026_10_09","ECON-9708-5.2.3-02","5.2.3","AS","3","22","syllabus_scoped_child_proposal","Explain the economic significance of national debt","syllabus_named_mechanism","","NONE_VERIFIED","provisional_source_scope_teacher_signoff_pending","not_started","not_started","false","Cambridge Economics 9708 2026-2028 v2 §5.2.3","partial","5096","Q5096 [Practice 6]","Debt constrained fiscal stimulus, not public debt definition","CHECK_SOURCE_RIGHTS_AND_SCOPE","Manual English-stem triage of previous 61 no-in-tour-candidate parent points. This is NOT verified correct answer/skill evidence.","Cambridge Economics 9708 v2 (2026-2028) §5.2.3; uploaded Economics 4th edition Ch22; Tour 3","ECON-9708-5.2.3-BASE","Split: Both meaning and significance are explicit.. Parent question candidates are NOT verified for child."
"v8_2026_10_09","ECON-9708-5.2.4-01","5.2.4","AS","3","22","syllabus_scoped_child_proposal","Distinguish direct from indirect taxes","syllabus_named_mechanism","","NONE_VERIFIED","provisional_source_scope_teacher_signoff_pending","not_started","not_started","false","Cambridge Economics 9708 2026-2028 v2 §5.2.4","unreviewed_practice_candidates","2656;3243","ORIGINAL_IN_TOUR_PRACTICE_CANDIDATES","No stem/answer validation claimed in this v3 enrichment.","CHECK_SOURCE_RIGHTS_AND_SCOPE","Prior 7-Tour candidate map; not semantic evidence.","Cambridge Economics 9708 v2 (2026-2028) §5.2.4; uploaded Economics 4th edition Ch22; Tour 3","ECON-9708-5.2.4-BASE","Split: Official tax categories, rates and motives are distinct.. Parent question candidates are NOT verified for child."
"v8_2026_10_09","ECON-9708-5.2.4-02","5.2.4","AS","3","22","syllabus_scoped_child_proposal","Classify progressive regressive and proportional taxation","syllabus_named_mechanism","","NONE_VERIFIED","provisional_source_scope_teacher_signoff_pending","not_started","not_started","false","Cambridge Economics 9708 2026-2028 v2 §5.2.4","unreviewed_practice_candidates","2656;3243","ORIGINAL_IN_TOUR_PRACTICE_CANDIDATES","No stem/answer validation claimed in this v3 enrichment.","CHECK_SOURCE_RIGHTS_AND_SCOPE","Prior 7-Tour candidate map; not semantic evidence.","Cambridge Economics 9708 v2 (2026-2028) §5.2.4; uploaded Economics 4th edition Ch22; Tour 3","ECON-9708-5.2.4-BASE","Split: Official tax categories, rates and motives are distinct.. Parent question candidates are NOT verified for child."
"v8_2026_10_09","ECON-9708-5.2.4-03","5.2.4","AS","3","22","syllabus_scoped_child_proposal","Distinguish marginal from average tax rates","syllabus_named_mechanism","","NONE_VERIFIED","provisional_source_scope_teacher_signoff_pending","not_started","not_started","false","Cambridge Economics 9708 2026-2028 v2 §5.2.4","unreviewed_practice_candidates","2656;3243","ORIGINAL_IN_TOUR_PRACTICE_CANDIDATES","No stem/answer validation claimed in this v3 enrichment.","CHECK_SOURCE_RIGHTS_AND_SCOPE","Prior 7-Tour candidate map; not semantic evidence.","Cambridge Economics 9708 v2 (2026-2028) §5.2.4; uploaded Economics 4th edition Ch22; Tour 3","ECON-9708-5.2.4-BASE","Split: Official tax categories, rates and motives are distinct.. Parent question candidates are NOT verified for child."
"v8_2026_10_09","ECON-9708-5.2.4-04","5.2.4","AS","3","22","syllabus_scoped_child_proposal","Explain reasons for taxation","syllabus_named_mechanism","","NONE_VERIFIED","provisional_source_scope_teacher_signoff_pending","not_started","not_started","false","Cambridge Economics 9708 2026-2028 v2 §5.2.4","unreviewed_practice_candidates","2656;3243","ORIGINAL_IN_TOUR_PRACTICE_CANDIDATES","No stem/answer validation claimed in this v3 enrichment.","CHECK_SOURCE_RIGHTS_AND_SCOPE","Prior 7-Tour candidate map; not semantic evidence.","Cambridge Economics 9708 v2 (2026-2028) §5.2.4; uploaded Economics 4th edition Ch22; Tour 3","ECON-9708-5.2.4-BASE","Split: Official tax categories, rates and motives are distinct.. Parent question candidates are NOT verified for child."
"v8_2026_10_09","ECON-9708-5.2.5-01","5.2.5","AS","3","22","syllabus_scoped_child_proposal","Distinguish capital investment from current government spending","syllabus_named_mechanism","","NONE_VERIFIED","provisional_source_scope_teacher_signoff_pending","not_started","not_started","false","Cambridge Economics 9708 2026-2028 v2 §5.2.5","unreviewed_practice_candidates","3169","ORIGINAL_IN_TOUR_PRACTICE_CANDIDATES","No stem/answer validation claimed in this v3 enrichment.","CHECK_SOURCE_RIGHTS_AND_SCOPE","Prior 7-Tour candidate map; not semantic evidence.","Cambridge Economics 9708 v2 (2026-2028) §5.2.5; uploaded Economics 4th edition Ch22; Tour 3","ECON-9708-5.2.5-BASE","Split: Official source names spending types and reasons.. Parent question candidates are NOT verified for child."
"v8_2026_10_09","ECON-9708-5.2.5-02","5.2.5","AS","3","22","syllabus_scoped_child_proposal","Explain reasons for government spending","syllabus_named_mechanism","","NONE_VERIFIED","provisional_source_scope_teacher_signoff_pending","not_started","not_started","false","Cambridge Economics 9708 2026-2028 v2 §5.2.5","unreviewed_practice_candidates","3169","ORIGINAL_IN_TOUR_PRACTICE_CANDIDATES","No stem/answer validation claimed in this v3 enrichment.","CHECK_SOURCE_RIGHTS_AND_SCOPE","Prior 7-Tour candidate map; not semantic evidence.","Cambridge Economics 9708 v2 (2026-2028) §5.2.5; uploaded Economics 4th edition Ch22; Tour 3","ECON-9708-5.2.5-BASE","Split: Official source names spending types and reasons.. Parent question candidates are NOT verified for child."
"v8_2026_10_09","ECON-9708-5.2.6-BASE","5.2.6","AS","3","22","one_to_one_placeholder","Distinguish fiscal expansion from fiscal contraction","not_classified","2561;3198;3243","NONE_VERIFIED","needs_atomicity_and_source_qa","not_started","not_started","false","Cambridge Economics 9708 2026-2028 v2 §5.2.6","unreviewed_practice_candidates","2561;3198;3243","ORIGINAL_IN_TOUR_PRACTICE_CANDIDATES","No stem/answer validation claimed in this v3 enrichment.","CHECK_SOURCE_RIGHTS_AND_SCOPE","Prior 7-Tour candidate map; not semantic evidence.","","",""
"v8_2026_10_09","ECON-9708-5.2.7-01","5.2.7","AS","3","22","syllabus_scoped_child_proposal","Analyse expansionary fiscal policy effects on real output prices and employment using AD/AS","syllabus_named_mechanism","","NONE_VERIFIED","provisional_source_scope_teacher_signoff_pending","not_started","not_started","false","Cambridge Economics 9708 2026-2028 v2 §5.2.7","unreviewed_practice_candidates","2656;3204","ORIGINAL_IN_TOUR_PRACTICE_CANDIDATES","No stem/answer validation claimed in this v3 enrichment.","CHECK_SOURCE_RIGHTS_AND_SCOPE","Prior 7-Tour candidate map; not semantic evidence.","Cambridge Economics 9708 v2 (2026-2028) §5.2.7; uploaded Economics 4th edition Ch22; Tour 3","ECON-9708-5.2.7-BASE","Split: Both directions are explicit; effects are coupled, not separate new topics.. Parent question candidates are NOT verified for child."
"v8_2026_10_09","ECON-9708-5.2.7-02","5.2.7","AS","3","22","syllabus_scoped_child_proposal","Analyse contractionary fiscal policy effects on real output prices and employment using AD/AS","syllabus_named_mechanism","","NONE_VERIFIED","provisional_source_scope_teacher_signoff_pending","not_started","not_started","false","Cambridge Economics 9708 2026-2028 v2 §5.2.7","unreviewed_practice_candidates","2656;3204","ORIGINAL_IN_TOUR_PRACTICE_CANDIDATES","No stem/answer validation claimed in this v3 enrichment.","CHECK_SOURCE_RIGHTS_AND_SCOPE","Prior 7-Tour candidate map; not semantic evidence.","Cambridge Economics 9708 v2 (2026-2028) §5.2.7; uploaded Economics 4th edition Ch22; Tour 3","ECON-9708-5.2.7-BASE","Split: Both directions are explicit; effects are coupled, not separate new topics.. Parent question candidates are NOT verified for child."
"v8_2026_10_09","ECON-9708-5.3.1-BASE","5.3.1","AS","3","23","source_scoped_integrated_single_provisional","Define monetary policy","not_classified","2667","NONE_VERIFIED","provisional_source_scope_teacher_signoff_pending","not_started","not_started","false","Cambridge Economics 9708 2026-2028 v2 §5.3.1","unreviewed_practice_candidates","2667","ORIGINAL_IN_TOUR_PRACTICE_CANDIDATES","No stem/answer validation claimed in this v3 enrichment.","CHECK_SOURCE_RIGHTS_AND_SCOPE","Prior 7-Tour candidate map; not semantic evidence.","Cambridge Economics 9708 v2 (2026-2028) §5.3.1; uploaded Economics 4th edition Ch23; Tour 3","","Retain one: Official point specifies definition only; do not introduce a separate central-bank institution requirement.. No question link or academic approval."
"v8_2026_10_09","ECON-9708-5.3.2-01","5.3.2","AS","3","23","syllabus_scoped_child_proposal","Explain the use of interest rates as a monetary-policy tool","policy_mechanism","","NONE_VERIFIED","source_scoped_provisional_teacher_and_evidence_QA_pending","not_started","not_started","false","Cambridge Economics 9708 2026-2028 v2 §5.3.2","unreviewed_practice_candidates","2564;2672;3171","ORIGINAL_IN_TOUR_PRACTICE_CANDIDATES","No stem/answer validation claimed in this v3 enrichment.","CHECK_SOURCE_RIGHTS_AND_SCOPE","Prior 7-Tour candidate map; not semantic evidence.","Official Cambridge Economics 9708 (2026–2028) v2 §5.3.2; supplied Economics 4th edition Chapter 23; Tour 3","ECON-9708-5.3.2-BASE","SPLIT: Official §5.3.2 enumerates 3 monetary-policy instruments. Question evidence not inherited from parent and not independently verified."
"v8_2026_10_09","ECON-9708-5.3.2-02","5.3.2","AS","3","23","syllabus_scoped_child_proposal","Explain changes in money supply as a monetary-policy tool","policy_mechanism","","NONE_VERIFIED","source_scoped_provisional_teacher_and_evidence_QA_pending","not_started","not_started","false","Cambridge Economics 9708 2026-2028 v2 §5.3.2","unreviewed_practice_candidates","2564;2672;3171","ORIGINAL_IN_TOUR_PRACTICE_CANDIDATES","No stem/answer validation claimed in this v3 enrichment.","CHECK_SOURCE_RIGHTS_AND_SCOPE","Prior 7-Tour candidate map; not semantic evidence.","Official Cambridge Economics 9708 (2026–2028) v2 §5.3.2; supplied Economics 4th edition Chapter 23; Tour 3","ECON-9708-5.3.2-BASE","SPLIT: Official §5.3.2 enumerates 3 monetary-policy instruments. Question evidence not inherited from parent and not independently verified."
"v8_2026_10_09","ECON-9708-5.3.2-03","5.3.2","AS","3","23","syllabus_scoped_child_proposal","Explain credit regulations as a monetary-policy tool","policy_mechanism","","NONE_VERIFIED","source_scoped_provisional_teacher_and_evidence_QA_pending","not_started","not_started","false","Cambridge Economics 9708 2026-2028 v2 §5.3.2","unreviewed_practice_candidates","2564;2672;3171","ORIGINAL_IN_TOUR_PRACTICE_CANDIDATES","No stem/answer validation claimed in this v3 enrichment.","CHECK_SOURCE_RIGHTS_AND_SCOPE","Prior 7-Tour candidate map; not semantic evidence.","Official Cambridge Economics 9708 (2026–2028) v2 §5.3.2; supplied Economics 4th edition Chapter 23; Tour 3","ECON-9708-5.3.2-BASE","SPLIT: Official §5.3.2 enumerates 3 monetary-policy instruments. Question evidence not inherited from parent and not independently verified."
"v8_2026_10_09","ECON-9708-5.3.3-BASE","5.3.3","AS","3","23","source_scoped_integrated_single_provisional","Distinguish expansionary from contractionary monetary policy as one comparison","not_classified","2564;3171;3208","NONE_VERIFIED","source_scoped_provisional_teacher_and_evidence_QA_pending","not_started","not_started","false","Cambridge Economics 9708 2026-2028 v2 §5.3.3","unreviewed_practice_candidates","2564;3171;3208","ORIGINAL_IN_TOUR_PRACTICE_CANDIDATES","No stem/answer validation claimed in this v3 enrichment.","CHECK_SOURCE_RIGHTS_AND_SCOPE","Prior 7-Tour candidate map; not semantic evidence.","Official Cambridge Economics 9708 (2026–2028) v2 §5.3.3; supplied Economics 4th edition Chapter 23; Tour 3","","RETAIN_SINGLE: Explicit distinction is a single comparison; specific policy instruments are assessed separately in §5.3.2. No automatic assessment mapping or examiner signoff."
"v8_2026_10_09","ECON-9708-5.3.4-BASE","5.3.4","AS","3","23","one_to_one_placeholder","Trace monetary measures through AD/AS to employment, output and prices","not_classified","2564;2672;3171;3208;3244","NONE_VERIFIED","needs_atomicity_and_source_qa","not_started","not_started","false","Cambridge Economics 9708 2026-2028 v2 §5.3.4","unreviewed_practice_candidates","2564;2672;3171;3208;3244","ORIGINAL_IN_TOUR_PRACTICE_CANDIDATES","No stem/answer validation claimed in this v3 enrichment.","CHECK_SOURCE_RIGHTS_AND_SCOPE","Prior 7-Tour candidate map; not semantic evidence.","","",""
"v8_2026_10_09","ECON-9708-5.4.1-BASE","5.4.1","AS","3","24","one_to_one_placeholder","Explain how supply-side policies affect long-run aggregate supply","not_classified","2552;2553","NONE_VERIFIED","needs_atomicity_and_source_qa","not_started","not_started","false","Cambridge Economics 9708 2026-2028 v2 §5.4.1","unreviewed_practice_candidates","2552;2553","ORIGINAL_IN_TOUR_PRACTICE_CANDIDATES","No stem/answer validation claimed in this v3 enrichment.","CHECK_SOURCE_RIGHTS_AND_SCOPE","Prior 7-Tour candidate map; not semantic evidence.","","",""
"v8_2026_10_09","ECON-9708-5.4.2-BASE","5.4.2","AS","3","24","one_to_one_placeholder","Link productivity growth with the economy's productive capacity","not_classified","3170;3240","NONE_VERIFIED","needs_atomicity_and_source_qa","not_started","not_started","false","Cambridge Economics 9708 2026-2028 v2 §5.4.2","unreviewed_practice_candidates","3170;3240","ORIGINAL_IN_TOUR_PRACTICE_CANDIDATES","No stem/answer validation claimed in this v3 enrichment.","CHECK_SOURCE_RIGHTS_AND_SCOPE","Prior 7-Tour candidate map; not semantic evidence.","","",""
"v8_2026_10_09","ECON-9708-5.4.3-BASE","5.4.3","AS","3","24","source_scoped_integrated_single_provisional","Explain tools of supply-side policy with suitable examples, such as skills training, infrastructure or technological improvement","not_classified","2655;2670;3196","NONE_VERIFIED","source_scoped_provisional_teacher_and_evidence_QA_pending","not_started","not_started","false","Cambridge Economics 9708 2026-2028 v2 §5.4.3","unreviewed_practice_candidates","2655;2670;3196","ORIGINAL_IN_TOUR_PRACTICE_CANDIDATES","No stem/answer validation claimed in this v3 enrichment.","CHECK_SOURCE_RIGHTS_AND_SCOPE","Prior 7-Tour candidate map; not semantic evidence.","Official Cambridge Economics 9708 (2026–2028) v2 §5.4.3; supplied Economics 4th edition Chapter 24; Tour 3","","RETAIN_SINGLE: Official 5.4.3 gives examples, not an exhaustive checklist; avoid treating each example as an independently mandatory Cambridge outcome. No automatic assessment mapping or examiner signoff."
"v8_2026_10_09","ECON-9708-5.4.4-BASE","5.4.4","AS","3","24","one_to_one_placeholder","Analyse supply-side impacts with AD/AS on real activity and prices","not_classified","2553;3174","NONE_VERIFIED","needs_atomicity_and_source_qa","not_started","not_started","false","Cambridge Economics 9708 2026-2028 v2 §5.4.4","unreviewed_practice_candidates","2553;3174","ORIGINAL_IN_TOUR_PRACTICE_CANDIDATES","No stem/answer validation claimed in this v3 enrichment.","CHECK_SOURCE_RIGHTS_AND_SCOPE","Prior 7-Tour candidate map; not semantic evidence.","","",""
"v8_2026_10_09","ECON-9708-6.1.1-BASE","6.1.1","AS","3","25","one_to_one_placeholder","Distinguish absolute advantage from comparative advantage","not_classified","2666;3194","NONE_VERIFIED","needs_atomicity_and_source_qa","not_started","not_started","false","Cambridge Economics 9708 2026-2028 v2 §6.1.1","unreviewed_practice_candidates","2666;3194","ORIGINAL_IN_TOUR_PRACTICE_CANDIDATES","No stem/answer validation claimed in this v3 enrichment.","CHECK_SOURCE_RIGHTS_AND_SCOPE","Prior 7-Tour candidate map; not semantic evidence.","","",""
"v8_2026_10_09","ECON-9708-6.1.2-01","6.1.2","AS","3","25","syllabus_scoped_child_proposal","Explain gains from international specialisation and free trade","trade_benefits","","NONE_VERIFIED","source_scoped_provisional_teacher_and_evidence_QA_pending","not_started","not_started","false","Cambridge Economics 9708 2026-2028 v2 §6.1.2","unreviewed_practice_candidates","2653;2657;3172;3197;3239","ORIGINAL_IN_TOUR_PRACTICE_CANDIDATES","No stem/answer validation claimed in this v3 enrichment.","CHECK_SOURCE_RIGHTS_AND_SCOPE","Prior 7-Tour candidate map; not semantic evidence.","Official Cambridge Economics 9708 (2026–2028) v2 §6.1.2; supplied Economics 4th edition Chapter 25; Tour 3","ECON-9708-6.1.2-BASE","SPLIT: Official §6.1.2 requires trading possibility curve as well as benefits of specialisation/free trade. Question evidence not inherited from parent and not independently verified."
"v8_2026_10_09","ECON-9708-6.1.2-02","6.1.2","AS","3","25","syllabus_scoped_child_proposal","Use and interpret the trading possibility curve in explaining the benefits of trade","diagram_analysis","","NONE_VERIFIED","source_scoped_provisional_teacher_and_evidence_QA_pending","not_started","not_started","false","Cambridge Economics 9708 2026-2028 v2 §6.1.2","unreviewed_practice_candidates","2653;2657;3172;3197;3239","ORIGINAL_IN_TOUR_PRACTICE_CANDIDATES","No stem/answer validation claimed in this v3 enrichment.","CHECK_SOURCE_RIGHTS_AND_SCOPE","Prior 7-Tour candidate map; not semantic evidence.","Official Cambridge Economics 9708 (2026–2028) v2 §6.1.2; supplied Economics 4th edition Chapter 25; Tour 3","ECON-9708-6.1.2-BASE","SPLIT: Official §6.1.2 requires trading possibility curve as well as benefits of specialisation/free trade. Question evidence not inherited from parent and not independently verified."
"v8_2026_10_09","ECON-9708-6.1.3-01","6.1.3","AS","3","25","syllabus_scoped_child_proposal","Measure and interpret the terms of trade using export and import price data","calculation","","NONE_VERIFIED","source_scoped_provisional_teacher_and_evidence_QA_pending","not_started","not_started","false","Cambridge Economics 9708 2026-2028 v2 §6.1.3","aligned","5406;5439","Q5406 [Practice 7]; Q5439 [Practice 7]","Terms-of-trade changes and interpretation; located in A Level Tour 7","CHECK_SOURCE_RIGHTS_AND_SCOPE","Manual English-stem triage of previous 61 no-in-tour-candidate parent points. This is NOT verified correct answer/skill evidence.","Official Cambridge Economics 9708 (2026–2028) v2 §6.1.3; supplied Economics 4th edition Chapter 25; Tour 3","ECON-9708-6.1.3-BASE","SPLIT: Official §6.1.3 supplies three bullet areas: measurement, causes and impact. Question evidence not inherited from parent and not independently verified."
"v8_2026_10_09","ECON-9708-6.1.3-02","6.1.3","AS","3","25","syllabus_scoped_child_proposal","Explain reasons why the terms of trade may change","causal_analysis","","NONE_VERIFIED","source_scoped_provisional_teacher_and_evidence_QA_pending","not_started","not_started","false","Cambridge Economics 9708 2026-2028 v2 §6.1.3","aligned","5406;5439","Q5406 [Practice 7]; Q5439 [Practice 7]","Terms-of-trade changes and interpretation; located in A Level Tour 7","CHECK_SOURCE_RIGHTS_AND_SCOPE","Manual English-stem triage of previous 61 no-in-tour-candidate parent points. This is NOT verified correct answer/skill evidence.","Official Cambridge Economics 9708 (2026–2028) v2 §6.1.3; supplied Economics 4th edition Chapter 25; Tour 3","ECON-9708-6.1.3-BASE","SPLIT: Official §6.1.3 supplies three bullet areas: measurement, causes and impact. Question evidence not inherited from parent and not independently verified."
"v8_2026_10_09","ECON-9708-6.1.3-03","6.1.3","AS","3","25","syllabus_scoped_child_proposal","Evaluate the economic consequences of a terms-of-trade change","evaluation","","NONE_VERIFIED","source_scoped_provisional_teacher_and_evidence_QA_pending","not_started","not_started","false","Cambridge Economics 9708 2026-2028 v2 §6.1.3","aligned","5406;5439","Q5406 [Practice 7]; Q5439 [Practice 7]","Terms-of-trade changes and interpretation; located in A Level Tour 7","CHECK_SOURCE_RIGHTS_AND_SCOPE","Manual English-stem triage of previous 61 no-in-tour-candidate parent points. This is NOT verified correct answer/skill evidence.","Official Cambridge Economics 9708 (2026–2028) v2 §6.1.3; supplied Economics 4th edition Chapter 25; Tour 3","ECON-9708-6.1.3-BASE","SPLIT: Official §6.1.3 supplies three bullet areas: measurement, causes and impact. Question evidence not inherited from parent and not independently verified."
"v8_2026_10_09","ECON-9708-6.1.4-BASE","6.1.4","AS","3","25","one_to_one_placeholder","Critique simplifying assumptions of absolute/comparative advantage models","not_classified","3194","NONE_VERIFIED","needs_atomicity_and_source_qa","not_started","not_started","false","Cambridge Economics 9708 2026-2028 v2 §6.1.4","unreviewed_practice_candidates","3194","ORIGINAL_IN_TOUR_PRACTICE_CANDIDATES","No stem/answer validation claimed in this v3 enrichment.","CHECK_SOURCE_RIGHTS_AND_SCOPE","Prior 7-Tour candidate map; not semantic evidence.","","",""
"v8_2026_10_09","ECON-9708-6.2.1-BASE","6.2.1","AS","3","26","one_to_one_placeholder","Define protectionism and identify its purpose","not_classified","2641","NONE_VERIFIED","needs_atomicity_and_source_qa","not_started","not_started","false","Cambridge Economics 9708 2026-2028 v2 §6.2.1","unreviewed_practice_candidates","2641","ORIGINAL_IN_TOUR_PRACTICE_CANDIDATES","No stem/answer validation claimed in this v3 enrichment.","CHECK_SOURCE_RIGHTS_AND_SCOPE","Prior 7-Tour candidate map; not semantic evidence.","","",""
"v8_2026_10_09","ECON-9708-6.2.2-01","6.2.2","AS","3","26","syllabus_scoped_child_proposal","Explain tariffs and their economic effects","syllabus_named_mechanism","","NONE_VERIFIED","provisional_source_scope_teacher_signoff_pending","not_started","not_started","false","Cambridge Economics 9708 2026-2028 v2 §6.2.2","unreviewed_practice_candidates","2659;3160;3207;3237","ORIGINAL_IN_TOUR_PRACTICE_CANDIDATES","No stem/answer validation claimed in this v3 enrichment.","CHECK_SOURCE_RIGHTS_AND_SCOPE","Prior 7-Tour candidate map; not semantic evidence.","Cambridge Economics 9708 v2 (2026-2028) §6.2.2; uploaded Economics 4th edition Ch26; Tour 3","ECON-9708-6.2.2-BASE","Split: Five named protection tools with different mechanisms.. Parent question candidates are NOT verified for child."
"v8_2026_10_09","ECON-9708-6.2.2-02","6.2.2","AS","3","26","syllabus_scoped_child_proposal","Explain import quotas and their economic effects","syllabus_named_mechanism","","NONE_VERIFIED","provisional_source_scope_teacher_signoff_pending","not_started","not_started","false","Cambridge Economics 9708 2026-2028 v2 §6.2.2","unreviewed_practice_candidates","2659;3160;3207;3237","ORIGINAL_IN_TOUR_PRACTICE_CANDIDATES","No stem/answer validation claimed in this v3 enrichment.","CHECK_SOURCE_RIGHTS_AND_SCOPE","Prior 7-Tour candidate map; not semantic evidence.","Cambridge Economics 9708 v2 (2026-2028) §6.2.2; uploaded Economics 4th edition Ch26; Tour 3","ECON-9708-6.2.2-BASE","Split: Five named protection tools with different mechanisms.. Parent question candidates are NOT verified for child."
"v8_2026_10_09","ECON-9708-6.2.2-03","6.2.2","AS","3","26","syllabus_scoped_child_proposal","Explain export subsidies and their economic effects","syllabus_named_mechanism","","NONE_VERIFIED","provisional_source_scope_teacher_signoff_pending","not_started","not_started","false","Cambridge Economics 9708 2026-2028 v2 §6.2.2","unreviewed_practice_candidates","2659;3160;3207;3237","ORIGINAL_IN_TOUR_PRACTICE_CANDIDATES","No stem/answer validation claimed in this v3 enrichment.","CHECK_SOURCE_RIGHTS_AND_SCOPE","Prior 7-Tour candidate map; not semantic evidence.","Cambridge Economics 9708 v2 (2026-2028) §6.2.2; uploaded Economics 4th edition Ch26; Tour 3","ECON-9708-6.2.2-BASE","Split: Five named protection tools with different mechanisms.. Parent question candidates are NOT verified for child."
"v8_2026_10_09","ECON-9708-6.2.2-04","6.2.2","AS","3","26","syllabus_scoped_child_proposal","Explain embargoes and their economic effects","syllabus_named_mechanism","","NONE_VERIFIED","provisional_source_scope_teacher_signoff_pending","not_started","not_started","false","Cambridge Economics 9708 2026-2028 v2 §6.2.2","unreviewed_practice_candidates","2659;3160;3207;3237","ORIGINAL_IN_TOUR_PRACTICE_CANDIDATES","No stem/answer validation claimed in this v3 enrichment.","CHECK_SOURCE_RIGHTS_AND_SCOPE","Prior 7-Tour candidate map; not semantic evidence.","Cambridge Economics 9708 v2 (2026-2028) §6.2.2; uploaded Economics 4th edition Ch26; Tour 3","ECON-9708-6.2.2-BASE","Split: Five named protection tools with different mechanisms.. Parent question candidates are NOT verified for child."
"v8_2026_10_09","ECON-9708-6.2.2-05","6.2.2","AS","3","26","syllabus_scoped_child_proposal","Explain excessive administrative trade barriers and their economic effects","syllabus_named_mechanism","","NONE_VERIFIED","provisional_source_scope_teacher_signoff_pending","not_started","not_started","false","Cambridge Economics 9708 2026-2028 v2 §6.2.2","unreviewed_practice_candidates","2659;3160;3207;3237","ORIGINAL_IN_TOUR_PRACTICE_CANDIDATES","No stem/answer validation claimed in this v3 enrichment.","CHECK_SOURCE_RIGHTS_AND_SCOPE","Prior 7-Tour candidate map; not semantic evidence.","Cambridge Economics 9708 v2 (2026-2028) §6.2.2; uploaded Economics 4th edition Ch26; Tour 3","ECON-9708-6.2.2-BASE","Split: Five named protection tools with different mechanisms.. Parent question candidates are NOT verified for child."
"v8_2026_10_09","ECON-9708-6.2.3-BASE","6.2.3","AS","3","26","source_scoped_integrated_single_provisional","Evaluate arguments for and against protectionism","not_classified","2646;2658;2641","NONE_VERIFIED","provisional_source_scope_teacher_signoff_pending","not_started","not_started","false","Cambridge Economics 9708 2026-2028 v2 §6.2.3","unreviewed_practice_candidates","2646;2658;2641","ORIGINAL_IN_TOUR_PRACTICE_CANDIDATES","No stem/answer validation claimed in this v3 enrichment.","CHECK_SOURCE_RIGHTS_AND_SCOPE","Prior 7-Tour candidate map; not semantic evidence.","Cambridge Economics 9708 v2 (2026-2028) §6.2.3; uploaded Economics 4th edition Ch26; Tour 3","","Retain one: Integrated evaluation of both sides.. No question link or academic approval."
"v8_2026_10_09","ECON-9708-6.3.1-BASE","6.3.1","AS","3","27","one_to_one_placeholder","Classify goods, services, primary and secondary income in the current account","not_classified","2638;2661;3201;3241","NONE_VERIFIED","needs_atomicity_and_source_qa","not_started","not_started","false","Cambridge Economics 9708 2026-2028 v2 §6.3.1","unreviewed_practice_candidates","2638;2661;3201;3241","ORIGINAL_IN_TOUR_PRACTICE_CANDIDATES","No stem/answer validation claimed in this v3 enrichment.","CHECK_SOURCE_RIGHTS_AND_SCOPE","Prior 7-Tour candidate map; not semantic evidence.","","",""
"v8_2026_10_09","ECON-9708-6.3.2-01","6.3.2","AS","3","27","provisional_split","Calculate a trade-in-goods balance","quantitative","","NONE_VERIFIED","needs_academic_and_evidence_review","not_started","not_started","false","Cambridge Economics 9708 2026-2028 v2 §6.3.2","partial","2494;5411","Q2494 [Practice 2]; Q5411 [Practice 7]","Net exports and classification, not complete current account balance","CHECK_SOURCE_RIGHTS_AND_SCOPE","Manual English-stem triage of previous 61 no-in-tour-candidate parent points. This is NOT verified correct answer/skill evidence.","","",""
"v8_2026_10_09","ECON-9708-6.3.2-02","6.3.2","AS","3","27","provisional_split","Calculate a trade-in-services balance","quantitative","","NONE_VERIFIED","needs_academic_and_evidence_review","not_started","not_started","false","Cambridge Economics 9708 2026-2028 v2 §6.3.2","partial","2494;5411","Q2494 [Practice 2]; Q5411 [Practice 7]","Net exports and classification, not complete current account balance","CHECK_SOURCE_RIGHTS_AND_SCOPE","Manual English-stem triage of previous 61 no-in-tour-candidate parent points. This is NOT verified correct answer/skill evidence.","","",""
"v8_2026_10_09","ECON-9708-6.3.2-03","6.3.2","AS","3","27","provisional_split","Calculate combined goods-and-services balance","quantitative","","NONE_VERIFIED","needs_academic_and_evidence_review","not_started","not_started","false","Cambridge Economics 9708 2026-2028 v2 §6.3.2","partial","2494;5411","Q2494 [Practice 2]; Q5411 [Practice 7]","Net exports and classification, not complete current account balance","CHECK_SOURCE_RIGHTS_AND_SCOPE","Manual English-stem triage of previous 61 no-in-tour-candidate parent points. This is NOT verified correct answer/skill evidence.","","",""
"v8_2026_10_09","ECON-9708-6.3.2-04","6.3.2","AS","3","27","provisional_split","Calculate overall current account balance with primary/secondary income","quantitative","","NONE_VERIFIED","needs_academic_and_evidence_review","not_started","not_started","false","Cambridge Economics 9708 2026-2028 v2 §6.3.2","partial","2494;5411","Q2494 [Practice 2]; Q5411 [Practice 7]","Net exports and classification, not complete current account balance","CHECK_SOURCE_RIGHTS_AND_SCOPE","Manual English-stem triage of previous 61 no-in-tour-candidate parent points. This is NOT verified correct answer/skill evidence.","","",""
"v8_2026_10_09","ECON-9708-6.3.3-BASE","6.3.3","AS","3","27","source_scoped_integrated_single_provisional","Explain causes of current-account imbalances","not_classified","2652;2654;3158","NONE_VERIFIED","provisional_source_scope_teacher_signoff_pending","not_started","not_started","false","Cambridge Economics 9708 2026-2028 v2 §6.3.3","unreviewed_practice_candidates","2652;2654;3158","ORIGINAL_IN_TOUR_PRACTICE_CANDIDATES","No stem/answer validation claimed in this v3 enrichment.","CHECK_SOURCE_RIGHTS_AND_SCOPE","Prior 7-Tour candidate map; not semantic evidence.","Cambridge Economics 9708 v2 (2026-2028) §6.3.3; uploaded Economics 4th edition Ch27; Tour 3","","Retain one: Does not enumerate domestic and external causes as mandatory separate competencies.. No question link or academic approval."
"v8_2026_10_09","ECON-9708-6.3.4-01","6.3.4","AS","3","27","syllabus_scoped_child_proposal","Analyse domestic-economy consequences of current-account imbalances","analysis","","NONE_VERIFIED","source_scoped_candidate_pending_independent_teacher_review","not_started","not_started","false","Cambridge Economics 9708 2026-2028 v2 §6.3.4","none","","","No direct consequences of current-account disequilibrium","CHECK_SOURCE_RIGHTS_AND_SCOPE","Manual English-stem triage of previous 61 no-in-tour-candidate parent points. This is NOT verified correct answer/skill evidence.","Official Cambridge 9708 2026-2028 v2 §6.3.4; uploaded Economics 4th edition","ECON-9708-6.3.4-BASE","Draft child-specific evidence NOT proven. Parent-question candidates are NOT inherited as verified child evidence."
"v8_2026_10_09","ECON-9708-6.3.4-02","6.3.4","AS","3","27","syllabus_scoped_child_proposal","Analyse external-economy consequences of current-account imbalances","analysis","","NONE_VERIFIED","source_scoped_candidate_pending_independent_teacher_review","not_started","not_started","false","Cambridge Economics 9708 2026-2028 v2 §6.3.4","none","","","No direct consequences of current-account disequilibrium","CHECK_SOURCE_RIGHTS_AND_SCOPE","Manual English-stem triage of previous 61 no-in-tour-candidate parent points. This is NOT verified correct answer/skill evidence.","Official Cambridge 9708 2026-2028 v2 §6.3.4; uploaded Economics 4th edition","ECON-9708-6.3.4-BASE","Draft child-specific evidence NOT proven. Parent-question candidates are NOT inherited as verified child evidence."
"v8_2026_10_09","ECON-9708-6.4.1-BASE","6.4.1","AS","3","28","one_to_one_placeholder","Define exchange rates with correct currency units","not_classified","2636","NONE_VERIFIED","needs_atomicity_and_source_qa","not_started","not_started","false","Cambridge Economics 9708 2026-2028 v2 §6.4.1","unreviewed_practice_candidates","2636","ORIGINAL_IN_TOUR_PRACTICE_CANDIDATES","No stem/answer validation claimed in this v3 enrichment.","CHECK_SOURCE_RIGHTS_AND_SCOPE","Prior 7-Tour candidate map; not semantic evidence.","","",""
"v8_2026_10_09","ECON-9708-6.4.2-BASE","6.4.2","AS","3","28","one_to_one_placeholder","Show floating exchange rate determined by currency supply and demand","not_classified","2644;3175","NONE_VERIFIED","needs_atomicity_and_source_qa","not_started","not_started","false","Cambridge Economics 9708 2026-2028 v2 §6.4.2","unreviewed_practice_candidates","2644;3175","ORIGINAL_IN_TOUR_PRACTICE_CANDIDATES","No stem/answer validation claimed in this v3 enrichment.","CHECK_SOURCE_RIGHTS_AND_SCOPE","Prior 7-Tour candidate map; not semantic evidence.","","",""
"v8_2026_10_09","ECON-9708-6.4.3-BASE","6.4.3","AS","3","28","source_scoped_integrated_single_provisional","Distinguish depreciation from appreciation of a floating exchange rate, stating quotation direction","not_classified","2636;3238","NONE_VERIFIED","source_scoped_provisional_teacher_and_evidence_QA_pending","not_started","not_started","false","Cambridge Economics 9708 2026-2028 v2 §6.4.3","unreviewed_practice_candidates","2636;3238","ORIGINAL_IN_TOUR_PRACTICE_CANDIDATES","No stem/answer validation claimed in this v3 enrichment.","CHECK_SOURCE_RIGHTS_AND_SCOPE","Prior 7-Tour candidate map; not semantic evidence.","Official Cambridge Economics 9708 (2026–2028) v2 §6.4.3; supplied Economics 4th edition Chapter 28; Tour 3","","RETAIN_SINGLE: Official §6.4.3 is strictly the currency-movement distinction. Domestic output, prices and employment effects belong to §6.4.5, not this item. No automatic assessment mapping or examiner signoff."
"v8_2026_10_09","ECON-9708-6.4.4-BASE","6.4.4","AS","3","28","one_to_one_placeholder","Explain shifts in currency demand and supply","not_classified","2645;2660;3209","NONE_VERIFIED","needs_atomicity_and_source_qa","not_started","not_started","false","Cambridge Economics 9708 2026-2028 v2 §6.4.4","unreviewed_practice_candidates","2645;2660;3209","ORIGINAL_IN_TOUR_PRACTICE_CANDIDATES","No stem/answer validation claimed in this v3 enrichment.","CHECK_SOURCE_RIGHTS_AND_SCOPE","Prior 7-Tour candidate map; not semantic evidence.","","",""
"v8_2026_10_09","ECON-9708-6.4.5-BASE","6.4.5","AS","3","28","one_to_one_placeholder","Use AD/AS to explain effects of exchange changes on domestic macroeconomy","not_classified","","NONE_VERIFIED","needs_atomicity_and_source_qa","not_started","not_started","false","Cambridge Economics 9708 2026-2028 v2 §6.4.5","aligned","6223","Q6223 [Tour S2 T6]","Appreciation to aggregate demand; Season 2 Tour 6","REVIEW_ELIGIBILITY_REQUIRED","Manual English-stem triage of previous 61 no-in-tour-candidate parent points. This is NOT verified correct answer/skill evidence.","","",""
"v8_2026_10_09","ECON-9708-6.5.1-BASE","6.5.1","AS","3","29","one_to_one_placeholder","Explain CA stability as a government external-sector objective","not_classified","2557","NONE_VERIFIED","needs_atomicity_and_source_qa","not_started","not_started","false","Cambridge Economics 9708 2026-2028 v2 §6.5.1","unreviewed_practice_candidates","2557","ORIGINAL_IN_TOUR_PRACTICE_CANDIDATES","No stem/answer validation claimed in this v3 enrichment.","CHECK_SOURCE_RIGHTS_AND_SCOPE","Prior 7-Tour candidate map; not semantic evidence.","","",""
"v8_2026_10_09","ECON-9708-6.5.2-01","6.5.2","AS","3","29","syllabus_scoped_child_proposal","Evaluate effects of fiscal policy on the current account","syllabus_named_mechanism","","NONE_VERIFIED","provisional_source_scope_teacher_signoff_pending","not_started","not_started","false","Cambridge Economics 9708 2026-2028 v2 §6.5.2","unreviewed_practice_candidates","2650;2651;2663;3159;3173;3200;3242;4021","ORIGINAL_IN_TOUR_PRACTICE_CANDIDATES","No stem/answer validation claimed in this v3 enrichment.","CHECK_SOURCE_RIGHTS_AND_SCOPE","Prior 7-Tour candidate map; not semantic evidence.","Cambridge Economics 9708 v2 (2026-2028) §6.5.2; uploaded Economics 4th edition Ch29; Tour 3","ECON-9708-6.5.2-BASE","Split: Four named policy categories, each an independent mechanism.. Parent question candidates are NOT verified for child."
"v8_2026_10_09","ECON-9708-6.5.2-02","6.5.2","AS","3","29","syllabus_scoped_child_proposal","Evaluate effects of monetary policy on the current account","syllabus_named_mechanism","","NONE_VERIFIED","provisional_source_scope_teacher_signoff_pending","not_started","not_started","false","Cambridge Economics 9708 2026-2028 v2 §6.5.2","unreviewed_practice_candidates","2650;2651;2663;3159;3173;3200;3242;4021","ORIGINAL_IN_TOUR_PRACTICE_CANDIDATES","No stem/answer validation claimed in this v3 enrichment.","CHECK_SOURCE_RIGHTS_AND_SCOPE","Prior 7-Tour candidate map; not semantic evidence.","Cambridge Economics 9708 v2 (2026-2028) §6.5.2; uploaded Economics 4th edition Ch29; Tour 3","ECON-9708-6.5.2-BASE","Split: Four named policy categories, each an independent mechanism.. Parent question candidates are NOT verified for child."
"v8_2026_10_09","ECON-9708-6.5.2-03","6.5.2","AS","3","29","syllabus_scoped_child_proposal","Evaluate effects of supply-side policy on the current account","syllabus_named_mechanism","","NONE_VERIFIED","provisional_source_scope_teacher_signoff_pending","not_started","not_started","false","Cambridge Economics 9708 2026-2028 v2 §6.5.2","unreviewed_practice_candidates","2650;2651;2663;3159;3173;3200;3242;4021","ORIGINAL_IN_TOUR_PRACTICE_CANDIDATES","No stem/answer validation claimed in this v3 enrichment.","CHECK_SOURCE_RIGHTS_AND_SCOPE","Prior 7-Tour candidate map; not semantic evidence.","Cambridge Economics 9708 v2 (2026-2028) §6.5.2; uploaded Economics 4th edition Ch29; Tour 3","ECON-9708-6.5.2-BASE","Split: Four named policy categories, each an independent mechanism.. Parent question candidates are NOT verified for child."
"v8_2026_10_09","ECON-9708-6.5.2-04","6.5.2","AS","3","29","syllabus_scoped_child_proposal","Evaluate effects of protectionist policy on the current account","syllabus_named_mechanism","","NONE_VERIFIED","provisional_source_scope_teacher_signoff_pending","not_started","not_started","false","Cambridge Economics 9708 2026-2028 v2 §6.5.2","unreviewed_practice_candidates","2650;2651;2663;3159;3173;3200;3242;4021","ORIGINAL_IN_TOUR_PRACTICE_CANDIDATES","No stem/answer validation claimed in this v3 enrichment.","CHECK_SOURCE_RIGHTS_AND_SCOPE","Prior 7-Tour candidate map; not semantic evidence.","Cambridge Economics 9708 v2 (2026-2028) §6.5.2; uploaded Economics 4th edition Ch29; Tour 3","ECON-9708-6.5.2-BASE","Split: Four named policy categories, each an independent mechanism.. Parent question candidates are NOT verified for child."
"v8_2026_10_09","ECON-9708-7.1.1-BASE","7.1.1","A_LEVEL_ADDITION","4","30","one_to_one_placeholder","Compute and interpret total utility and marginal utility","not_classified","3941","NONE_VERIFIED","needs_atomicity_and_source_qa","not_started","not_started","false","Cambridge Economics 9708 2026-2028 v2 §7.1.1","unreviewed_practice_candidates","3941","ORIGINAL_IN_TOUR_PRACTICE_CANDIDATES","No stem/answer validation claimed in this v3 enrichment.","CHECK_SOURCE_RIGHTS_AND_SCOPE","Prior 7-Tour candidate map; not semantic evidence.","","",""
"v8_2026_10_09","ECON-9708-7.1.2-BASE","7.1.2","A_LEVEL_ADDITION","4","30","one_to_one_placeholder","Explain why marginal utility typically falls as consumption increases","not_classified","3939;3940","NONE_VERIFIED","needs_atomicity_and_source_qa","not_started","not_started","false","Cambridge Economics 9708 2026-2028 v2 §7.1.2","unreviewed_practice_candidates","3939;3940","ORIGINAL_IN_TOUR_PRACTICE_CANDIDATES","No stem/answer validation claimed in this v3 enrichment.","CHECK_SOURCE_RIGHTS_AND_SCOPE","Prior 7-Tour candidate map; not semantic evidence.","","",""
"v8_2026_10_09","ECON-9708-7.1.3-BASE","7.1.3","A_LEVEL_ADDITION","4","30","one_to_one_placeholder","Apply the equi-marginal allocation rule to purchases","not_classified","3943","NONE_VERIFIED","needs_atomicity_and_source_qa","not_started","not_started","false","Cambridge Economics 9708 2026-2028 v2 §7.1.3","unreviewed_practice_candidates","3943","ORIGINAL_IN_TOUR_PRACTICE_CANDIDATES","No stem/answer validation claimed in this v3 enrichment.","CHECK_SOURCE_RIGHTS_AND_SCOPE","Prior 7-Tour candidate map; not semantic evidence.","","",""
"v8_2026_10_09","ECON-9708-7.1.4-BASE","7.1.4","A_LEVEL_ADDITION","4","30","one_to_one_placeholder","Derive the downward-sloping individual demand schedule from marginal utility","not_classified","","NONE_VERIFIED","needs_atomicity_and_source_qa","not_started","not_started","false","Cambridge Economics 9708 2026-2028 v2 §7.1.4","partial","3943","Q3943 [Practice 4]","Utility-maximising purchase decision; demand-curve derivation absent","CHECK_SOURCE_RIGHTS_AND_SCOPE","Manual English-stem triage of previous 61 no-in-tour-candidate parent points. This is NOT verified correct answer/skill evidence.","","",""
"v8_2026_10_09","ECON-9708-7.1.5-BASE","7.1.5","A_LEVEL_ADDITION","4","30","source_scoped_integrated_single_provisional","Evaluate limitations of marginal-utility theory and its assumptions of rational consumer behaviour","not_classified","3942","NONE_VERIFIED","source_scoped_provisional_teacher_and_evidence_QA_pending","not_started","not_started","false","Cambridge Economics 9708 2026-2028 v2 §7.1.5","unreviewed_practice_candidates","3942","ORIGINAL_IN_TOUR_PRACTICE_CANDIDATES","No stem/answer validation claimed in this v3 enrichment.","CHECK_SOURCE_RIGHTS_AND_SCOPE","Prior 7-Tour candidate map; not semantic evidence.","Official Cambridge Economics 9708 (2026–2028) v2 §7.1.5; supplied Economics 4th edition Chapter 30; Tour 4","","RETAIN_SINGLE: One integrated evaluation of marginal utility and rational-consumer assumptions under §7.1.5. No automatic assessment mapping or examiner signoff."
"v8_2026_10_09","ECON-9708-7.2.1-BASE","7.2.1","A_LEVEL_ADDITION","4","31","one_to_one_placeholder","Read and interpret indifference maps and budget lines","not_classified","3920;3922;3944;3945","NONE_VERIFIED","needs_atomicity_and_source_qa","not_started","not_started","false","Cambridge Economics 9708 2026-2028 v2 §7.2.1","unreviewed_practice_candidates","3920;3922;3944;3945","ORIGINAL_IN_TOUR_PRACTICE_CANDIDATES","No stem/answer validation claimed in this v3 enrichment.","CHECK_SOURCE_RIGHTS_AND_SCOPE","Prior 7-Tour candidate map; not semantic evidence.","","",""
"v8_2026_10_09","ECON-9708-7.2.2-BASE","7.2.2","A_LEVEL_ADDITION","4","31","one_to_one_placeholder","Explain and draw changes in a budget line from income or price changes","not_classified","3946;3947;3949","NONE_VERIFIED","needs_atomicity_and_source_qa","not_started","not_started","false","Cambridge Economics 9708 2026-2028 v2 §7.2.2","unreviewed_practice_candidates","3946;3947;3949","ORIGINAL_IN_TOUR_PRACTICE_CANDIDATES","No stem/answer validation claimed in this v3 enrichment.","CHECK_SOURCE_RIGHTS_AND_SCOPE","Prior 7-Tour candidate map; not semantic evidence.","","",""
"v8_2026_10_09","ECON-9708-7.2.3-01","7.2.3","A_LEVEL_ADDITION","4","31","provisional_split","Identify and explain substitution effects in consumption decisions","diagram","","NONE_VERIFIED","needs_academic_and_evidence_review","not_started","not_started","false","Cambridge Economics 9708 2026-2028 v2 §7.2.3","none","","","Labour wage-income effect is NOT consumer choice price decomposition","CHECK_SOURCE_RIGHTS_AND_SCOPE","Manual English-stem triage of previous 61 no-in-tour-candidate parent points. This is NOT verified correct answer/skill evidence.","","",""
"v8_2026_10_09","ECON-9708-7.2.3-02","7.2.3","A_LEVEL_ADDITION","4","31","provisional_split","Identify and explain income effects in consumption decisions","diagram","","NONE_VERIFIED","needs_academic_and_evidence_review","not_started","not_started","false","Cambridge Economics 9708 2026-2028 v2 §7.2.3","none","","","Labour wage-income effect is NOT consumer choice price decomposition","CHECK_SOURCE_RIGHTS_AND_SCOPE","Manual English-stem triage of previous 61 no-in-tour-candidate parent points. This is NOT verified correct answer/skill evidence.","","",""
"v8_2026_10_09","ECON-9708-7.2.3-03","7.2.3","A_LEVEL_ADDITION","4","31","provisional_split","Combine price, income and substitution effects for normal, inferior and Giffen goods","diagram","","NONE_VERIFIED","needs_academic_and_evidence_review","not_started","not_started","false","Cambridge Economics 9708 2026-2028 v2 §7.2.3","none","","","Labour wage-income effect is NOT consumer choice price decomposition","CHECK_SOURCE_RIGHTS_AND_SCOPE","Manual English-stem triage of previous 61 no-in-tour-candidate parent points. This is NOT verified correct answer/skill evidence.","","",""
"v8_2026_10_09","ECON-9708-7.2.4-BASE","7.2.4","A_LEVEL_ADDITION","4","31","one_to_one_placeholder","Evaluate assumptions of indifference-curve analysis","not_classified","3950;3951","NONE_VERIFIED","needs_atomicity_and_source_qa","not_started","not_started","false","Cambridge Economics 9708 2026-2028 v2 §7.2.4","unreviewed_practice_candidates","3950;3951","ORIGINAL_IN_TOUR_PRACTICE_CANDIDATES","No stem/answer validation claimed in this v3 enrichment.","CHECK_SOURCE_RIGHTS_AND_SCOPE","Prior 7-Tour candidate map; not semantic evidence.","","",""
"v8_2026_10_09","ECON-9708-7.3.1-BASE","7.3.1","A_LEVEL_ADDITION","4","32","one_to_one_placeholder","Distinguish productive from allocative efficiency","not_classified","3952;3953;3954","NONE_VERIFIED","needs_atomicity_and_source_qa","not_started","not_started","false","Cambridge Economics 9708 2026-2028 v2 §7.3.1","unreviewed_practice_candidates","3952;3953;3954","ORIGINAL_IN_TOUR_PRACTICE_CANDIDATES","No stem/answer validation claimed in this v3 enrichment.","CHECK_SOURCE_RIGHTS_AND_SCOPE","Prior 7-Tour candidate map; not semantic evidence.","","",""
"v8_2026_10_09","ECON-9708-7.3.2-BASE","7.3.2","A_LEVEL_ADDITION","4","32","one_to_one_placeholder","State and apply productive- and allocative-efficiency conditions","not_classified","3952;3953","NONE_VERIFIED","needs_atomicity_and_source_qa","not_started","not_started","false","Cambridge Economics 9708 2026-2028 v2 §7.3.2","unreviewed_practice_candidates","3952;3953","ORIGINAL_IN_TOUR_PRACTICE_CANDIDATES","No stem/answer validation claimed in this v3 enrichment.","CHECK_SOURCE_RIGHTS_AND_SCOPE","Prior 7-Tour candidate map; not semantic evidence.","","",""
"v8_2026_10_09","ECON-9708-7.3.3-BASE","7.3.3","A_LEVEL_ADDITION","4","32","one_to_one_placeholder","Test whether a reallocation represents a Pareto improvement","not_classified","","NONE_VERIFIED","needs_atomicity_and_source_qa","not_started","not_started","false","Cambridge Economics 9708 2026-2028 v2 §7.3.3","none","","","No Pareto criterion item found","CHECK_SOURCE_RIGHTS_AND_SCOPE","Manual English-stem triage of previous 61 no-in-tour-candidate parent points. This is NOT verified correct answer/skill evidence.","","",""
"v8_2026_10_09","ECON-9708-7.3.4-BASE","7.3.4","A_LEVEL_ADDITION","4","32","one_to_one_placeholder","Explain dynamic efficiency through investment and innovation","not_classified","3959","NONE_VERIFIED","needs_atomicity_and_source_qa","not_started","not_started","false","Cambridge Economics 9708 2026-2028 v2 §7.3.4","unreviewed_practice_candidates","3959","ORIGINAL_IN_TOUR_PRACTICE_CANDIDATES","No stem/answer validation claimed in this v3 enrichment.","CHECK_SOURCE_RIGHTS_AND_SCOPE","Prior 7-Tour candidate map; not semantic evidence.","","",""
"v8_2026_10_09","ECON-9708-7.3.5-BASE","7.3.5","A_LEVEL_ADDITION","4","32","one_to_one_placeholder","Identify outcomes characterised as market failure","not_classified","3912;3958","NONE_VERIFIED","needs_atomicity_and_source_qa","not_started","not_started","false","Cambridge Economics 9708 2026-2028 v2 §7.3.5","unreviewed_practice_candidates","3912;3958","ORIGINAL_IN_TOUR_PRACTICE_CANDIDATES","No stem/answer validation claimed in this v3 enrichment.","CHECK_SOURCE_RIGHTS_AND_SCOPE","Prior 7-Tour candidate map; not semantic evidence.","","",""
"v8_2026_10_09","ECON-9708-7.3.6-BASE","7.3.6","A_LEVEL_ADDITION","4","32","source_scoped_integrated_single_provisional","Explain major reasons for market failure, using relevant economic categories","not_classified","3955;3956;3957;3958","NONE_VERIFIED","source_scoped_retain_one_pending_independent_teacher_review","not_started","not_started","false","Cambridge Economics 9708 2026-2028 v2 §7.3.6","unreviewed_practice_candidates","3955;3956;3957;3958","ORIGINAL_IN_TOUR_PRACTICE_CANDIDATES","No stem/answer validation claimed in this v3 enrichment.","CHECK_SOURCE_RIGHTS_AND_SCOPE","Prior 7-Tour candidate map; not semantic evidence.","Cambridge 9708 syllabus 2026-2028 v2 §7.3.6; one integrated evaluative/comparative competence","","Explicit editorial retain-one decision; no examiner or child-source approval."
"v8_2026_10_09","ECON-9708-7.4.1-01","7.4.1","A_LEVEL_ADDITION","4","33","syllabus_scoped_child_proposal","Define and calculate total social cost using private cost and external cost components: SC = PC + EC","calculation","","NONE_VERIFIED","source_scoped_provisional_teacher_and_evidence_QA_pending","not_started","not_started","false","Cambridge Economics 9708 2026-2028 v2 §7.4.1","unreviewed_practice_candidates","3960;3963","ORIGINAL_IN_TOUR_PRACTICE_CANDIDATES","No stem/answer validation claimed in this v3 enrichment.","CHECK_SOURCE_RIGHTS_AND_SCOPE","Prior 7-Tour candidate map; not semantic evidence.","Official Cambridge Economics 9708 (2026–2028) v2 §7.4.1; supplied Economics 4th edition Chapter 33; Tour 4","ECON-9708-7.4.1-BASE","SPLIT: Official §7.4.1 covers both total and marginal cost relationships as separately calculable results. Question evidence not inherited from parent and not independently verified."
"v8_2026_10_09","ECON-9708-7.4.1-02","7.4.1","A_LEVEL_ADDITION","4","33","syllabus_scoped_child_proposal","Define and calculate marginal social cost using marginal private and marginal external costs: MSC = MPC + MEC","calculation","","NONE_VERIFIED","source_scoped_provisional_teacher_and_evidence_QA_pending","not_started","not_started","false","Cambridge Economics 9708 2026-2028 v2 §7.4.1","unreviewed_practice_candidates","3960;3963","ORIGINAL_IN_TOUR_PRACTICE_CANDIDATES","No stem/answer validation claimed in this v3 enrichment.","CHECK_SOURCE_RIGHTS_AND_SCOPE","Prior 7-Tour candidate map; not semantic evidence.","Official Cambridge Economics 9708 (2026–2028) v2 §7.4.1; supplied Economics 4th edition Chapter 33; Tour 4","ECON-9708-7.4.1-BASE","SPLIT: Official §7.4.1 covers both total and marginal cost relationships as separately calculable results. Question evidence not inherited from parent and not independently verified."
"v8_2026_10_09","ECON-9708-7.4.2-01","7.4.2","A_LEVEL_ADDITION","4","33","syllabus_scoped_child_proposal","Define and calculate total social benefit: SB = PB + EB","calculation","","NONE_VERIFIED","source_scoped_provisional_teacher_and_evidence_QA_pending","not_started","not_started","false","Cambridge Economics 9708 2026-2028 v2 §7.4.2","unreviewed_practice_candidates","3964","ORIGINAL_IN_TOUR_PRACTICE_CANDIDATES","No stem/answer validation claimed in this v3 enrichment.","CHECK_SOURCE_RIGHTS_AND_SCOPE","Prior 7-Tour candidate map; not semantic evidence.","Official Cambridge Economics 9708 (2026–2028) v2 §7.4.2; supplied Economics 4th edition Chapter 33; Tour 4","ECON-9708-7.4.2-BASE","SPLIT: Official §7.4.2 covers both total and marginal benefit relationships. Question evidence not inherited from parent and not independently verified."
"v8_2026_10_09","ECON-9708-7.4.2-02","7.4.2","A_LEVEL_ADDITION","4","33","syllabus_scoped_child_proposal","Define and calculate marginal social benefit: MSB = MPB + MEB","calculation","","NONE_VERIFIED","source_scoped_provisional_teacher_and_evidence_QA_pending","not_started","not_started","false","Cambridge Economics 9708 2026-2028 v2 §7.4.2","unreviewed_practice_candidates","3964","ORIGINAL_IN_TOUR_PRACTICE_CANDIDATES","No stem/answer validation claimed in this v3 enrichment.","CHECK_SOURCE_RIGHTS_AND_SCOPE","Prior 7-Tour candidate map; not semantic evidence.","Official Cambridge Economics 9708 (2026–2028) v2 §7.4.2; supplied Economics 4th edition Chapter 33; Tour 4","ECON-9708-7.4.2-BASE","SPLIT: Official §7.4.2 covers both total and marginal benefit relationships. Question evidence not inherited from parent and not independently verified."
"v8_2026_10_09","ECON-9708-7.4.3-BASE","7.4.3","A_LEVEL_ADDITION","4","33","source_scoped_integrated_single_provisional","Distinguish positive externalities from negative externalities","not_classified","3961;3962","NONE_VERIFIED","source_scoped_provisional_teacher_and_evidence_QA_pending","not_started","not_started","false","Cambridge Economics 9708 2026-2028 v2 §7.4.3","unreviewed_practice_candidates","3961;3962","ORIGINAL_IN_TOUR_PRACTICE_CANDIDATES","No stem/answer validation claimed in this v3 enrichment.","CHECK_SOURCE_RIGHTS_AND_SCOPE","Prior 7-Tour candidate map; not semantic evidence.","Official Cambridge Economics 9708 (2026–2028) v2 §7.4.3; supplied Economics 4th edition Chapter 33; Tour 4","","RETAIN_SINGLE: Paired definition/comparison of two externality directions is one coherent knowledge distinction; diagram cases belong to 7.4.4–5. No automatic assessment mapping or examiner signoff."
"v8_2026_10_09","ECON-9708-7.4.4-01","7.4.4","A_LEVEL_ADDITION","4","33","syllabus_scoped_child_proposal","Analyse a positive externality of consumption","diagram_analysis","","NONE_VERIFIED","source_scoped_provisional_teacher_and_evidence_QA_pending","not_started","not_started","false","Cambridge Economics 9708 2026-2028 v2 §7.4.4","unreviewed_practice_candidates","3961;3962","ORIGINAL_IN_TOUR_PRACTICE_CANDIDATES","No stem/answer validation claimed in this v3 enrichment.","CHECK_SOURCE_RIGHTS_AND_SCOPE","Prior 7-Tour candidate map; not semantic evidence.","Official Cambridge Economics 9708 (2026–2028) v2 §7.4.4; supplied Economics 4th edition Chapter 33; Tour 4","ECON-9708-7.4.4-BASE","SPLIT: Official §7.4.4 covers both signs applied to both sources (consumption and production), four distinct diagram cases. Question evidence not inherited from parent and not independently verified."
"v8_2026_10_09","ECON-9708-7.4.4-02","7.4.4","A_LEVEL_ADDITION","4","33","syllabus_scoped_child_proposal","Analyse a negative externality of consumption","diagram_analysis","","NONE_VERIFIED","source_scoped_provisional_teacher_and_evidence_QA_pending","not_started","not_started","false","Cambridge Economics 9708 2026-2028 v2 §7.4.4","unreviewed_practice_candidates","3961;3962","ORIGINAL_IN_TOUR_PRACTICE_CANDIDATES","No stem/answer validation claimed in this v3 enrichment.","CHECK_SOURCE_RIGHTS_AND_SCOPE","Prior 7-Tour candidate map; not semantic evidence.","Official Cambridge Economics 9708 (2026–2028) v2 §7.4.4; supplied Economics 4th edition Chapter 33; Tour 4","ECON-9708-7.4.4-BASE","SPLIT: Official §7.4.4 covers both signs applied to both sources (consumption and production), four distinct diagram cases. Question evidence not inherited from parent and not independently verified."
"v8_2026_10_09","ECON-9708-7.4.4-03","7.4.4","A_LEVEL_ADDITION","4","33","syllabus_scoped_child_proposal","Analyse a positive externality of production","diagram_analysis","","NONE_VERIFIED","source_scoped_provisional_teacher_and_evidence_QA_pending","not_started","not_started","false","Cambridge Economics 9708 2026-2028 v2 §7.4.4","unreviewed_practice_candidates","3961;3962","ORIGINAL_IN_TOUR_PRACTICE_CANDIDATES","No stem/answer validation claimed in this v3 enrichment.","CHECK_SOURCE_RIGHTS_AND_SCOPE","Prior 7-Tour candidate map; not semantic evidence.","Official Cambridge Economics 9708 (2026–2028) v2 §7.4.4; supplied Economics 4th edition Chapter 33; Tour 4","ECON-9708-7.4.4-BASE","SPLIT: Official §7.4.4 covers both signs applied to both sources (consumption and production), four distinct diagram cases. Question evidence not inherited from parent and not independently verified."
"v8_2026_10_09","ECON-9708-7.4.4-04","7.4.4","A_LEVEL_ADDITION","4","33","syllabus_scoped_child_proposal","Analyse a negative externality of production","diagram_analysis","","NONE_VERIFIED","source_scoped_provisional_teacher_and_evidence_QA_pending","not_started","not_started","false","Cambridge Economics 9708 2026-2028 v2 §7.4.4","unreviewed_practice_candidates","3961;3962","ORIGINAL_IN_TOUR_PRACTICE_CANDIDATES","No stem/answer validation claimed in this v3 enrichment.","CHECK_SOURCE_RIGHTS_AND_SCOPE","Prior 7-Tour candidate map; not semantic evidence.","Official Cambridge Economics 9708 (2026–2028) v2 §7.4.4; supplied Economics 4th edition Chapter 33; Tour 4","ECON-9708-7.4.4-BASE","SPLIT: Official §7.4.4 covers both signs applied to both sources (consumption and production), four distinct diagram cases. Question evidence not inherited from parent and not independently verified."
"v8_2026_10_09","ECON-9708-7.4.5-BASE","7.4.5","A_LEVEL_ADDITION","4","33","one_to_one_placeholder","Calculate or illustrate welfare loss from market outcomes with externalities","not_classified","3967","NONE_VERIFIED","needs_atomicity_and_source_qa","not_started","not_started","false","Cambridge Economics 9708 2026-2028 v2 §7.4.5","unreviewed_practice_candidates","3967","ORIGINAL_IN_TOUR_PRACTICE_CANDIDATES","No stem/answer validation claimed in this v3 enrichment.","CHECK_SOURCE_RIGHTS_AND_SCOPE","Prior 7-Tour candidate map; not semantic evidence.","","",""
"v8_2026_10_09","ECON-9708-7.4.6-01","7.4.6","A_LEVEL_ADDITION","4","33","syllabus_scoped_child_proposal","Explain how asymmetric information can cause inefficient market outcomes","causal_analysis","","NONE_VERIFIED","source_scoped_provisional_teacher_and_evidence_QA_pending","not_started","not_started","false","Cambridge Economics 9708 2026-2028 v2 §7.4.6","partial","2517","Q2517 [Practice 2]","Information asymmetry only, not moral hazard or adverse selection","CHECK_SOURCE_RIGHTS_AND_SCOPE","Manual English-stem triage of previous 61 no-in-tour-candidate parent points. This is NOT verified correct answer/skill evidence.","Official Cambridge Economics 9708 (2026–2028) v2 §7.4.6; supplied Economics 4th edition Chapter 33; Tour 4","ECON-9708-7.4.6-BASE","SPLIT: Official §7.4.6 separately names information asymmetry and moral hazard; do not automatically add formal adverse selection as an extra independent syllabus demand. Question evidence not inherited from parent and not independently verified."
"v8_2026_10_09","ECON-9708-7.4.6-02","7.4.6","A_LEVEL_ADDITION","4","33","syllabus_scoped_child_proposal","Explain moral hazard and distinguish it from asymmetric-information problems before the transaction","causal_analysis","","NONE_VERIFIED","source_scoped_provisional_teacher_and_evidence_QA_pending","not_started","not_started","false","Cambridge Economics 9708 2026-2028 v2 §7.4.6","partial","2517","Q2517 [Practice 2]","Information asymmetry only, not moral hazard or adverse selection","CHECK_SOURCE_RIGHTS_AND_SCOPE","Manual English-stem triage of previous 61 no-in-tour-candidate parent points. This is NOT verified correct answer/skill evidence.","Official Cambridge Economics 9708 (2026–2028) v2 §7.4.6; supplied Economics 4th edition Chapter 33; Tour 4","ECON-9708-7.4.6-BASE","SPLIT: Official §7.4.6 separately names information asymmetry and moral hazard; do not automatically add formal adverse selection as an extra independent syllabus demand. Question evidence not inherited from parent and not independently verified."
"v8_2026_10_09","ECON-9708-7.4.7-BASE","7.4.7","A_LEVEL_ADDITION","4","33","one_to_one_placeholder","Compare policy options through original cost-benefit reasoning, without requiring NPV","not_classified","","NONE_VERIFIED","needs_atomicity_and_source_qa","not_started","not_started","false","Cambridge Economics 9708 2026-2028 v2 §7.4.7","aligned","6203","Q6203 [Tour S2 T5]","Cost-benefit analysis limitations; Season 2 Tour 5","REVIEW_ELIGIBILITY_REQUIRED","Manual English-stem triage of previous 61 no-in-tour-candidate parent points. This is NOT verified correct answer/skill evidence.","","",""
"v8_2026_10_09","ECON-9708-7.5.1-01","7.5.1","A_LEVEL_ADDITION","4","34","syllabus_scoped_child_proposal","Distinguish fixed and variable factors in short-run production","definition","","NONE_VERIFIED","source_scoped_candidate_pending_independent_teacher_review","not_started","not_started","false","Cambridge Economics 9708 2026-2028 v2 §7.5.1","none","","","No TP/AP/MP product calculation evidence found","CHECK_SOURCE_RIGHTS_AND_SCOPE","Manual English-stem triage of previous 61 no-in-tour-candidate parent points. This is NOT verified correct answer/skill evidence.","Official Cambridge 9708 2026-2028 v2 §7.5.1; uploaded Economics 4th edition","ECON-9708-7.5.1-BASE","Draft child-specific evidence NOT proven. Parent-question candidates are NOT inherited as verified child evidence."
"v8_2026_10_09","ECON-9708-7.5.1-02","7.5.1","A_LEVEL_ADDITION","4","34","syllabus_scoped_child_proposal","Define and calculate total product (TP) from short-run output data","calculation","","NONE_VERIFIED","source_scoped_candidate_pending_independent_teacher_review","not_started","not_started","false","Cambridge Economics 9708 2026-2028 v2 §7.5.1","none","","","No TP/AP/MP product calculation evidence found","CHECK_SOURCE_RIGHTS_AND_SCOPE","Manual English-stem triage of previous 61 no-in-tour-candidate parent points. This is NOT verified correct answer/skill evidence.","Official Cambridge 9708 2026-2028 v2 §7.5.1; uploaded Economics 4th edition","ECON-9708-7.5.1-BASE","Draft child-specific evidence NOT proven. Parent-question candidates are NOT inherited as verified child evidence."
"v8_2026_10_09","ECON-9708-7.5.1-03","7.5.1","A_LEVEL_ADDITION","4","34","syllabus_scoped_child_proposal","Define and calculate average product (AP) per unit of variable input","calculation","","NONE_VERIFIED","source_scoped_candidate_pending_independent_teacher_review","not_started","not_started","false","Cambridge Economics 9708 2026-2028 v2 §7.5.1","none","","","No TP/AP/MP product calculation evidence found","CHECK_SOURCE_RIGHTS_AND_SCOPE","Manual English-stem triage of previous 61 no-in-tour-candidate parent points. This is NOT verified correct answer/skill evidence.","Official Cambridge 9708 2026-2028 v2 §7.5.1; uploaded Economics 4th edition","ECON-9708-7.5.1-BASE","Draft child-specific evidence NOT proven. Parent-question candidates are NOT inherited as verified child evidence."
"v8_2026_10_09","ECON-9708-7.5.1-04","7.5.1","A_LEVEL_ADDITION","4","34","syllabus_scoped_child_proposal","Define and calculate marginal product (MP) of an extra variable input","calculation","","NONE_VERIFIED","source_scoped_candidate_pending_independent_teacher_review","not_started","not_started","false","Cambridge Economics 9708 2026-2028 v2 §7.5.1","none","","","No TP/AP/MP product calculation evidence found","CHECK_SOURCE_RIGHTS_AND_SCOPE","Manual English-stem triage of previous 61 no-in-tour-candidate parent points. This is NOT verified correct answer/skill evidence.","Official Cambridge 9708 2026-2028 v2 §7.5.1; uploaded Economics 4th edition","ECON-9708-7.5.1-BASE","Draft child-specific evidence NOT proven. Parent-question candidates are NOT inherited as verified child evidence."
"v8_2026_10_09","ECON-9708-7.5.1-05","7.5.1","A_LEVEL_ADDITION","4","34","syllabus_scoped_child_proposal","Explain and apply the law of diminishing marginal returns with fixed factors","causal_analysis","","NONE_VERIFIED","source_scoped_candidate_pending_independent_teacher_review","not_started","not_started","false","Cambridge Economics 9708 2026-2028 v2 §7.5.1","none","","","No TP/AP/MP product calculation evidence found","CHECK_SOURCE_RIGHTS_AND_SCOPE","Manual English-stem triage of previous 61 no-in-tour-candidate parent points. This is NOT verified correct answer/skill evidence.","Official Cambridge 9708 2026-2028 v2 §7.5.1; uploaded Economics 4th edition","ECON-9708-7.5.1-BASE","Draft child-specific evidence NOT proven. Parent-question candidates are NOT inherited as verified child evidence."
"v8_2026_10_09","ECON-9708-7.5.2-01","7.5.2","A_LEVEL_ADDITION","4","34","provisional_split","Calculate fixed and variable short-run costs","quantitative","3968;3969;3970","NONE_VERIFIED","needs_academic_and_evidence_review","not_started","not_started","false","Cambridge Economics 9708 2026-2028 v2 §7.5.2","unreviewed_practice_candidates","3968;3969;3970","ORIGINAL_IN_TOUR_PRACTICE_CANDIDATES","No stem/answer validation claimed in this v3 enrichment.","CHECK_SOURCE_RIGHTS_AND_SCOPE","Prior 7-Tour candidate map; not semantic evidence.","","",""
"v8_2026_10_09","ECON-9708-7.5.2-02","7.5.2","A_LEVEL_ADDITION","4","34","provisional_split","Derive total cost and cost-per-unit measures from tabular data","quantitative","3968;3969;3970","NONE_VERIFIED","needs_academic_and_evidence_review","not_started","not_started","false","Cambridge Economics 9708 2026-2028 v2 §7.5.2","unreviewed_practice_candidates","3968;3969;3970","ORIGINAL_IN_TOUR_PRACTICE_CANDIDATES","No stem/answer validation claimed in this v3 enrichment.","CHECK_SOURCE_RIGHTS_AND_SCOPE","Prior 7-Tour candidate map; not semantic evidence.","","",""
"v8_2026_10_09","ECON-9708-7.5.2-03","7.5.2","A_LEVEL_ADDITION","4","34","provisional_split","Calculate and interpret marginal cost","quantitative","3968;3969;3970","NONE_VERIFIED","needs_academic_and_evidence_review","not_started","not_started","false","Cambridge Economics 9708 2026-2028 v2 §7.5.2","unreviewed_practice_candidates","3968;3969;3970","ORIGINAL_IN_TOUR_PRACTICE_CANDIDATES","No stem/answer validation claimed in this v3 enrichment.","CHECK_SOURCE_RIGHTS_AND_SCOPE","Prior 7-Tour candidate map; not semantic evidence.","","",""
"v8_2026_10_09","ECON-9708-7.5.2-04","7.5.2","A_LEVEL_ADDITION","4","34","provisional_split","Explain movements and shapes of AFC and AVC cost curves","diagram","3968;3969;3970","NONE_VERIFIED","needs_academic_and_evidence_review","not_started","not_started","false","Cambridge Economics 9708 2026-2028 v2 §7.5.2","unreviewed_practice_candidates","3968;3969;3970","ORIGINAL_IN_TOUR_PRACTICE_CANDIDATES","No stem/answer validation claimed in this v3 enrichment.","CHECK_SOURCE_RIGHTS_AND_SCOPE","Prior 7-Tour candidate map; not semantic evidence.","","",""
"v8_2026_10_09","ECON-9708-7.5.2-05","7.5.2","A_LEVEL_ADDITION","4","34","provisional_split","Compare ATC, AVC and MC relationships on cost curves","diagram","3968;3969;3970","NONE_VERIFIED","needs_academic_and_evidence_review","not_started","not_started","false","Cambridge Economics 9708 2026-2028 v2 §7.5.2","unreviewed_practice_candidates","3968;3969;3970","ORIGINAL_IN_TOUR_PRACTICE_CANDIDATES","No stem/answer validation claimed in this v3 enrichment.","CHECK_SOURCE_RIGHTS_AND_SCOPE","Prior 7-Tour candidate map; not semantic evidence.","","",""
"v8_2026_10_09","ECON-9708-7.5.3-BASE","7.5.3","A_LEVEL_ADDITION","4","34","one_to_one_placeholder","Explain variable inputs and returns to scale in the long run","not_classified","3974","NONE_VERIFIED","needs_atomicity_and_source_qa","not_started","not_started","false","Cambridge Economics 9708 2026-2028 v2 §7.5.3","unreviewed_practice_candidates","3974","ORIGINAL_IN_TOUR_PRACTICE_CANDIDATES","No stem/answer validation claimed in this v3 enrichment.","CHECK_SOURCE_RIGHTS_AND_SCOPE","Prior 7-Tour candidate map; not semantic evidence.","","",""
"v8_2026_10_09","ECON-9708-7.5.4-BASE","7.5.4","A_LEVEL_ADDITION","4","34","one_to_one_placeholder","Interpret long-run average cost and minimum efficient scale","not_classified","3977","NONE_VERIFIED","needs_atomicity_and_source_qa","not_started","not_started","false","Cambridge Economics 9708 2026-2028 v2 §7.5.4","unreviewed_practice_candidates","3977","ORIGINAL_IN_TOUR_PRACTICE_CANDIDATES","No stem/answer validation claimed in this v3 enrichment.","CHECK_SOURCE_RIGHTS_AND_SCOPE","Prior 7-Tour candidate map; not semantic evidence.","","",""
"v8_2026_10_09","ECON-9708-7.5.5-BASE","7.5.5","A_LEVEL_ADDITION","4","34","one_to_one_placeholder","Explain why internal or external scale advantages reduce average costs","not_classified","3975","NONE_VERIFIED","needs_atomicity_and_source_qa","not_started","not_started","false","Cambridge Economics 9708 2026-2028 v2 §7.5.5","unreviewed_practice_candidates","3975","ORIGINAL_IN_TOUR_PRACTICE_CANDIDATES","No stem/answer validation claimed in this v3 enrichment.","CHECK_SOURCE_RIGHTS_AND_SCOPE","Prior 7-Tour candidate map; not semantic evidence.","","",""
"v8_2026_10_09","ECON-9708-7.5.6-01","7.5.6","A_LEVEL_ADDITION","4","34","syllabus_scoped_child_proposal","Explain internal economies of scale and identify causes within the growing firm","causal_analysis","","NONE_VERIFIED","source_scoped_provisional_teacher_and_evidence_QA_pending","not_started","not_started","false","Cambridge Economics 9708 2026-2028 v2 §7.5.6","unreviewed_practice_candidates","3975","ORIGINAL_IN_TOUR_PRACTICE_CANDIDATES","No stem/answer validation claimed in this v3 enrichment.","CHECK_SOURCE_RIGHTS_AND_SCOPE","Prior 7-Tour candidate map; not semantic evidence.","Official Cambridge Economics 9708 (2026–2028) v2 §7.5.6; supplied Economics 4th edition Chapter 34; Tour 4","ECON-9708-7.5.6-BASE","SPLIT: Official §7.5.6 explicitly covers internal and external economies of scale. Question evidence not inherited from parent and not independently verified."
"v8_2026_10_09","ECON-9708-7.5.6-02","7.5.6","A_LEVEL_ADDITION","4","34","syllabus_scoped_child_proposal","Explain external economies of scale caused by wider industry development","causal_analysis","","NONE_VERIFIED","source_scoped_provisional_teacher_and_evidence_QA_pending","not_started","not_started","false","Cambridge Economics 9708 2026-2028 v2 §7.5.6","unreviewed_practice_candidates","3975","ORIGINAL_IN_TOUR_PRACTICE_CANDIDATES","No stem/answer validation claimed in this v3 enrichment.","CHECK_SOURCE_RIGHTS_AND_SCOPE","Prior 7-Tour candidate map; not semantic evidence.","Official Cambridge Economics 9708 (2026–2028) v2 §7.5.6; supplied Economics 4th edition Chapter 34; Tour 4","ECON-9708-7.5.6-BASE","SPLIT: Official §7.5.6 explicitly covers internal and external economies of scale. Question evidence not inherited from parent and not independently verified."
"v8_2026_10_09","ECON-9708-7.5.7-01","7.5.7","A_LEVEL_ADDITION","4","34","syllabus_scoped_child_proposal","Explain internal diseconomies of scale and identify firm-level causes","causal_analysis","","NONE_VERIFIED","source_scoped_candidate_pending_independent_teacher_review","not_started","not_started","false","Cambridge Economics 9708 2026-2028 v2 §7.5.7","none","","","No explicit diseconomies of scale question","CHECK_SOURCE_RIGHTS_AND_SCOPE","Manual English-stem triage of previous 61 no-in-tour-candidate parent points. This is NOT verified correct answer/skill evidence.","Official Cambridge 9708 2026-2028 v2 §7.5.7; uploaded Economics 4th edition","ECON-9708-7.5.7-BASE","Draft child-specific evidence NOT proven. Parent-question candidates are NOT inherited as verified child evidence."
"v8_2026_10_09","ECON-9708-7.5.7-02","7.5.7","A_LEVEL_ADDITION","4","34","syllabus_scoped_child_proposal","Explain external diseconomies of scale and identify industry-level causes","causal_analysis","","NONE_VERIFIED","source_scoped_candidate_pending_independent_teacher_review","not_started","not_started","false","Cambridge Economics 9708 2026-2028 v2 §7.5.7","none","","","No explicit diseconomies of scale question","CHECK_SOURCE_RIGHTS_AND_SCOPE","Manual English-stem triage of previous 61 no-in-tour-candidate parent points. This is NOT verified correct answer/skill evidence.","Official Cambridge 9708 2026-2028 v2 §7.5.7; uploaded Economics 4th edition","ECON-9708-7.5.7-BASE","Draft child-specific evidence NOT proven. Parent-question candidates are NOT inherited as verified child evidence."
"v8_2026_10_09","ECON-9708-7.5.8-01","7.5.8","A_LEVEL_ADDITION","4","34","syllabus_scoped_child_proposal","Calculate total revenue (TR) as price times quantity or from a revenue table","calculation","","NONE_VERIFIED","scope_grounded_in_official_bullet_list_not_examiner_approved","not_started","not_started","false","Cambridge Economics 9708 2026-2028 v2 §7.5.8","none","","","MRP labour is not business marginal revenue / revenue curves","CHECK_SOURCE_RIGHTS_AND_SCOPE","Manual English-stem triage of previous 61 no-in-tour-candidate parent points. This is NOT verified correct answer/skill evidence.","Cambridge Economics 9708 syllabus 2026-2028 v2; section 7.5.8","ECON-9708-7.5.8-BASE","Original candidate action mapped to official parent. No assertion that legacy practice candidates demonstrate this child skill."
"v8_2026_10_09","ECON-9708-7.5.8-02","7.5.8","A_LEVEL_ADDITION","4","34","syllabus_scoped_child_proposal","Calculate average revenue (AR) and relate it to the price per unit when uniform pricing applies","calculation","","NONE_VERIFIED","scope_grounded_in_official_bullet_list_not_examiner_approved","not_started","not_started","false","Cambridge Economics 9708 2026-2028 v2 §7.5.8","none","","","MRP labour is not business marginal revenue / revenue curves","CHECK_SOURCE_RIGHTS_AND_SCOPE","Manual English-stem triage of previous 61 no-in-tour-candidate parent points. This is NOT verified correct answer/skill evidence.","Cambridge Economics 9708 syllabus 2026-2028 v2; section 7.5.8","ECON-9708-7.5.8-BASE","Original candidate action mapped to official parent. No assertion that legacy practice candidates demonstrate this child skill."
"v8_2026_10_09","ECON-9708-7.5.8-03","7.5.8","A_LEVEL_ADDITION","4","34","syllabus_scoped_child_proposal","Calculate marginal revenue (MR) from changes in total revenue and distinguish MR from price","calculation","","NONE_VERIFIED","scope_grounded_in_official_bullet_list_not_examiner_approved","not_started","not_started","false","Cambridge Economics 9708 2026-2028 v2 §7.5.8","none","","","MRP labour is not business marginal revenue / revenue curves","CHECK_SOURCE_RIGHTS_AND_SCOPE","Manual English-stem triage of previous 61 no-in-tour-candidate parent points. This is NOT verified correct answer/skill evidence.","Cambridge Economics 9708 syllabus 2026-2028 v2; section 7.5.8","ECON-9708-7.5.8-BASE","Original candidate action mapped to official parent. No assertion that legacy practice candidates demonstrate this child skill."
"v8_2026_10_09","ECON-9708-7.5.9-01","7.5.9","A_LEVEL_ADDITION","4","34","syllabus_scoped_child_proposal","Define normal profit in relation to opportunity cost and total cost","definition","","NONE_VERIFIED","source_scoped_provisional_teacher_and_evidence_QA_pending","not_started","not_started","false","Cambridge Economics 9708 2026-2028 v2 §7.5.9","unreviewed_practice_candidates","3972;3973","ORIGINAL_IN_TOUR_PRACTICE_CANDIDATES","No stem/answer validation claimed in this v3 enrichment.","CHECK_SOURCE_RIGHTS_AND_SCOPE","Prior 7-Tour candidate map; not semantic evidence.","Official Cambridge Economics 9708 (2026–2028) v2 §7.5.9; supplied Economics 4th edition Chapter 34; Tour 4","ECON-9708-7.5.9-BASE","SPLIT: Official §7.5.9 separately names normal, subnormal and supernormal profit definitions. Question evidence not inherited from parent and not independently verified."
"v8_2026_10_09","ECON-9708-7.5.9-02","7.5.9","A_LEVEL_ADDITION","4","34","syllabus_scoped_child_proposal","Define subnormal profit and identify its relation to normal profit","definition","","NONE_VERIFIED","source_scoped_provisional_teacher_and_evidence_QA_pending","not_started","not_started","false","Cambridge Economics 9708 2026-2028 v2 §7.5.9","unreviewed_practice_candidates","3972;3973","ORIGINAL_IN_TOUR_PRACTICE_CANDIDATES","No stem/answer validation claimed in this v3 enrichment.","CHECK_SOURCE_RIGHTS_AND_SCOPE","Prior 7-Tour candidate map; not semantic evidence.","Official Cambridge Economics 9708 (2026–2028) v2 §7.5.9; supplied Economics 4th edition Chapter 34; Tour 4","ECON-9708-7.5.9-BASE","SPLIT: Official §7.5.9 separately names normal, subnormal and supernormal profit definitions. Question evidence not inherited from parent and not independently verified."
"v8_2026_10_09","ECON-9708-7.5.9-03","7.5.9","A_LEVEL_ADDITION","4","34","syllabus_scoped_child_proposal","Define supernormal profit and identify its relation to normal profit","definition","","NONE_VERIFIED","source_scoped_provisional_teacher_and_evidence_QA_pending","not_started","not_started","false","Cambridge Economics 9708 2026-2028 v2 §7.5.9","unreviewed_practice_candidates","3972;3973","ORIGINAL_IN_TOUR_PRACTICE_CANDIDATES","No stem/answer validation claimed in this v3 enrichment.","CHECK_SOURCE_RIGHTS_AND_SCOPE","Prior 7-Tour candidate map; not semantic evidence.","Official Cambridge Economics 9708 (2026–2028) v2 §7.5.9; supplied Economics 4th edition Chapter 34; Tour 4","ECON-9708-7.5.9-BASE","SPLIT: Official §7.5.9 separately names normal, subnormal and supernormal profit definitions. Question evidence not inherited from parent and not independently verified."
"v8_2026_10_09","ECON-9708-7.5.10-01","7.5.10","A_LEVEL_ADDITION","4","34","syllabus_scoped_child_proposal","Calculate supernormal profit from total/average revenue and cost evidence","calculation","","NONE_VERIFIED","source_scoped_provisional_teacher_and_evidence_QA_pending","not_started","not_started","false","Cambridge Economics 9708 2026-2028 v2 §7.5.10","unreviewed_practice_candidates","3972;3973","ORIGINAL_IN_TOUR_PRACTICE_CANDIDATES","No stem/answer validation claimed in this v3 enrichment.","CHECK_SOURCE_RIGHTS_AND_SCOPE","Prior 7-Tour candidate map; not semantic evidence.","Official Cambridge Economics 9708 (2026–2028) v2 §7.5.10; supplied Economics 4th edition Chapter 34; Tour 4","ECON-9708-7.5.10-BASE","SPLIT: Official §7.5.10 specifically names two separate calculations; normal-profit definition is in §7.5.9. Question evidence not inherited from parent and not independently verified."
"v8_2026_10_09","ECON-9708-7.5.10-02","7.5.10","A_LEVEL_ADDITION","4","34","syllabus_scoped_child_proposal","Calculate subnormal profit or an economic loss from revenue and cost evidence","calculation","","NONE_VERIFIED","source_scoped_provisional_teacher_and_evidence_QA_pending","not_started","not_started","false","Cambridge Economics 9708 2026-2028 v2 §7.5.10","unreviewed_practice_candidates","3972;3973","ORIGINAL_IN_TOUR_PRACTICE_CANDIDATES","No stem/answer validation claimed in this v3 enrichment.","CHECK_SOURCE_RIGHTS_AND_SCOPE","Prior 7-Tour candidate map; not semantic evidence.","Official Cambridge Economics 9708 (2026–2028) v2 §7.5.10; supplied Economics 4th edition Chapter 34; Tour 4","ECON-9708-7.5.10-BASE","SPLIT: Official §7.5.10 specifically names two separate calculations; normal-profit definition is in §7.5.9. Question evidence not inherited from parent and not independently verified."
"v8_2026_10_09","ECON-9708-7.6.1-01","7.6.1","A_LEVEL_ADDITION","4","35","syllabus_scoped_child_proposal","Identify perfect competition as a market structure","definition","3978;3979;3984;4115","NONE_VERIFIED","scope_grounded_in_official_bullet_list_not_examiner_approved","not_started","not_started","false","Cambridge Economics 9708 2026-2028 v2 §7.6.1","unreviewed_practice_candidates","3978;3979;3984;4115","ORIGINAL_IN_TOUR_PRACTICE_CANDIDATES","No stem/answer validation claimed in this v3 enrichment.","CHECK_SOURCE_RIGHTS_AND_SCOPE","Prior 7-Tour candidate map; not semantic evidence.","Cambridge Economics 9708 syllabus 2026-2028 v2; section 7.6.1","ECON-9708-7.6.1-BASE","Original candidate action mapped to official parent. No assertion that legacy practice candidates demonstrate this child skill."
"v8_2026_10_09","ECON-9708-7.6.1-02","7.6.1","A_LEVEL_ADDITION","4","35","syllabus_scoped_child_proposal","Explain the defining idea of monopoly","definition","3978;3979;3984;4115","NONE_VERIFIED","scope_grounded_in_official_bullet_list_not_examiner_approved","not_started","not_started","false","Cambridge Economics 9708 2026-2028 v2 §7.6.1","unreviewed_practice_candidates","3978;3979;3984;4115","ORIGINAL_IN_TOUR_PRACTICE_CANDIDATES","No stem/answer validation claimed in this v3 enrichment.","CHECK_SOURCE_RIGHTS_AND_SCOPE","Prior 7-Tour candidate map; not semantic evidence.","Cambridge Economics 9708 syllabus 2026-2028 v2; section 7.6.1","ECON-9708-7.6.1-BASE","Original candidate action mapped to official parent. No assertion that legacy practice candidates demonstrate this child skill."
"v8_2026_10_09","ECON-9708-7.6.1-03","7.6.1","A_LEVEL_ADDITION","4","35","syllabus_scoped_child_proposal","Identify monopolistic competition","definition","3978;3979;3984;4115","NONE_VERIFIED","scope_grounded_in_official_bullet_list_not_examiner_approved","not_started","not_started","false","Cambridge Economics 9708 2026-2028 v2 §7.6.1","unreviewed_practice_candidates","3978;3979;3984;4115","ORIGINAL_IN_TOUR_PRACTICE_CANDIDATES","No stem/answer validation claimed in this v3 enrichment.","CHECK_SOURCE_RIGHTS_AND_SCOPE","Prior 7-Tour candidate map; not semantic evidence.","Cambridge Economics 9708 syllabus 2026-2028 v2; section 7.6.1","ECON-9708-7.6.1-BASE","Original candidate action mapped to official parent. No assertion that legacy practice candidates demonstrate this child skill."
"v8_2026_10_09","ECON-9708-7.6.1-04","7.6.1","A_LEVEL_ADDITION","4","35","syllabus_scoped_child_proposal","Identify oligopoly","definition","3978;3979;3984;4115","NONE_VERIFIED","scope_grounded_in_official_bullet_list_not_examiner_approved","not_started","not_started","false","Cambridge Economics 9708 2026-2028 v2 §7.6.1","unreviewed_practice_candidates","3978;3979;3984;4115","ORIGINAL_IN_TOUR_PRACTICE_CANDIDATES","No stem/answer validation claimed in this v3 enrichment.","CHECK_SOURCE_RIGHTS_AND_SCOPE","Prior 7-Tour candidate map; not semantic evidence.","Cambridge Economics 9708 syllabus 2026-2028 v2; section 7.6.1","ECON-9708-7.6.1-BASE","Original candidate action mapped to official parent. No assertion that legacy practice candidates demonstrate this child skill."
"v8_2026_10_09","ECON-9708-7.6.1-05","7.6.1","A_LEVEL_ADDITION","4","35","syllabus_scoped_child_proposal","Explain natural monopoly as a market situation associated with large scale economies","definition","3978;3979;3984;4115","NONE_VERIFIED","scope_grounded_in_official_bullet_list_not_examiner_approved","not_started","not_started","false","Cambridge Economics 9708 2026-2028 v2 §7.6.1","unreviewed_practice_candidates","3978;3979;3984;4115","ORIGINAL_IN_TOUR_PRACTICE_CANDIDATES","No stem/answer validation claimed in this v3 enrichment.","CHECK_SOURCE_RIGHTS_AND_SCOPE","Prior 7-Tour candidate map; not semantic evidence.","Cambridge Economics 9708 syllabus 2026-2028 v2; section 7.6.1","ECON-9708-7.6.1-BASE","Original candidate action mapped to official parent. No assertion that legacy practice candidates demonstrate this child skill."
"v8_2026_10_09","ECON-9708-7.6.2-01","7.6.2","A_LEVEL_ADDITION","4","35","syllabus_scoped_child_proposal","Compare numbers of buyers and sellers across listed market structures","comparison","3978;3979;3980","NONE_VERIFIED","scope_grounded_in_official_bullet_list_not_examiner_approved","not_started","not_started","false","Cambridge Economics 9708 2026-2028 v2 §7.6.2","unreviewed_practice_candidates","3978;3979;3980","ORIGINAL_IN_TOUR_PRACTICE_CANDIDATES","No stem/answer validation claimed in this v3 enrichment.","CHECK_SOURCE_RIGHTS_AND_SCOPE","Prior 7-Tour candidate map; not semantic evidence.","Cambridge Economics 9708 syllabus 2026-2028 v2; section 7.6.2","ECON-9708-7.6.2-BASE","Original candidate action mapped to official parent. No assertion that legacy practice candidates demonstrate this child skill."
"v8_2026_10_09","ECON-9708-7.6.2-02","7.6.2","A_LEVEL_ADDITION","4","35","syllabus_scoped_child_proposal","Compare product differentiation across the listed market structures","comparison","3978;3979;3980","NONE_VERIFIED","scope_grounded_in_official_bullet_list_not_examiner_approved","not_started","not_started","false","Cambridge Economics 9708 2026-2028 v2 §7.6.2","unreviewed_practice_candidates","3978;3979;3980","ORIGINAL_IN_TOUR_PRACTICE_CANDIDATES","No stem/answer validation claimed in this v3 enrichment.","CHECK_SOURCE_RIGHTS_AND_SCOPE","Prior 7-Tour candidate map; not semantic evidence.","Cambridge Economics 9708 syllabus 2026-2028 v2; section 7.6.2","ECON-9708-7.6.2-BASE","Original candidate action mapped to official parent. No assertion that legacy practice candidates demonstrate this child skill."
"v8_2026_10_09","ECON-9708-7.6.2-03","7.6.2","A_LEVEL_ADDITION","4","35","syllabus_scoped_child_proposal","Compare freedom of entry and exit across listed market structures","comparison","3978;3979;3980","NONE_VERIFIED","scope_grounded_in_official_bullet_list_not_examiner_approved","not_started","not_started","false","Cambridge Economics 9708 2026-2028 v2 §7.6.2","unreviewed_practice_candidates","3978;3979;3980","ORIGINAL_IN_TOUR_PRACTICE_CANDIDATES","No stem/answer validation claimed in this v3 enrichment.","CHECK_SOURCE_RIGHTS_AND_SCOPE","Prior 7-Tour candidate map; not semantic evidence.","Cambridge Economics 9708 syllabus 2026-2028 v2; section 7.6.2","ECON-9708-7.6.2-BASE","Original candidate action mapped to official parent. No assertion that legacy practice candidates demonstrate this child skill."
"v8_2026_10_09","ECON-9708-7.6.2-04","7.6.2","A_LEVEL_ADDITION","4","35","syllabus_scoped_child_proposal","Compare information availability and its market implications across structures","comparison","3978;3979;3980","NONE_VERIFIED","scope_grounded_in_official_bullet_list_not_examiner_approved","not_started","not_started","false","Cambridge Economics 9708 2026-2028 v2 §7.6.2","unreviewed_practice_candidates","3978;3979;3980","ORIGINAL_IN_TOUR_PRACTICE_CANDIDATES","No stem/answer validation claimed in this v3 enrichment.","CHECK_SOURCE_RIGHTS_AND_SCOPE","Prior 7-Tour candidate map; not semantic evidence.","Cambridge Economics 9708 syllabus 2026-2028 v2; section 7.6.2","ECON-9708-7.6.2-BASE","Original candidate action mapped to official parent. No assertion that legacy practice candidates demonstrate this child skill."
"v8_2026_10_09","ECON-9708-7.6.3-01","7.6.3","A_LEVEL_ADDITION","4","35","syllabus_scoped_child_proposal","Explain legal barriers to market entry or exit","case","3980;3982","NONE_VERIFIED","scope_grounded_in_official_bullet_list_not_examiner_approved","not_started","not_started","false","Cambridge Economics 9708 2026-2028 v2 §7.6.3","unreviewed_practice_candidates","3980;3982","ORIGINAL_IN_TOUR_PRACTICE_CANDIDATES","No stem/answer validation claimed in this v3 enrichment.","CHECK_SOURCE_RIGHTS_AND_SCOPE","Prior 7-Tour candidate map; not semantic evidence.","Cambridge Economics 9708 syllabus 2026-2028 v2; section 7.6.3","ECON-9708-7.6.3-BASE","Original candidate action mapped to official parent. No assertion that legacy practice candidates demonstrate this child skill."
"v8_2026_10_09","ECON-9708-7.6.3-02","7.6.3","A_LEVEL_ADDITION","4","35","syllabus_scoped_child_proposal","Explain market-established barriers to entry or exit","case","3980;3982","NONE_VERIFIED","scope_grounded_in_official_bullet_list_not_examiner_approved","not_started","not_started","false","Cambridge Economics 9708 2026-2028 v2 §7.6.3","unreviewed_practice_candidates","3980;3982","ORIGINAL_IN_TOUR_PRACTICE_CANDIDATES","No stem/answer validation claimed in this v3 enrichment.","CHECK_SOURCE_RIGHTS_AND_SCOPE","Prior 7-Tour candidate map; not semantic evidence.","Cambridge Economics 9708 syllabus 2026-2028 v2; section 7.6.3","ECON-9708-7.6.3-BASE","Original candidate action mapped to official parent. No assertion that legacy practice candidates demonstrate this child skill."
"v8_2026_10_09","ECON-9708-7.6.3-03","7.6.3","A_LEVEL_ADDITION","4","35","syllabus_scoped_child_proposal","Explain cost barriers including sunk and scale-related cost barriers","case","3980;3982","NONE_VERIFIED","scope_grounded_in_official_bullet_list_not_examiner_approved","not_started","not_started","false","Cambridge Economics 9708 2026-2028 v2 §7.6.3","unreviewed_practice_candidates","3980;3982","ORIGINAL_IN_TOUR_PRACTICE_CANDIDATES","No stem/answer validation claimed in this v3 enrichment.","CHECK_SOURCE_RIGHTS_AND_SCOPE","Prior 7-Tour candidate map; not semantic evidence.","Cambridge Economics 9708 syllabus 2026-2028 v2; section 7.6.3","ECON-9708-7.6.3-BASE","Original candidate action mapped to official parent. No assertion that legacy practice candidates demonstrate this child skill."
"v8_2026_10_09","ECON-9708-7.6.3-04","7.6.3","A_LEVEL_ADDITION","4","35","syllabus_scoped_child_proposal","Explain physical entry or exit barriers to competition","case","3980;3982","NONE_VERIFIED","scope_grounded_in_official_bullet_list_not_examiner_approved","not_started","not_started","false","Cambridge Economics 9708 2026-2028 v2 §7.6.3","unreviewed_practice_candidates","3980;3982","ORIGINAL_IN_TOUR_PRACTICE_CANDIDATES","No stem/answer validation claimed in this v3 enrichment.","CHECK_SOURCE_RIGHTS_AND_SCOPE","Prior 7-Tour candidate map; not semantic evidence.","Cambridge Economics 9708 syllabus 2026-2028 v2; section 7.6.3","ECON-9708-7.6.3-BASE","Original candidate action mapped to official parent. No assertion that legacy practice candidates demonstrate this child skill."
"v8_2026_10_09","ECON-9708-7.6.4-01","7.6.4","A_LEVEL_ADDITION","4","35","provisional_split","Compare revenue curves by structure","diagram","3981;3982;4114","NONE_VERIFIED","needs_academic_and_evidence_review","not_started","not_started","false","Cambridge Economics 9708 2026-2028 v2 §7.6.4","unreviewed_practice_candidates","3981;3982;4114","ORIGINAL_IN_TOUR_PRACTICE_CANDIDATES","No stem/answer validation claimed in this v3 enrichment.","CHECK_SOURCE_RIGHTS_AND_SCOPE","Prior 7-Tour candidate map; not semantic evidence.","","",""
"v8_2026_10_09","ECON-9708-7.6.4-02","7.6.4","A_LEVEL_ADDITION","4","35","provisional_split","Model short-run equilibrium and profit","diagram","3981;3982;4114","NONE_VERIFIED","needs_academic_and_evidence_review","not_started","not_started","false","Cambridge Economics 9708 2026-2028 v2 §7.6.4","unreviewed_practice_candidates","3981;3982;4114","ORIGINAL_IN_TOUR_PRACTICE_CANDIDATES","No stem/answer validation claimed in this v3 enrichment.","CHECK_SOURCE_RIGHTS_AND_SCOPE","Prior 7-Tour candidate map; not semantic evidence.","","",""
"v8_2026_10_09","ECON-9708-7.6.4-03","7.6.4","A_LEVEL_ADDITION","4","35","provisional_split","Compare long-run output and profit","diagram","3981;3982;4114","NONE_VERIFIED","needs_academic_and_evidence_review","not_started","not_started","false","Cambridge Economics 9708 2026-2028 v2 §7.6.4","unreviewed_practice_candidates","3981;3982;4114","ORIGINAL_IN_TOUR_PRACTICE_CANDIDATES","No stem/answer validation claimed in this v3 enrichment.","CHECK_SOURCE_RIGHTS_AND_SCOPE","Prior 7-Tour candidate map; not semantic evidence.","","",""
"v8_2026_10_09","ECON-9708-7.6.4-04","7.6.4","A_LEVEL_ADDITION","4","35","provisional_split","Apply shutdown condition by firm type","quantitative","3981;3982;4114","NONE_VERIFIED","needs_academic_and_evidence_review","not_started","not_started","false","Cambridge Economics 9708 2026-2028 v2 §7.6.4","unreviewed_practice_candidates","3981;3982;4114","ORIGINAL_IN_TOUR_PRACTICE_CANDIDATES","No stem/answer validation claimed in this v3 enrichment.","CHECK_SOURCE_RIGHTS_AND_SCOPE","Prior 7-Tour candidate map; not semantic evidence.","","",""
"v8_2026_10_09","ECON-9708-7.6.4-05","7.6.4","A_LEVEL_ADDITION","4","35","provisional_split","Explain competitive firm's marginal-cost supply rule","diagram","3981;3982;4114","NONE_VERIFIED","needs_academic_and_evidence_review","not_started","not_started","false","Cambridge Economics 9708 2026-2028 v2 §7.6.4","unreviewed_practice_candidates","3981;3982;4114","ORIGINAL_IN_TOUR_PRACTICE_CANDIDATES","No stem/answer validation claimed in this v3 enrichment.","CHECK_SOURCE_RIGHTS_AND_SCOPE","Prior 7-Tour candidate map; not semantic evidence.","","",""
"v8_2026_10_09","ECON-9708-7.6.4-06","7.6.4","A_LEVEL_ADDITION","4","35","provisional_split","Compare efficiency and X-inefficiency across market structures","evaluation","3981;3982;4114","NONE_VERIFIED","needs_academic_and_evidence_review","not_started","not_started","false","Cambridge Economics 9708 2026-2028 v2 §7.6.4","unreviewed_practice_candidates","3981;3982;4114","ORIGINAL_IN_TOUR_PRACTICE_CANDIDATES","No stem/answer validation claimed in this v3 enrichment.","CHECK_SOURCE_RIGHTS_AND_SCOPE","Prior 7-Tour candidate map; not semantic evidence.","","",""
"v8_2026_10_09","ECON-9708-7.6.4-07","7.6.4","A_LEVEL_ADDITION","4","35","provisional_split","Judge contestability and entry barriers","evaluation","3981;3982;4114","NONE_VERIFIED","needs_academic_and_evidence_review","not_started","not_started","false","Cambridge Economics 9708 2026-2028 v2 §7.6.4","unreviewed_practice_candidates","3981;3982;4114","ORIGINAL_IN_TOUR_PRACTICE_CANDIDATES","No stem/answer validation claimed in this v3 enrichment.","CHECK_SOURCE_RIGHTS_AND_SCOPE","Prior 7-Tour candidate map; not semantic evidence.","","",""
"v8_2026_10_09","ECON-9708-7.6.4-08","7.6.4","A_LEVEL_ADDITION","4","35","provisional_split","Distinguish price and non-price competition","case","3981;3982;4114","NONE_VERIFIED","needs_academic_and_evidence_review","not_started","not_started","false","Cambridge Economics 9708 2026-2028 v2 §7.6.4","unreviewed_practice_candidates","3981;3982;4114","ORIGINAL_IN_TOUR_PRACTICE_CANDIDATES","No stem/answer validation claimed in this v3 enrichment.","CHECK_SOURCE_RIGHTS_AND_SCOPE","Prior 7-Tour candidate map; not semantic evidence.","","",""
"v8_2026_10_09","ECON-9708-7.6.4-09","7.6.4","A_LEVEL_ADDITION","4","35","provisional_split","Evaluate collusion and solve a two-firm Prisoner's Dilemma payoff matrix","quantitative","3981;3982;4114","NONE_VERIFIED","needs_academic_and_evidence_review","not_started","not_started","false","Cambridge Economics 9708 2026-2028 v2 §7.6.4","unreviewed_practice_candidates","3981;3982;4114","ORIGINAL_IN_TOUR_PRACTICE_CANDIDATES","No stem/answer validation claimed in this v3 enrichment.","CHECK_SOURCE_RIGHTS_AND_SCOPE","Prior 7-Tour candidate map; not semantic evidence.","","",""
"v8_2026_10_09","ECON-9708-7.6.5-01","7.6.5","A_LEVEL_ADDITION","4","35","syllabus_scoped_child_proposal","Define an industry concentration ratio and interpret its market meaning","definition","","NONE_VERIFIED","source_scoped_provisional_teacher_and_evidence_QA_pending","not_started","not_started","false","Cambridge Economics 9708 2026-2028 v2 §7.6.5","unreviewed_practice_candidates","3985","ORIGINAL_IN_TOUR_PRACTICE_CANDIDATES","No stem/answer validation claimed in this v3 enrichment.","CHECK_SOURCE_RIGHTS_AND_SCOPE","Prior 7-Tour candidate map; not semantic evidence.","Official Cambridge Economics 9708 (2026–2028) v2 §7.6.5; supplied Economics 4th edition Chapter 35; Tour 4","ECON-9708-7.6.5-BASE","SPLIT: Official §7.6.5 explicitly requires both definition and calculation. Question evidence not inherited from parent and not independently verified."
"v8_2026_10_09","ECON-9708-7.6.5-02","7.6.5","A_LEVEL_ADDITION","4","35","syllabus_scoped_child_proposal","Calculate a specified-firm concentration ratio using market-share information","calculation","","NONE_VERIFIED","source_scoped_provisional_teacher_and_evidence_QA_pending","not_started","not_started","false","Cambridge Economics 9708 2026-2028 v2 §7.6.5","unreviewed_practice_candidates","3985","ORIGINAL_IN_TOUR_PRACTICE_CANDIDATES","No stem/answer validation claimed in this v3 enrichment.","CHECK_SOURCE_RIGHTS_AND_SCOPE","Prior 7-Tour candidate map; not semantic evidence.","Official Cambridge Economics 9708 (2026–2028) v2 §7.6.5; supplied Economics 4th edition Chapter 35; Tour 4","ECON-9708-7.6.5-BASE","SPLIT: Official §7.6.5 explicitly requires both definition and calculation. Question evidence not inherited from parent and not independently verified."
"v8_2026_10_09","ECON-9708-7.7.1-BASE","7.7.1","A_LEVEL_ADDITION","4","36","one_to_one_placeholder","Explain why firms operating in the same industry differ in size","not_classified","3988;3992","NONE_VERIFIED","needs_atomicity_and_source_qa","not_started","not_started","false","Cambridge Economics 9708 2026-2028 v2 §7.7.1","unreviewed_practice_candidates","3988;3992","ORIGINAL_IN_TOUR_PRACTICE_CANDIDATES","No stem/answer validation claimed in this v3 enrichment.","CHECK_SOURCE_RIGHTS_AND_SCOPE","Prior 7-Tour candidate map; not semantic evidence.","","",""
"v8_2026_10_09","ECON-9708-7.7.2-01","7.7.2","A_LEVEL_ADDITION","4","36","syllabus_scoped_child_proposal","Explain organic internal growth by firms","business_growth","","NONE_VERIFIED","source_scoped_provisional_teacher_and_evidence_QA_pending","not_started","not_started","false","Cambridge Economics 9708 2026-2028 v2 §7.7.2","unreviewed_practice_candidates","3989;3990","ORIGINAL_IN_TOUR_PRACTICE_CANDIDATES","No stem/answer validation claimed in this v3 enrichment.","CHECK_SOURCE_RIGHTS_AND_SCOPE","Prior 7-Tour candidate map; not semantic evidence.","Official Cambridge Economics 9708 (2026–2028) v2 §7.7.2; supplied Economics 4th edition Chapter 36; Tour 4","ECON-9708-7.7.2-BASE","SPLIT: Official §7.7.2 names organic growth and diversification within internal growth. Question evidence not inherited from parent and not independently verified."
"v8_2026_10_09","ECON-9708-7.7.2-02","7.7.2","A_LEVEL_ADDITION","4","36","syllabus_scoped_child_proposal","Explain diversification as a form of internal business growth","business_growth","","NONE_VERIFIED","source_scoped_provisional_teacher_and_evidence_QA_pending","not_started","not_started","false","Cambridge Economics 9708 2026-2028 v2 §7.7.2","unreviewed_practice_candidates","3989;3990","ORIGINAL_IN_TOUR_PRACTICE_CANDIDATES","No stem/answer validation claimed in this v3 enrichment.","CHECK_SOURCE_RIGHTS_AND_SCOPE","Prior 7-Tour candidate map; not semantic evidence.","Official Cambridge Economics 9708 (2026–2028) v2 §7.7.2; supplied Economics 4th edition Chapter 36; Tour 4","ECON-9708-7.7.2-BASE","SPLIT: Official §7.7.2 names organic growth and diversification within internal growth. Question evidence not inherited from parent and not independently verified."
"v8_2026_10_09","ECON-9708-7.7.3-01","7.7.3","A_LEVEL_ADDITION","4","36","syllabus_scoped_child_proposal","Identify horizontal integration and its implications","case","3991","NONE_VERIFIED","scope_grounded_in_official_bullet_list_not_examiner_approved","not_started","not_started","false","Cambridge Economics 9708 2026-2028 v2 §7.7.3","unreviewed_practice_candidates","3991","ORIGINAL_IN_TOUR_PRACTICE_CANDIDATES","No stem/answer validation claimed in this v3 enrichment.","CHECK_SOURCE_RIGHTS_AND_SCOPE","Prior 7-Tour candidate map; not semantic evidence.","Cambridge Economics 9708 syllabus 2026-2028 v2; section 7.7.3","ECON-9708-7.7.3-BASE","Original candidate action mapped to official parent. No assertion that legacy practice candidates demonstrate this child skill."
"v8_2026_10_09","ECON-9708-7.7.3-02","7.7.3","A_LEVEL_ADDITION","4","36","syllabus_scoped_child_proposal","Identify forward vertical integration and its implications","case","3991","NONE_VERIFIED","scope_grounded_in_official_bullet_list_not_examiner_approved","not_started","not_started","false","Cambridge Economics 9708 2026-2028 v2 §7.7.3","unreviewed_practice_candidates","3991","ORIGINAL_IN_TOUR_PRACTICE_CANDIDATES","No stem/answer validation claimed in this v3 enrichment.","CHECK_SOURCE_RIGHTS_AND_SCOPE","Prior 7-Tour candidate map; not semantic evidence.","Cambridge Economics 9708 syllabus 2026-2028 v2; section 7.7.3","ECON-9708-7.7.3-BASE","Original candidate action mapped to official parent. No assertion that legacy practice candidates demonstrate this child skill."
"v8_2026_10_09","ECON-9708-7.7.3-03","7.7.3","A_LEVEL_ADDITION","4","36","syllabus_scoped_child_proposal","Identify backward vertical integration and its implications","case","3991","NONE_VERIFIED","scope_grounded_in_official_bullet_list_not_examiner_approved","not_started","not_started","false","Cambridge Economics 9708 2026-2028 v2 §7.7.3","unreviewed_practice_candidates","3991","ORIGINAL_IN_TOUR_PRACTICE_CANDIDATES","No stem/answer validation claimed in this v3 enrichment.","CHECK_SOURCE_RIGHTS_AND_SCOPE","Prior 7-Tour candidate map; not semantic evidence.","Cambridge Economics 9708 syllabus 2026-2028 v2; section 7.7.3","ECON-9708-7.7.3-BASE","Original candidate action mapped to official parent. No assertion that legacy practice candidates demonstrate this child skill."
"v8_2026_10_09","ECON-9708-7.7.3-04","7.7.3","A_LEVEL_ADDITION","4","36","syllabus_scoped_child_proposal","Identify conglomerate integration and its implications","case","3991","NONE_VERIFIED","scope_grounded_in_official_bullet_list_not_examiner_approved","not_started","not_started","false","Cambridge Economics 9708 2026-2028 v2 §7.7.3","unreviewed_practice_candidates","3991","ORIGINAL_IN_TOUR_PRACTICE_CANDIDATES","No stem/answer validation claimed in this v3 enrichment.","CHECK_SOURCE_RIGHTS_AND_SCOPE","Prior 7-Tour candidate map; not semantic evidence.","Cambridge Economics 9708 syllabus 2026-2028 v2; section 7.7.3","ECON-9708-7.7.3-BASE","Original candidate action mapped to official parent. No assertion that legacy practice candidates demonstrate this child skill."
"v8_2026_10_09","ECON-9708-7.7.3-05","7.7.3","A_LEVEL_ADDITION","4","36","syllabus_scoped_child_proposal","Analyse reasons a business may choose mergers and takeovers","analysis","3991","NONE_VERIFIED","scope_grounded_in_official_bullet_list_not_examiner_approved","not_started","not_started","false","Cambridge Economics 9708 2026-2028 v2 §7.7.3","unreviewed_practice_candidates","3991","ORIGINAL_IN_TOUR_PRACTICE_CANDIDATES","No stem/answer validation claimed in this v3 enrichment.","CHECK_SOURCE_RIGHTS_AND_SCOPE","Prior 7-Tour candidate map; not semantic evidence.","Cambridge Economics 9708 syllabus 2026-2028 v2; section 7.7.3","ECON-9708-7.7.3-BASE","Original candidate action mapped to official parent. No assertion that legacy practice candidates demonstrate this child skill."
"v8_2026_10_09","ECON-9708-7.7.3-06","7.7.3","A_LEVEL_ADDITION","4","36","syllabus_scoped_child_proposal","Evaluate possible consequences of external business integration","evaluation","3991","NONE_VERIFIED","scope_grounded_in_official_bullet_list_not_examiner_approved","not_started","not_started","false","Cambridge Economics 9708 2026-2028 v2 §7.7.3","unreviewed_practice_candidates","3991","ORIGINAL_IN_TOUR_PRACTICE_CANDIDATES","No stem/answer validation claimed in this v3 enrichment.","CHECK_SOURCE_RIGHTS_AND_SCOPE","Prior 7-Tour candidate map; not semantic evidence.","Cambridge Economics 9708 syllabus 2026-2028 v2; section 7.7.3","ECON-9708-7.7.3-BASE","Original candidate action mapped to official parent. No assertion that legacy practice candidates demonstrate this child skill."
"v8_2026_10_09","ECON-9708-7.7.4-01","7.7.4","A_LEVEL_ADDITION","4","36","syllabus_scoped_child_proposal","Explain conditions that make a cartel effective or stable","causal_analysis","","NONE_VERIFIED","source_scoped_candidate_pending_independent_teacher_review","not_started","not_started","false","Cambridge Economics 9708 2026-2028 v2 §7.7.4","none","","","No direct cartel stability/collusion question","CHECK_SOURCE_RIGHTS_AND_SCOPE","Manual English-stem triage of previous 61 no-in-tour-candidate parent points. This is NOT verified correct answer/skill evidence.","Official Cambridge 9708 2026-2028 v2 §7.7.4; uploaded Economics 4th edition","ECON-9708-7.7.4-BASE","Draft child-specific evidence NOT proven. Parent-question candidates are NOT inherited as verified child evidence."
"v8_2026_10_09","ECON-9708-7.7.4-02","7.7.4","A_LEVEL_ADDITION","4","36","syllabus_scoped_child_proposal","Analyse economic consequences of a cartel for firms, consumers and welfare","analysis","","NONE_VERIFIED","source_scoped_candidate_pending_independent_teacher_review","not_started","not_started","false","Cambridge Economics 9708 2026-2028 v2 §7.7.4","none","","","No direct cartel stability/collusion question","CHECK_SOURCE_RIGHTS_AND_SCOPE","Manual English-stem triage of previous 61 no-in-tour-candidate parent points. This is NOT verified correct answer/skill evidence.","Official Cambridge 9708 2026-2028 v2 §7.7.4; uploaded Economics 4th edition","ECON-9708-7.7.4-BASE","Draft child-specific evidence NOT proven. Parent-question candidates are NOT inherited as verified child evidence."
"v8_2026_10_09","ECON-9708-7.7.5-BASE","7.7.5","A_LEVEL_ADDITION","4","36","one_to_one_placeholder","Analyse the principal–agent tension between managers and owners","not_classified","","NONE_VERIFIED","needs_atomicity_and_source_qa","not_started","not_started","false","Cambridge Economics 9708 2026-2028 v2 §7.7.5","aligned","6188;3936","Q6188 [Tour S2 T4]; Q3936 [Tour S1 T4]","Principal-agent conflict examples","REVIEW_ELIGIBILITY_REQUIRED","Manual English-stem triage of previous 61 no-in-tour-candidate parent points. This is NOT verified correct answer/skill evidence.","","",""
"v8_2026_10_09","ECON-9708-7.8.1-BASE","7.8.1","A_LEVEL_ADDITION","4","37","one_to_one_placeholder","Use marginal cost and marginal revenue to identify profit-maximising output","not_classified","3998","NONE_VERIFIED","needs_atomicity_and_source_qa","not_started","not_started","false","Cambridge Economics 9708 2026-2028 v2 §7.8.1","unreviewed_practice_candidates","3998","ORIGINAL_IN_TOUR_PRACTICE_CANDIDATES","No stem/answer validation claimed in this v3 enrichment.","CHECK_SOURCE_RIGHTS_AND_SCOPE","Prior 7-Tour candidate map; not semantic evidence.","","",""
"v8_2026_10_09","ECON-9708-7.8.2-01","7.8.2","A_LEVEL_ADDITION","4","37","syllabus_scoped_child_proposal","Distinguish firm survival as an objective from profit maximisation","comparison","3986;3995","NONE_VERIFIED","scope_grounded_in_official_bullet_list_not_examiner_approved","not_started","not_started","false","Cambridge Economics 9708 2026-2028 v2 §7.8.2","unreviewed_practice_candidates","3986;3995","ORIGINAL_IN_TOUR_PRACTICE_CANDIDATES","No stem/answer validation claimed in this v3 enrichment.","CHECK_SOURCE_RIGHTS_AND_SCOPE","Prior 7-Tour candidate map; not semantic evidence.","Cambridge Economics 9708 syllabus 2026-2028 v2; section 7.8.2","ECON-9708-7.8.2-BASE","Original candidate action mapped to official parent. No assertion that legacy practice candidates demonstrate this child skill."
"v8_2026_10_09","ECON-9708-7.8.2-02","7.8.2","A_LEVEL_ADDITION","4","37","syllabus_scoped_child_proposal","Explain profit satisficing and managerial target-setting","analysis","3986;3995","NONE_VERIFIED","scope_grounded_in_official_bullet_list_not_examiner_approved","not_started","not_started","false","Cambridge Economics 9708 2026-2028 v2 §7.8.2","unreviewed_practice_candidates","3986;3995","ORIGINAL_IN_TOUR_PRACTICE_CANDIDATES","No stem/answer validation claimed in this v3 enrichment.","CHECK_SOURCE_RIGHTS_AND_SCOPE","Prior 7-Tour candidate map; not semantic evidence.","Cambridge Economics 9708 syllabus 2026-2028 v2; section 7.8.2","ECON-9708-7.8.2-BASE","Original candidate action mapped to official parent. No assertion that legacy practice candidates demonstrate this child skill."
"v8_2026_10_09","ECON-9708-7.8.2-03","7.8.2","A_LEVEL_ADDITION","4","37","syllabus_scoped_child_proposal","Explain the sales-maximisation objective of a firm","analysis","3986;3995","NONE_VERIFIED","scope_grounded_in_official_bullet_list_not_examiner_approved","not_started","not_started","false","Cambridge Economics 9708 2026-2028 v2 §7.8.2","unreviewed_practice_candidates","3986;3995","ORIGINAL_IN_TOUR_PRACTICE_CANDIDATES","No stem/answer validation claimed in this v3 enrichment.","CHECK_SOURCE_RIGHTS_AND_SCOPE","Prior 7-Tour candidate map; not semantic evidence.","Cambridge Economics 9708 syllabus 2026-2028 v2; section 7.8.2","ECON-9708-7.8.2-BASE","Original candidate action mapped to official parent. No assertion that legacy practice candidates demonstrate this child skill."
"v8_2026_10_09","ECON-9708-7.8.2-04","7.8.2","A_LEVEL_ADDITION","4","37","syllabus_scoped_child_proposal","Distinguish revenue maximisation from sales and profit maximisation","comparison","3986;3995","NONE_VERIFIED","scope_grounded_in_official_bullet_list_not_examiner_approved","not_started","not_started","false","Cambridge Economics 9708 2026-2028 v2 §7.8.2","unreviewed_practice_candidates","3986;3995","ORIGINAL_IN_TOUR_PRACTICE_CANDIDATES","No stem/answer validation claimed in this v3 enrichment.","CHECK_SOURCE_RIGHTS_AND_SCOPE","Prior 7-Tour candidate map; not semantic evidence.","Cambridge Economics 9708 syllabus 2026-2028 v2; section 7.8.2","ECON-9708-7.8.2-BASE","Original candidate action mapped to official parent. No assertion that legacy practice candidates demonstrate this child skill."
"v8_2026_10_09","ECON-9708-7.8.3-01","7.8.3","A_LEVEL_ADDITION","4","37","syllabus_scoped_child_proposal","Identify first-degree price discrimination","definition","3983","NONE_VERIFIED","scope_grounded_in_official_bullet_list_not_examiner_approved","not_started","not_started","false","Cambridge Economics 9708 2026-2028 v2 §7.8.3","unreviewed_practice_candidates","3983","ORIGINAL_IN_TOUR_PRACTICE_CANDIDATES","No stem/answer validation claimed in this v3 enrichment.","CHECK_SOURCE_RIGHTS_AND_SCOPE","Prior 7-Tour candidate map; not semantic evidence.","Cambridge Economics 9708 syllabus 2026-2028 v2; section 7.8.3","ECON-9708-7.8.3-BASE","Original candidate action mapped to official parent. No assertion that legacy practice candidates demonstrate this child skill."
"v8_2026_10_09","ECON-9708-7.8.3-02","7.8.3","A_LEVEL_ADDITION","4","37","syllabus_scoped_child_proposal","Identify second-degree price discrimination","definition","3983","NONE_VERIFIED","scope_grounded_in_official_bullet_list_not_examiner_approved","not_started","not_started","false","Cambridge Economics 9708 2026-2028 v2 §7.8.3","unreviewed_practice_candidates","3983","ORIGINAL_IN_TOUR_PRACTICE_CANDIDATES","No stem/answer validation claimed in this v3 enrichment.","CHECK_SOURCE_RIGHTS_AND_SCOPE","Prior 7-Tour candidate map; not semantic evidence.","Cambridge Economics 9708 syllabus 2026-2028 v2; section 7.8.3","ECON-9708-7.8.3-BASE","Original candidate action mapped to official parent. No assertion that legacy practice candidates demonstrate this child skill."
"v8_2026_10_09","ECON-9708-7.8.3-03","7.8.3","A_LEVEL_ADDITION","4","37","syllabus_scoped_child_proposal","Identify third-degree price discrimination","definition","3983","NONE_VERIFIED","scope_grounded_in_official_bullet_list_not_examiner_approved","not_started","not_started","false","Cambridge Economics 9708 2026-2028 v2 §7.8.3","unreviewed_practice_candidates","3983","ORIGINAL_IN_TOUR_PRACTICE_CANDIDATES","No stem/answer validation claimed in this v3 enrichment.","CHECK_SOURCE_RIGHTS_AND_SCOPE","Prior 7-Tour candidate map; not semantic evidence.","Cambridge Economics 9708 syllabus 2026-2028 v2; section 7.8.3","ECON-9708-7.8.3-BASE","Original candidate action mapped to official parent. No assertion that legacy practice candidates demonstrate this child skill."
"v8_2026_10_09","ECON-9708-7.8.3-04","7.8.3","A_LEVEL_ADDITION","4","37","syllabus_scoped_child_proposal","Evaluate conditions required for effective price discrimination","evaluation","3983","NONE_VERIFIED","scope_grounded_in_official_bullet_list_not_examiner_approved","not_started","not_started","false","Cambridge Economics 9708 2026-2028 v2 §7.8.3","unreviewed_practice_candidates","3983","ORIGINAL_IN_TOUR_PRACTICE_CANDIDATES","No stem/answer validation claimed in this v3 enrichment.","CHECK_SOURCE_RIGHTS_AND_SCOPE","Prior 7-Tour candidate map; not semantic evidence.","Cambridge Economics 9708 syllabus 2026-2028 v2; section 7.8.3","ECON-9708-7.8.3-BASE","Original candidate action mapped to official parent. No assertion that legacy practice candidates demonstrate this child skill."
"v8_2026_10_09","ECON-9708-7.8.3-05","7.8.3","A_LEVEL_ADDITION","4","37","syllabus_scoped_child_proposal","Evaluate consequences of price discrimination for consumers and firms","evaluation","3983","NONE_VERIFIED","scope_grounded_in_official_bullet_list_not_examiner_approved","not_started","not_started","false","Cambridge Economics 9708 2026-2028 v2 §7.8.3","unreviewed_practice_candidates","3983","ORIGINAL_IN_TOUR_PRACTICE_CANDIDATES","No stem/answer validation claimed in this v3 enrichment.","CHECK_SOURCE_RIGHTS_AND_SCOPE","Prior 7-Tour candidate map; not semantic evidence.","Cambridge Economics 9708 syllabus 2026-2028 v2; section 7.8.3","ECON-9708-7.8.3-BASE","Original candidate action mapped to official parent. No assertion that legacy practice candidates demonstrate this child skill."
"v8_2026_10_09","ECON-9708-7.8.4-01","7.8.4","A_LEVEL_ADDITION","4","37","syllabus_scoped_child_proposal","Explain limit pricing and the entry-deterrence mechanism","case","","NONE_VERIFIED","scope_grounded_in_official_bullet_list_not_examiner_approved","not_started","not_started","false","Cambridge Economics 9708 2026-2028 v2 §7.8.4","none","","","No explicit limit/predatory/leader pricing question","CHECK_SOURCE_RIGHTS_AND_SCOPE","Manual English-stem triage of previous 61 no-in-tour-candidate parent points. This is NOT verified correct answer/skill evidence.","Cambridge Economics 9708 syllabus 2026-2028 v2; section 7.8.4","ECON-9708-7.8.4-BASE","Original candidate action mapped to official parent. No assertion that legacy practice candidates demonstrate this child skill."
"v8_2026_10_09","ECON-9708-7.8.4-02","7.8.4","A_LEVEL_ADDITION","4","37","syllabus_scoped_child_proposal","Distinguish predatory pricing from legitimate low prices and assess its effects","evaluation","","NONE_VERIFIED","scope_grounded_in_official_bullet_list_not_examiner_approved","not_started","not_started","false","Cambridge Economics 9708 2026-2028 v2 §7.8.4","none","","","No explicit limit/predatory/leader pricing question","CHECK_SOURCE_RIGHTS_AND_SCOPE","Manual English-stem triage of previous 61 no-in-tour-candidate parent points. This is NOT verified correct answer/skill evidence.","Cambridge Economics 9708 syllabus 2026-2028 v2; section 7.8.4","ECON-9708-7.8.4-BASE","Original candidate action mapped to official parent. No assertion that legacy practice candidates demonstrate this child skill."
"v8_2026_10_09","ECON-9708-7.8.4-03","7.8.4","A_LEVEL_ADDITION","4","37","syllabus_scoped_child_proposal","Explain price leadership and its implications for oligopoly","case","","NONE_VERIFIED","scope_grounded_in_official_bullet_list_not_examiner_approved","not_started","not_started","false","Cambridge Economics 9708 2026-2028 v2 §7.8.4","none","","","No explicit limit/predatory/leader pricing question","CHECK_SOURCE_RIGHTS_AND_SCOPE","Manual English-stem triage of previous 61 no-in-tour-candidate parent points. This is NOT verified correct answer/skill evidence.","Cambridge Economics 9708 syllabus 2026-2028 v2; section 7.8.4","ECON-9708-7.8.4-BASE","Original candidate action mapped to official parent. No assertion that legacy practice candidates demonstrate this child skill."
"v8_2026_10_09","ECON-9708-7.8.5-01","7.8.5","A_LEVEL_ADDITION","4","37","syllabus_scoped_child_proposal","Relate PED to changes in total revenue along a conventional downward-sloping demand curve","diagram","3981","NONE_VERIFIED","scope_grounded_in_official_bullet_list_not_examiner_approved","not_started","not_started","false","Cambridge Economics 9708 2026-2028 v2 §7.8.5","unreviewed_practice_candidates","3981","ORIGINAL_IN_TOUR_PRACTICE_CANDIDATES","No stem/answer validation claimed in this v3 enrichment.","CHECK_SOURCE_RIGHTS_AND_SCOPE","Prior 7-Tour candidate map; not semantic evidence.","Cambridge Economics 9708 syllabus 2026-2028 v2; section 7.8.5","ECON-9708-7.8.5-BASE","Original candidate action mapped to official parent. No assertion that legacy practice candidates demonstrate this child skill."
"v8_2026_10_09","ECON-9708-7.8.5-02","7.8.5","A_LEVEL_ADDITION","4","37","syllabus_scoped_child_proposal","Analyse the effect of a kinked demand curve on price responses and firm revenue","diagram","3981","NONE_VERIFIED","scope_grounded_in_official_bullet_list_not_examiner_approved","not_started","not_started","false","Cambridge Economics 9708 2026-2028 v2 §7.8.5","unreviewed_practice_candidates","3981","ORIGINAL_IN_TOUR_PRACTICE_CANDIDATES","No stem/answer validation claimed in this v3 enrichment.","CHECK_SOURCE_RIGHTS_AND_SCOPE","Prior 7-Tour candidate map; not semantic evidence.","Cambridge Economics 9708 syllabus 2026-2028 v2; section 7.8.5","ECON-9708-7.8.5-BASE","Original candidate action mapped to official parent. No assertion that legacy practice candidates demonstrate this child skill."
"v8_2026_10_09","ECON-9708-8.1.1-01","8.1.1","A_LEVEL_ADDITION","5","38","provisional_split","Evaluate specific and percentage-based indirect taxes","diagram","4408;4409;4410;4411;4424;4425;4438;4447;4456;4466;4468;4471;4477","NONE_VERIFIED","needs_academic_and_evidence_review","not_started","not_started","false","Cambridge Economics 9708 2026-2028 v2 §8.1.1","unreviewed_practice_candidates","4408;4409;4410;4411;4424;4425;4438;4447;4456;4466;4468;4471;4477","ORIGINAL_IN_TOUR_PRACTICE_CANDIDATES","No stem/answer validation claimed in this v3 enrichment.","CHECK_SOURCE_RIGHTS_AND_SCOPE","Prior 7-Tour candidate map; not semantic evidence.","","",""
"v8_2026_10_09","ECON-9708-8.1.1-02","8.1.1","A_LEVEL_ADDITION","5","38","provisional_split","Evaluate corrective producer or consumer subsidies","diagram","4408;4409;4410;4411;4424;4425;4438;4447;4456;4466;4468;4471;4477","NONE_VERIFIED","needs_academic_and_evidence_review","not_started","not_started","false","Cambridge Economics 9708 2026-2028 v2 §8.1.1","unreviewed_practice_candidates","4408;4409;4410;4411;4424;4425;4438;4447;4456;4466;4468;4471;4477","ORIGINAL_IN_TOUR_PRACTICE_CANDIDATES","No stem/answer validation claimed in this v3 enrichment.","CHECK_SOURCE_RIGHTS_AND_SCOPE","Prior 7-Tour candidate map; not semantic evidence.","","",""
"v8_2026_10_09","ECON-9708-8.1.1-03","8.1.1","A_LEVEL_ADDITION","5","38","provisional_split","Compare binding maximum and minimum price controls","diagram","4408;4409;4410;4411;4424;4425;4438;4447;4456;4466;4468;4471;4477","NONE_VERIFIED","needs_academic_and_evidence_review","not_started","not_started","false","Cambridge Economics 9708 2026-2028 v2 §8.1.1","unreviewed_practice_candidates","4408;4409;4410;4411;4424;4425;4438;4447;4456;4466;4468;4471;4477","ORIGINAL_IN_TOUR_PRACTICE_CANDIDATES","No stem/answer validation claimed in this v3 enrichment.","CHECK_SOURCE_RIGHTS_AND_SCOPE","Prior 7-Tour candidate map; not semantic evidence.","","",""
"v8_2026_10_09","ECON-9708-8.1.1-04","8.1.1","A_LEVEL_ADDITION","5","38","provisional_split","Analyse production quotas","case","4408;4409;4410;4411;4424;4425;4438;4447;4456;4466;4468;4471;4477","NONE_VERIFIED","needs_academic_and_evidence_review","not_started","not_started","false","Cambridge Economics 9708 2026-2028 v2 §8.1.1","unreviewed_practice_candidates","4408;4409;4410;4411;4424;4425;4438;4447;4456;4466;4468;4471;4477","ORIGINAL_IN_TOUR_PRACTICE_CANDIDATES","No stem/answer validation claimed in this v3 enrichment.","CHECK_SOURCE_RIGHTS_AND_SCOPE","Prior 7-Tour candidate map; not semantic evidence.","","",""
"v8_2026_10_09","ECON-9708-8.1.1-05","8.1.1","A_LEVEL_ADDITION","5","38","provisional_split","Analyse prohibitions and licensing","case","4408;4409;4410;4411;4424;4425;4438;4447;4456;4466;4468;4471;4477","NONE_VERIFIED","needs_academic_and_evidence_review","not_started","not_started","false","Cambridge Economics 9708 2026-2028 v2 §8.1.1","unreviewed_practice_candidates","4408;4409;4410;4411;4424;4425;4438;4447;4456;4466;4468;4471;4477","ORIGINAL_IN_TOUR_PRACTICE_CANDIDATES","No stem/answer validation claimed in this v3 enrichment.","CHECK_SOURCE_RIGHTS_AND_SCOPE","Prior 7-Tour candidate map; not semantic evidence.","","",""
"v8_2026_10_09","ECON-9708-8.1.1-06","8.1.1","A_LEVEL_ADDITION","5","38","provisional_split","Distinguish regulation from deregulation","evaluation","4408;4409;4410;4411;4424;4425;4438;4447;4456;4466;4468;4471;4477","NONE_VERIFIED","needs_academic_and_evidence_review","not_started","not_started","false","Cambridge Economics 9708 2026-2028 v2 §8.1.1","unreviewed_practice_candidates","4408;4409;4410;4411;4424;4425;4438;4447;4456;4466;4468;4471;4477","ORIGINAL_IN_TOUR_PRACTICE_CANDIDATES","No stem/answer validation claimed in this v3 enrichment.","CHECK_SOURCE_RIGHTS_AND_SCOPE","Prior 7-Tour candidate map; not semantic evidence.","","",""
"v8_2026_10_09","ECON-9708-8.1.1-07","8.1.1","A_LEVEL_ADDITION","5","38","provisional_split","Analyse direct public provision","evaluation","4408;4409;4410;4411;4424;4425;4438;4447;4456;4466;4468;4471;4477","NONE_VERIFIED","needs_academic_and_evidence_review","not_started","not_started","false","Cambridge Economics 9708 2026-2028 v2 §8.1.1","unreviewed_practice_candidates","4408;4409;4410;4411;4424;4425;4438;4447;4456;4466;4468;4471;4477","ORIGINAL_IN_TOUR_PRACTICE_CANDIDATES","No stem/answer validation claimed in this v3 enrichment.","CHECK_SOURCE_RIGHTS_AND_SCOPE","Prior 7-Tour candidate map; not semantic evidence.","","",""
"v8_2026_10_09","ECON-9708-8.1.1-08","8.1.1","A_LEVEL_ADDITION","5","38","provisional_split","Compare emissions permits and tradable pollution rights","diagram","4408;4409;4410;4411;4424;4425;4438;4447;4456;4466;4468;4471;4477","NONE_VERIFIED","needs_academic_and_evidence_review","not_started","not_started","false","Cambridge Economics 9708 2026-2028 v2 §8.1.1","unreviewed_practice_candidates","4408;4409;4410;4411;4424;4425;4438;4447;4456;4466;4468;4471;4477","ORIGINAL_IN_TOUR_PRACTICE_CANDIDATES","No stem/answer validation claimed in this v3 enrichment.","CHECK_SOURCE_RIGHTS_AND_SCOPE","Prior 7-Tour candidate map; not semantic evidence.","","",""
"v8_2026_10_09","ECON-9708-8.1.1-09","8.1.1","A_LEVEL_ADDITION","5","38","provisional_split","Explain property rights in correcting external costs","case","4408;4409;4410;4411;4424;4425;4438;4447;4456;4466;4468;4471;4477","NONE_VERIFIED","needs_academic_and_evidence_review","not_started","not_started","false","Cambridge Economics 9708 2026-2028 v2 §8.1.1","unreviewed_practice_candidates","4408;4409;4410;4411;4424;4425;4438;4447;4456;4466;4468;4471;4477","ORIGINAL_IN_TOUR_PRACTICE_CANDIDATES","No stem/answer validation claimed in this v3 enrichment.","CHECK_SOURCE_RIGHTS_AND_SCOPE","Prior 7-Tour candidate map; not semantic evidence.","","",""
"v8_2026_10_09","ECON-9708-8.1.1-10","8.1.1","A_LEVEL_ADDITION","5","38","provisional_split","Evaluate nationalisation against privatisation","evaluation","4408;4409;4410;4411;4424;4425;4438;4447;4456;4466;4468;4471;4477","NONE_VERIFIED","needs_academic_and_evidence_review","not_started","not_started","false","Cambridge Economics 9708 2026-2028 v2 §8.1.1","unreviewed_practice_candidates","4408;4409;4410;4411;4424;4425;4438;4447;4456;4466;4468;4471;4477","ORIGINAL_IN_TOUR_PRACTICE_CANDIDATES","No stem/answer validation claimed in this v3 enrichment.","CHECK_SOURCE_RIGHTS_AND_SCOPE","Prior 7-Tour candidate map; not semantic evidence.","","",""
"v8_2026_10_09","ECON-9708-8.1.1-11","8.1.1","A_LEVEL_ADDITION","5","38","provisional_split","Assess information provision against information failure","case","4408;4409;4410;4411;4424;4425;4438;4447;4456;4466;4468;4471;4477","NONE_VERIFIED","needs_academic_and_evidence_review","not_started","not_started","false","Cambridge Economics 9708 2026-2028 v2 §8.1.1","unreviewed_practice_candidates","4408;4409;4410;4411;4424;4425;4438;4447;4456;4466;4468;4471;4477","ORIGINAL_IN_TOUR_PRACTICE_CANDIDATES","No stem/answer validation claimed in this v3 enrichment.","CHECK_SOURCE_RIGHTS_AND_SCOPE","Prior 7-Tour candidate map; not semantic evidence.","","",""
"v8_2026_10_09","ECON-9708-8.1.1-12","8.1.1","A_LEVEL_ADDITION","5","38","provisional_split","Assess the suitability and limitations of behavioural nudges","evaluation","4408;4409;4410;4411;4424;4425;4438;4447;4456;4466;4468;4471;4477","NONE_VERIFIED","needs_academic_and_evidence_review","not_started","not_started","false","Cambridge Economics 9708 2026-2028 v2 §8.1.1","unreviewed_practice_candidates","4408;4409;4410;4411;4424;4425;4438;4447;4456;4466;4468;4471;4477","ORIGINAL_IN_TOUR_PRACTICE_CANDIDATES","No stem/answer validation claimed in this v3 enrichment.","CHECK_SOURCE_RIGHTS_AND_SCOPE","Prior 7-Tour candidate map; not semantic evidence.","","",""
"v8_2026_10_09","ECON-9708-8.1.2-01","8.1.2","A_LEVEL_ADDITION","5","38","syllabus_scoped_child_proposal","Define government failure in microeconomic intervention","definition","4437;4438;4444;4450","NONE_VERIFIED","scope_grounded_in_official_bullet_list_not_examiner_approved","not_started","not_started","false","Cambridge Economics 9708 2026-2028 v2 §8.1.2","unreviewed_practice_candidates","4437;4438;4444;4450","ORIGINAL_IN_TOUR_PRACTICE_CANDIDATES","No stem/answer validation claimed in this v3 enrichment.","CHECK_SOURCE_RIGHTS_AND_SCOPE","Prior 7-Tour candidate map; not semantic evidence.","Cambridge Economics 9708 syllabus 2026-2028 v2; section 8.1.2","ECON-9708-8.1.2-BASE","Original candidate action mapped to official parent. No assertion that legacy practice candidates demonstrate this child skill."
"v8_2026_10_09","ECON-9708-8.1.2-02","8.1.2","A_LEVEL_ADDITION","5","38","syllabus_scoped_child_proposal","Explain informational, incentive and implementation causes of government failure","causal_analysis","4437;4438;4444;4450","NONE_VERIFIED","scope_grounded_in_official_bullet_list_not_examiner_approved","not_started","not_started","false","Cambridge Economics 9708 2026-2028 v2 §8.1.2","unreviewed_practice_candidates","4437;4438;4444;4450","ORIGINAL_IN_TOUR_PRACTICE_CANDIDATES","No stem/answer validation claimed in this v3 enrichment.","CHECK_SOURCE_RIGHTS_AND_SCOPE","Prior 7-Tour candidate map; not semantic evidence.","Cambridge Economics 9708 syllabus 2026-2028 v2; section 8.1.2","ECON-9708-8.1.2-BASE","Original candidate action mapped to official parent. No assertion that legacy practice candidates demonstrate this child skill."
"v8_2026_10_09","ECON-9708-8.1.2-03","8.1.2","A_LEVEL_ADDITION","5","38","syllabus_scoped_child_proposal","Evaluate efficiency consequences of government failure","evaluation","4437;4438;4444;4450","NONE_VERIFIED","scope_grounded_in_official_bullet_list_not_examiner_approved","not_started","not_started","false","Cambridge Economics 9708 2026-2028 v2 §8.1.2","unreviewed_practice_candidates","4437;4438;4444;4450","ORIGINAL_IN_TOUR_PRACTICE_CANDIDATES","No stem/answer validation claimed in this v3 enrichment.","CHECK_SOURCE_RIGHTS_AND_SCOPE","Prior 7-Tour candidate map; not semantic evidence.","Cambridge Economics 9708 syllabus 2026-2028 v2; section 8.1.2","ECON-9708-8.1.2-BASE","Original candidate action mapped to official parent. No assertion that legacy practice candidates demonstrate this child skill."
"v8_2026_10_09","ECON-9708-8.2.1-BASE","8.2.1","A_LEVEL_ADDITION","5","39","one_to_one_placeholder","Differentiate equal treatment/outcomes from equitable distribution","not_classified","4430;4431","NONE_VERIFIED","needs_atomicity_and_source_qa","not_started","not_started","false","Cambridge Economics 9708 2026-2028 v2 §8.2.1","unreviewed_practice_candidates","4430;4431","ORIGINAL_IN_TOUR_PRACTICE_CANDIDATES","No stem/answer validation claimed in this v3 enrichment.","CHECK_SOURCE_RIGHTS_AND_SCOPE","Prior 7-Tour candidate map; not semantic evidence.","","",""
"v8_2026_10_09","ECON-9708-8.2.2-BASE","8.2.2","A_LEVEL_ADDITION","5","39","one_to_one_placeholder","Analyse trade-offs or complementarities between equity and efficiency","not_classified","4429;4454;4465","NONE_VERIFIED","needs_atomicity_and_source_qa","not_started","not_started","false","Cambridge Economics 9708 2026-2028 v2 §8.2.2","unreviewed_practice_candidates","4429;4454;4465","ORIGINAL_IN_TOUR_PRACTICE_CANDIDATES","No stem/answer validation claimed in this v3 enrichment.","CHECK_SOURCE_RIGHTS_AND_SCOPE","Prior 7-Tour candidate map; not semantic evidence.","","",""
"v8_2026_10_09","ECON-9708-8.2.3-BASE","8.2.3","A_LEVEL_ADDITION","5","39","one_to_one_placeholder","Distinguish absolute from relative poverty in a country-specific context","not_classified","","NONE_VERIFIED","needs_atomicity_and_source_qa","not_started","not_started","false","Cambridge Economics 9708 2026-2028 v2 §8.2.3","aligned","5427;5457;6197","Q5427 [Practice 7]; Q5457 [Practice 7]; Q6197 [Tour S2 T5]","Absolute and relative poverty definitions","REVIEW_ELIGIBILITY_REQUIRED","Manual English-stem triage of previous 61 no-in-tour-candidate parent points. This is NOT verified correct answer/skill evidence.","","",""
"v8_2026_10_09","ECON-9708-8.2.4-BASE","8.2.4","A_LEVEL_ADDITION","5","39","one_to_one_placeholder","Explain the poverty trap and how incentives/restrictions sustain it","not_classified","4469","NONE_VERIFIED","needs_atomicity_and_source_qa","not_started","not_started","false","Cambridge Economics 9708 2026-2028 v2 §8.2.4","unreviewed_practice_candidates","4469","ORIGINAL_IN_TOUR_PRACTICE_CANDIDATES","No stem/answer validation claimed in this v3 enrichment.","CHECK_SOURCE_RIGHTS_AND_SCOPE","Prior 7-Tour candidate map; not semantic evidence.","","",""
"v8_2026_10_09","ECON-9708-8.2.5-01","8.2.5","A_LEVEL_ADDITION","5","39","provisional_split","Explain negative income tax and its work incentives","evaluation","4415;4416;4417;4439;4442;4451;4475","NONE_VERIFIED","needs_academic_and_evidence_review","not_started","not_started","false","Cambridge Economics 9708 2026-2028 v2 §8.2.5","unreviewed_practice_candidates","4415;4416;4417;4439;4442;4451;4475","ORIGINAL_IN_TOUR_PRACTICE_CANDIDATES","No stem/answer validation claimed in this v3 enrichment.","CHECK_SOURCE_RIGHTS_AND_SCOPE","Prior 7-Tour candidate map; not semantic evidence.","","",""
"v8_2026_10_09","ECON-9708-8.2.5-02","8.2.5","A_LEVEL_ADDITION","5","39","provisional_split","Evaluate universal benefits as a redistribution mechanism","evaluation","4415;4416;4417;4439;4442;4451;4475","NONE_VERIFIED","needs_academic_and_evidence_review","not_started","not_started","false","Cambridge Economics 9708 2026-2028 v2 §8.2.5","unreviewed_practice_candidates","4415;4416;4417;4439;4442;4451;4475","ORIGINAL_IN_TOUR_PRACTICE_CANDIDATES","No stem/answer validation claimed in this v3 enrichment.","CHECK_SOURCE_RIGHTS_AND_SCOPE","Prior 7-Tour candidate map; not semantic evidence.","","",""
"v8_2026_10_09","ECON-9708-8.2.5-03","8.2.5","A_LEVEL_ADDITION","5","39","provisional_split","Evaluate means-tested benefit targeting and disincentives","evaluation","4415;4416;4417;4439;4442;4451;4475","NONE_VERIFIED","needs_academic_and_evidence_review","not_started","not_started","false","Cambridge Economics 9708 2026-2028 v2 §8.2.5","unreviewed_practice_candidates","4415;4416;4417;4439;4442;4451;4475","ORIGINAL_IN_TOUR_PRACTICE_CANDIDATES","No stem/answer validation claimed in this v3 enrichment.","CHECK_SOURCE_RIGHTS_AND_SCOPE","Prior 7-Tour candidate map; not semantic evidence.","","",""
"v8_2026_10_09","ECON-9708-8.2.5-04","8.2.5","A_LEVEL_ADDITION","5","39","provisional_split","Assess universal basic income against alternative transfer policies","evaluation","4415;4416;4417;4439;4442;4451;4475","NONE_VERIFIED","needs_academic_and_evidence_review","not_started","not_started","false","Cambridge Economics 9708 2026-2028 v2 §8.2.5","unreviewed_practice_candidates","4415;4416;4417;4439;4442;4451;4475","ORIGINAL_IN_TOUR_PRACTICE_CANDIDATES","No stem/answer validation claimed in this v3 enrichment.","CHECK_SOURCE_RIGHTS_AND_SCOPE","Prior 7-Tour candidate map; not semantic evidence.","","",""
"v8_2026_10_09","ECON-9708-8.3.1-BASE","8.3.1","A_LEVEL_ADDITION","5","40","one_to_one_placeholder","Derive labour demand from demand for its final output","not_classified","4418;4470","NONE_VERIFIED","needs_atomicity_and_source_qa","not_started","not_started","false","Cambridge Economics 9708 2026-2028 v2 §8.3.1","unreviewed_practice_candidates","4418;4470","ORIGINAL_IN_TOUR_PRACTICE_CANDIDATES","No stem/answer validation claimed in this v3 enrichment.","CHECK_SOURCE_RIGHTS_AND_SCOPE","Prior 7-Tour candidate map; not semantic evidence.","","",""
"v8_2026_10_09","ECON-9708-8.3.2-BASE","8.3.2","A_LEVEL_ADDITION","5","40","one_to_one_placeholder","Explain determinants of demand for labour in firms or occupations","not_classified","4452;4432","NONE_VERIFIED","needs_atomicity_and_source_qa","not_started","not_started","false","Cambridge Economics 9708 2026-2028 v2 §8.3.2","unreviewed_practice_candidates","4452;4432","ORIGINAL_IN_TOUR_PRACTICE_CANDIDATES","No stem/answer validation claimed in this v3 enrichment.","CHECK_SOURCE_RIGHTS_AND_SCOPE","Prior 7-Tour candidate map; not semantic evidence.","","",""
"v8_2026_10_09","ECON-9708-8.3.3-BASE","8.3.3","A_LEVEL_ADDITION","5","40","one_to_one_placeholder","Separate labour-demand curve shifts from movements along it","not_classified","4418;4452","NONE_VERIFIED","needs_atomicity_and_source_qa","not_started","not_started","false","Cambridge Economics 9708 2026-2028 v2 §8.3.3","unreviewed_practice_candidates","4418;4452","ORIGINAL_IN_TOUR_PRACTICE_CANDIDATES","No stem/answer validation claimed in this v3 enrichment.","CHECK_SOURCE_RIGHTS_AND_SCOPE","Prior 7-Tour candidate map; not semantic evidence.","","",""
"v8_2026_10_09","ECON-9708-8.3.4-01","8.3.4","A_LEVEL_ADDITION","5","40","syllabus_scoped_child_proposal","Define and calculate marginal revenue product (MRP) using the relevant price/revenue assumptions","calculation","4440;4449;4470","NONE_VERIFIED","scope_grounded_in_official_bullet_list_not_examiner_approved","not_started","not_started","false","Cambridge Economics 9708 2026-2028 v2 §8.3.4","unreviewed_practice_candidates","4440;4449;4470","ORIGINAL_IN_TOUR_PRACTICE_CANDIDATES","No stem/answer validation claimed in this v3 enrichment.","CHECK_SOURCE_RIGHTS_AND_SCOPE","Prior 7-Tour candidate map; not semantic evidence.","Cambridge Economics 9708 syllabus 2026-2028 v2; section 8.3.4","ECON-9708-8.3.4-BASE","Original candidate action mapped to official parent. No assertion that legacy practice candidates demonstrate this child skill."
"v8_2026_10_09","ECON-9708-8.3.4-02","8.3.4","A_LEVEL_ADDITION","5","40","syllabus_scoped_child_proposal","Derive an individual firm's labour demand using the MRP relationship","diagram","4440;4449;4470","NONE_VERIFIED","scope_grounded_in_official_bullet_list_not_examiner_approved","not_started","not_started","false","Cambridge Economics 9708 2026-2028 v2 §8.3.4","unreviewed_practice_candidates","4440;4449;4470","ORIGINAL_IN_TOUR_PRACTICE_CANDIDATES","No stem/answer validation claimed in this v3 enrichment.","CHECK_SOURCE_RIGHTS_AND_SCOPE","Prior 7-Tour candidate map; not semantic evidence.","Cambridge Economics 9708 syllabus 2026-2028 v2; section 8.3.4","ECON-9708-8.3.4-BASE","Original candidate action mapped to official parent. No assertion that legacy practice candidates demonstrate this child skill."
"v8_2026_10_09","ECON-9708-8.3.5-BASE","8.3.5","A_LEVEL_ADDITION","5","40","one_to_one_placeholder","Explain wage and non-wage influences on labour supply","not_classified","4419;4433;4435","NONE_VERIFIED","needs_atomicity_and_source_qa","not_started","not_started","false","Cambridge Economics 9708 2026-2028 v2 §8.3.5","unreviewed_practice_candidates","4419;4433;4435","ORIGINAL_IN_TOUR_PRACTICE_CANDIDATES","No stem/answer validation claimed in this v3 enrichment.","CHECK_SOURCE_RIGHTS_AND_SCOPE","Prior 7-Tour candidate map; not semantic evidence.","","",""
"v8_2026_10_09","ECON-9708-8.3.6-BASE","8.3.6","A_LEVEL_ADDITION","5","40","one_to_one_placeholder","Distinguish labour-supply shifts from wage-driven movements along the curve","not_classified","4419;4436","NONE_VERIFIED","needs_atomicity_and_source_qa","not_started","not_started","false","Cambridge Economics 9708 2026-2028 v2 §8.3.6","unreviewed_practice_candidates","4419;4436","ORIGINAL_IN_TOUR_PRACTICE_CANDIDATES","No stem/answer validation claimed in this v3 enrichment.","CHECK_SOURCE_RIGHTS_AND_SCOPE","Prior 7-Tour candidate map; not semantic evidence.","","",""
"v8_2026_10_09","ECON-9708-8.3.7-BASE","8.3.7","A_LEVEL_ADDITION","5","40","source_scoped_integrated_single_provisional","Determine the equilibrium wage and level of employment in a competitive labour market","not_classified","4418;4419","NONE_VERIFIED","source_scoped_provisional_teacher_and_evidence_QA_pending","not_started","not_started","false","Cambridge Economics 9708 2026-2028 v2 §8.3.7","unreviewed_practice_candidates","4418;4419","ORIGINAL_IN_TOUR_PRACTICE_CANDIDATES","No stem/answer validation claimed in this v3 enrichment.","CHECK_SOURCE_RIGHTS_AND_SCOPE","Prior 7-Tour candidate map; not semantic evidence.","Official Cambridge Economics 9708 (2026–2028) v2 §8.3.7; supplied Economics 4th edition Chapter 40; Tour 5","","RETAIN_SINGLE: Official §8.3.7 describes one joint labour-market equilibrium determination; wages and employment come from the same intersection. No automatic assessment mapping or examiner signoff."
"v8_2026_10_09","ECON-9708-8.3.8-01","8.3.8","A_LEVEL_ADDITION","5","40","provisional_split","Model union influence on wages and employment","diagram","4421;4422;4423;4446;4458;4459;4464;4473;4476","NONE_VERIFIED","needs_academic_and_evidence_review","not_started","not_started","false","Cambridge Economics 9708 2026-2028 v2 §8.3.8","unreviewed_practice_candidates","4421;4422;4423;4446;4458;4459;4464;4473;4476","ORIGINAL_IN_TOUR_PRACTICE_CANDIDATES","No stem/answer validation claimed in this v3 enrichment.","CHECK_SOURCE_RIGHTS_AND_SCOPE","Prior 7-Tour candidate map; not semantic evidence.","","",""
"v8_2026_10_09","ECON-9708-8.3.8-02","8.3.8","A_LEVEL_ADDITION","5","40","provisional_split","Evaluate a binding national minimum wage in different labour markets","diagram","4421;4422;4423;4446;4458;4459;4464;4473;4476","NONE_VERIFIED","needs_academic_and_evidence_review","not_started","not_started","false","Cambridge Economics 9708 2026-2028 v2 §8.3.8","unreviewed_practice_candidates","4421;4422;4423;4446;4458;4459;4464;4473;4476","ORIGINAL_IN_TOUR_PRACTICE_CANDIDATES","No stem/answer validation claimed in this v3 enrichment.","CHECK_SOURCE_RIGHTS_AND_SCOPE","Prior 7-Tour candidate map; not semantic evidence.","","",""
"v8_2026_10_09","ECON-9708-8.3.8-03","8.3.8","A_LEVEL_ADDITION","5","40","provisional_split","Explain monopsony wage-setting and labour demand outcomes","diagram","4421;4422;4423;4446;4458;4459;4464;4473;4476","NONE_VERIFIED","needs_academic_and_evidence_review","not_started","not_started","false","Cambridge Economics 9708 2026-2028 v2 §8.3.8","unreviewed_practice_candidates","4421;4422;4423;4446;4458;4459;4464;4473;4476","ORIGINAL_IN_TOUR_PRACTICE_CANDIDATES","No stem/answer validation claimed in this v3 enrichment.","CHECK_SOURCE_RIGHTS_AND_SCOPE","Prior 7-Tour candidate map; not semantic evidence.","","",""
"v8_2026_10_09","ECON-9708-8.3.9-BASE","8.3.9","A_LEVEL_ADDITION","5","40","one_to_one_placeholder","Explain wage differentials through labour-demand and labour-supply determinants","not_classified","4432;4434","NONE_VERIFIED","needs_atomicity_and_source_qa","not_started","not_started","false","Cambridge Economics 9708 2026-2028 v2 §8.3.9","unreviewed_practice_candidates","4432;4434","ORIGINAL_IN_TOUR_PRACTICE_CANDIDATES","No stem/answer validation claimed in this v3 enrichment.","CHECK_SOURCE_RIGHTS_AND_SCOPE","Prior 7-Tour candidate map; not semantic evidence.","","",""
"v8_2026_10_09","ECON-9708-8.3.10-01","8.3.10","A_LEVEL_ADDITION","5","40","syllabus_scoped_child_proposal","Define transfer earnings of labour","definition","","NONE_VERIFIED","source_scoped_provisional_teacher_and_evidence_QA_pending","not_started","not_started","false","Cambridge Economics 9708 2026-2028 v2 §8.3.10","none","","","No transfer earnings/economic rent example","CHECK_SOURCE_RIGHTS_AND_SCOPE","Manual English-stem triage of previous 61 no-in-tour-candidate parent points. This is NOT verified correct answer/skill evidence.","Official Cambridge Economics 9708 (2026–2028) v2 §8.3.10; supplied Economics 4th edition Chapter 40; Tour 5","ECON-9708-8.3.10-BASE","SPLIT: Official §8.3.10 explicitly provides three bullets: transfer earnings definition, economic rent definition and factors affecting each. Question evidence not inherited from parent and not independently verified."
"v8_2026_10_09","ECON-9708-8.3.10-02","8.3.10","A_LEVEL_ADDITION","5","40","syllabus_scoped_child_proposal","Define economic rent in labour-market earnings","definition","","NONE_VERIFIED","source_scoped_provisional_teacher_and_evidence_QA_pending","not_started","not_started","false","Cambridge Economics 9708 2026-2028 v2 §8.3.10","none","","","No transfer earnings/economic rent example","CHECK_SOURCE_RIGHTS_AND_SCOPE","Manual English-stem triage of previous 61 no-in-tour-candidate parent points. This is NOT verified correct answer/skill evidence.","Official Cambridge Economics 9708 (2026–2028) v2 §8.3.10; supplied Economics 4th edition Chapter 40; Tour 5","ECON-9708-8.3.10-BASE","SPLIT: Official §8.3.10 explicitly provides three bullets: transfer earnings definition, economic rent definition and factors affecting each. Question evidence not inherited from parent and not independently verified."
"v8_2026_10_09","ECON-9708-8.3.10-03","8.3.10","A_LEVEL_ADDITION","5","40","syllabus_scoped_child_proposal","Analyse factors affecting transfer earnings and economic rent in an occupation","analysis","","NONE_VERIFIED","source_scoped_provisional_teacher_and_evidence_QA_pending","not_started","not_started","false","Cambridge Economics 9708 2026-2028 v2 §8.3.10","none","","","No transfer earnings/economic rent example","CHECK_SOURCE_RIGHTS_AND_SCOPE","Manual English-stem triage of previous 61 no-in-tour-candidate parent points. This is NOT verified correct answer/skill evidence.","Official Cambridge Economics 9708 (2026–2028) v2 §8.3.10; supplied Economics 4th edition Chapter 40; Tour 5","ECON-9708-8.3.10-BASE","SPLIT: Official §8.3.10 explicitly provides three bullets: transfer earnings definition, economic rent definition and factors affecting each. Question evidence not inherited from parent and not independently verified."
"v8_2026_10_09","ECON-9708-9.1.1-01","9.1.1","A_LEVEL_ADDITION","6","41","provisional_split","Explain the multiplier mechanism and induced spending","explanation","5031;5050;5083;5087","NONE_VERIFIED","needs_academic_and_evidence_review","not_started","not_started","false","Cambridge Economics 9708 2026-2028 v2 §9.1.1","unreviewed_practice_candidates","5031;5050;5083;5087","ORIGINAL_IN_TOUR_PRACTICE_CANDIDATES","No stem/answer validation claimed in this v3 enrichment.","CHECK_SOURCE_RIGHTS_AND_SCOPE","Prior 7-Tour candidate map; not semantic evidence.","","",""
"v8_2026_10_09","ECON-9708-9.1.1-02","9.1.1","A_LEVEL_ADDITION","6","41","provisional_split","Calculate MPC and APC from consumption data","quantitative","5031;5050;5083;5087","NONE_VERIFIED","needs_academic_and_evidence_review","not_started","not_started","false","Cambridge Economics 9708 2026-2028 v2 §9.1.1","unreviewed_practice_candidates","5031;5050;5083;5087","ORIGINAL_IN_TOUR_PRACTICE_CANDIDATES","No stem/answer validation claimed in this v3 enrichment.","CHECK_SOURCE_RIGHTS_AND_SCOPE","Prior 7-Tour candidate map; not semantic evidence.","","",""
"v8_2026_10_09","ECON-9708-9.1.1-03","9.1.1","A_LEVEL_ADDITION","6","41","provisional_split","Calculate MPS and APS from saving data","quantitative","5031;5050;5083;5087","NONE_VERIFIED","needs_academic_and_evidence_review","not_started","not_started","false","Cambridge Economics 9708 2026-2028 v2 §9.1.1","unreviewed_practice_candidates","5031;5050;5083;5087","ORIGINAL_IN_TOUR_PRACTICE_CANDIDATES","No stem/answer validation claimed in this v3 enrichment.","CHECK_SOURCE_RIGHTS_AND_SCOPE","Prior 7-Tour candidate map; not semantic evidence.","","",""
"v8_2026_10_09","ECON-9708-9.1.1-04","9.1.1","A_LEVEL_ADDITION","6","41","provisional_split","Calculate MPM and APM from import data","quantitative","5031;5050;5083;5087","NONE_VERIFIED","needs_academic_and_evidence_review","not_started","not_started","false","Cambridge Economics 9708 2026-2028 v2 §9.1.1","unreviewed_practice_candidates","5031;5050;5083;5087","ORIGINAL_IN_TOUR_PRACTICE_CANDIDATES","No stem/answer validation claimed in this v3 enrichment.","CHECK_SOURCE_RIGHTS_AND_SCOPE","Prior 7-Tour candidate map; not semantic evidence.","","",""
"v8_2026_10_09","ECON-9708-9.1.1-05","9.1.1","A_LEVEL_ADDITION","6","41","provisional_split","Calculate marginal and average rates of taxation","quantitative","5031;5050;5083;5087","NONE_VERIFIED","needs_academic_and_evidence_review","not_started","not_started","false","Cambridge Economics 9708 2026-2028 v2 §9.1.1","unreviewed_practice_candidates","5031;5050;5083;5087","ORIGINAL_IN_TOUR_PRACTICE_CANDIDATES","No stem/answer validation claimed in this v3 enrichment.","CHECK_SOURCE_RIGHTS_AND_SCOPE","Prior 7-Tour candidate map; not semantic evidence.","","",""
"v8_2026_10_09","ECON-9708-9.1.1-06","9.1.1","A_LEVEL_ADDITION","6","41","provisional_split","Calculate simple closed-economy multiplier without government","quantitative","5031;5050;5083;5087","NONE_VERIFIED","needs_academic_and_evidence_review","not_started","not_started","false","Cambridge Economics 9708 2026-2028 v2 §9.1.1","unreviewed_practice_candidates","5031;5050;5083;5087","ORIGINAL_IN_TOUR_PRACTICE_CANDIDATES","No stem/answer validation claimed in this v3 enrichment.","CHECK_SOURCE_RIGHTS_AND_SCOPE","Prior 7-Tour candidate map; not semantic evidence.","","",""
"v8_2026_10_09","ECON-9708-9.1.1-07","9.1.1","A_LEVEL_ADDITION","6","41","provisional_split","Calculate multiplier with government withdrawals","quantitative","5031;5050;5083;5087","NONE_VERIFIED","needs_academic_and_evidence_review","not_started","not_started","false","Cambridge Economics 9708 2026-2028 v2 §9.1.1","unreviewed_practice_candidates","5031;5050;5083;5087","ORIGINAL_IN_TOUR_PRACTICE_CANDIDATES","No stem/answer validation claimed in this v3 enrichment.","CHECK_SOURCE_RIGHTS_AND_SCOPE","Prior 7-Tour candidate map; not semantic evidence.","","",""
"v8_2026_10_09","ECON-9708-9.1.1-08","9.1.1","A_LEVEL_ADDITION","6","41","provisional_split","Calculate multiplier with foreign-sector withdrawals","quantitative","5031;5050;5083;5087","NONE_VERIFIED","needs_academic_and_evidence_review","not_started","not_started","false","Cambridge Economics 9708 2026-2028 v2 §9.1.1","unreviewed_practice_candidates","5031;5050;5083;5087","ORIGINAL_IN_TOUR_PRACTICE_CANDIDATES","No stem/answer validation claimed in this v3 enrichment.","CHECK_SOURCE_RIGHTS_AND_SCOPE","Prior 7-Tour candidate map; not semantic evidence.","","",""
"v8_2026_10_09","ECON-9708-9.1.1-09","9.1.1","A_LEVEL_ADDITION","6","41","provisional_split","Calculate a multiplier with government and external leakages","quantitative","5031;5050;5083;5087","NONE_VERIFIED","needs_academic_and_evidence_review","not_started","not_started","false","Cambridge Economics 9708 2026-2028 v2 §9.1.1","unreviewed_practice_candidates","5031;5050;5083;5087","ORIGINAL_IN_TOUR_PRACTICE_CANDIDATES","No stem/answer validation claimed in this v3 enrichment.","CHECK_SOURCE_RIGHTS_AND_SCOPE","Prior 7-Tour candidate map; not semantic evidence.","","",""
"v8_2026_10_09","ECON-9708-9.1.1-10","9.1.1","A_LEVEL_ADDITION","6","41","provisional_split","Determine equilibrium national income using multiplier assumptions","quantitative","5031;5050;5083;5087","NONE_VERIFIED","needs_academic_and_evidence_review","not_started","not_started","false","Cambridge Economics 9708 2026-2028 v2 §9.1.1","unreviewed_practice_candidates","5031;5050;5083;5087","ORIGINAL_IN_TOUR_PRACTICE_CANDIDATES","No stem/answer validation claimed in this v3 enrichment.","CHECK_SOURCE_RIGHTS_AND_SCOPE","Prior 7-Tour candidate map; not semantic evidence.","","",""
"v8_2026_10_09","ECON-9708-9.1.1-11","9.1.1","A_LEVEL_ADDITION","6","41","provisional_split","Estimate the national-income effect of an autonomous demand change","quantitative","5031;5050;5083;5087","NONE_VERIFIED","needs_academic_and_evidence_review","not_started","not_started","false","Cambridge Economics 9708 2026-2028 v2 §9.1.1","unreviewed_practice_candidates","5031;5050;5083;5087","ORIGINAL_IN_TOUR_PRACTICE_CANDIDATES","No stem/answer validation claimed in this v3 enrichment.","CHECK_SOURCE_RIGHTS_AND_SCOPE","Prior 7-Tour candidate map; not semantic evidence.","","",""
"v8_2026_10_09","ECON-9708-9.1.2-01","9.1.2","A_LEVEL_ADDITION","6","41","provisional_split","Model autonomous and income-induced consumption","diagram","5042;5076","NONE_VERIFIED","needs_academic_and_evidence_review","not_started","not_started","false","Cambridge Economics 9708 2026-2028 v2 §9.1.2","unreviewed_practice_candidates","5042;5076","ORIGINAL_IN_TOUR_PRACTICE_CANDIDATES","No stem/answer validation claimed in this v3 enrichment.","CHECK_SOURCE_RIGHTS_AND_SCOPE","Prior 7-Tour candidate map; not semantic evidence.","","",""
"v8_2026_10_09","ECON-9708-9.1.2-02","9.1.2","A_LEVEL_ADDITION","6","41","provisional_split","Model autonomous and income-induced saving","diagram","5042;5076","NONE_VERIFIED","needs_academic_and_evidence_review","not_started","not_started","false","Cambridge Economics 9708 2026-2028 v2 §9.1.2","unreviewed_practice_candidates","5042;5076","ORIGINAL_IN_TOUR_PRACTICE_CANDIDATES","No stem/answer validation claimed in this v3 enrichment.","CHECK_SOURCE_RIGHTS_AND_SCOPE","Prior 7-Tour candidate map; not semantic evidence.","","",""
"v8_2026_10_09","ECON-9708-9.1.2-03","9.1.2","A_LEVEL_ADDITION","6","41","provisional_split","Distinguish autonomous investment from accelerator-induced investment","explanation","5042;5076","NONE_VERIFIED","needs_academic_and_evidence_review","not_started","not_started","false","Cambridge Economics 9708 2026-2028 v2 §9.1.2","unreviewed_practice_candidates","5042;5076","ORIGINAL_IN_TOUR_PRACTICE_CANDIDATES","No stem/answer validation claimed in this v3 enrichment.","CHECK_SOURCE_RIGHTS_AND_SCOPE","Prior 7-Tour candidate map; not semantic evidence.","","",""
"v8_2026_10_09","ECON-9708-9.1.2-04","9.1.2","A_LEVEL_ADDITION","6","41","provisional_split","Explain the role of government spending in AD","case","5042;5076","NONE_VERIFIED","needs_academic_and_evidence_review","not_started","not_started","false","Cambridge Economics 9708 2026-2028 v2 §9.1.2","unreviewed_practice_candidates","5042;5076","ORIGINAL_IN_TOUR_PRACTICE_CANDIDATES","No stem/answer validation claimed in this v3 enrichment.","CHECK_SOURCE_RIGHTS_AND_SCOPE","Prior 7-Tour candidate map; not semantic evidence.","","",""
"v8_2026_10_09","ECON-9708-9.1.2-05","9.1.2","A_LEVEL_ADDITION","6","41","provisional_split","Model changes in net exports as an AD component","quantitative","5042;5076","NONE_VERIFIED","needs_academic_and_evidence_review","not_started","not_started","false","Cambridge Economics 9708 2026-2028 v2 §9.1.2","unreviewed_practice_candidates","5042;5076","ORIGINAL_IN_TOUR_PRACTICE_CANDIDATES","No stem/answer validation claimed in this v3 enrichment.","CHECK_SOURCE_RIGHTS_AND_SCOPE","Prior 7-Tour candidate map; not semantic evidence.","","",""
"v8_2026_10_09","ECON-9708-9.1.3-BASE","9.1.3","A_LEVEL_ADDITION","6","41","one_to_one_placeholder","Identify inflationary and deflationary gaps relative to full-employment national output","not_classified","5064;5089","NONE_VERIFIED","needs_atomicity_and_source_qa","not_started","not_started","false","Cambridge Economics 9708 2026-2028 v2 §9.1.3","unreviewed_practice_candidates","5064;5089","ORIGINAL_IN_TOUR_PRACTICE_CANDIDATES","No stem/answer validation claimed in this v3 enrichment.","CHECK_SOURCE_RIGHTS_AND_SCOPE","Prior 7-Tour candidate map; not semantic evidence.","","",""
"v8_2026_10_09","ECON-9708-9.2.1-BASE","9.2.1","A_LEVEL_ADDITION","6","42","one_to_one_placeholder","Differentiate actual output growth from growth in productive capacity","not_classified","5059;5097","NONE_VERIFIED","needs_atomicity_and_source_qa","not_started","not_started","false","Cambridge Economics 9708 2026-2028 v2 §9.2.1","unreviewed_practice_candidates","5059;5097","ORIGINAL_IN_TOUR_PRACTICE_CANDIDATES","No stem/answer validation claimed in this v3 enrichment.","CHECK_SOURCE_RIGHTS_AND_SCOPE","Prior 7-Tour candidate map; not semantic evidence.","","",""
"v8_2026_10_09","ECON-9708-9.2.2-BASE","9.2.2","A_LEVEL_ADDITION","6","42","one_to_one_placeholder","Interpret positive and negative output gaps using potential-output estimates","not_classified","","NONE_VERIFIED","needs_atomicity_and_source_qa","not_started","not_started","false","Cambridge Economics 9708 2026-2028 v2 §9.2.2","aligned","5053","Q5053 [Practice 6]","Negative output-gap classification","CHECK_SOURCE_RIGHTS_AND_SCOPE","Manual English-stem triage of previous 61 no-in-tour-candidate parent points. This is NOT verified correct answer/skill evidence.","","",""
"v8_2026_10_09","ECON-9708-9.2.3-01","9.2.3","A_LEVEL_ADDITION","6","42","provisional_split","Identify expansion, boom, downturn and trough in a business cycle","diagram","","NONE_VERIFIED","needs_academic_and_evidence_review","not_started","not_started","false","Cambridge Economics 9708 2026-2028 v2 §9.2.3","partial","6160;5057","Q6160 [Tour S2 T3]; Q5057 [Practice 6]","Automatic stabilisers only; business-cycle phases and causes not covered","REVIEW_ELIGIBILITY_REQUIRED","Manual English-stem triage of previous 61 no-in-tour-candidate parent points. This is NOT verified correct answer/skill evidence.","","",""
"v8_2026_10_09","ECON-9708-9.2.3-02","9.2.3","A_LEVEL_ADDITION","6","42","provisional_split","Explain demand and supply disturbances that generate business cycles","explanation","","NONE_VERIFIED","needs_academic_and_evidence_review","not_started","not_started","false","Cambridge Economics 9708 2026-2028 v2 §9.2.3","partial","6160;5057","Q6160 [Tour S2 T3]; Q5057 [Practice 6]","Automatic stabilisers only; business-cycle phases and causes not covered","REVIEW_ELIGIBILITY_REQUIRED","Manual English-stem triage of previous 61 no-in-tour-candidate parent points. This is NOT verified correct answer/skill evidence.","","",""
"v8_2026_10_09","ECON-9708-9.2.3-03","9.2.3","A_LEVEL_ADDITION","6","42","provisional_split","Explain automatic stabilisers over expansion and recession","evaluation","","NONE_VERIFIED","needs_academic_and_evidence_review","not_started","not_started","false","Cambridge Economics 9708 2026-2028 v2 §9.2.3","partial","6160;5057","Q6160 [Tour S2 T3]; Q5057 [Practice 6]","Automatic stabilisers only; business-cycle phases and causes not covered","REVIEW_ELIGIBILITY_REQUIRED","Manual English-stem triage of previous 61 no-in-tour-candidate parent points. This is NOT verified correct answer/skill evidence.","","",""
"v8_2026_10_09","ECON-9708-9.2.4-BASE","9.2.4","A_LEVEL_ADDITION","6","42","source_scoped_integrated_single_provisional","Evaluate the effectiveness of policies to promote economic growth","not_classified","5059;5097","NONE_VERIFIED","source_scoped_retain_one_pending_independent_teacher_review","not_started","not_started","false","Cambridge Economics 9708 2026-2028 v2 §9.2.4","unreviewed_practice_candidates","5059;5097","ORIGINAL_IN_TOUR_PRACTICE_CANDIDATES","No stem/answer validation claimed in this v3 enrichment.","CHECK_SOURCE_RIGHTS_AND_SCOPE","Prior 7-Tour candidate map; not semantic evidence.","Cambridge 9708 syllabus 2026-2028 v2 §9.2.4; one integrated evaluative/comparative competence","","Explicit editorial retain-one decision; no examiner or child-source approval."
"v8_2026_10_09","ECON-9708-9.2.5-01","9.2.5","A_LEVEL_ADDITION","6","42","syllabus_scoped_child_proposal","Define inclusive economic growth","definition","5081","NONE_VERIFIED","scope_grounded_in_official_bullet_list_not_examiner_approved","not_started","not_started","false","Cambridge Economics 9708 2026-2028 v2 §9.2.5","unreviewed_practice_candidates","5081","ORIGINAL_IN_TOUR_PRACTICE_CANDIDATES","No stem/answer validation claimed in this v3 enrichment.","CHECK_SOURCE_RIGHTS_AND_SCOPE","Prior 7-Tour candidate map; not semantic evidence.","Cambridge Economics 9708 syllabus 2026-2028 v2; section 9.2.5","ECON-9708-9.2.5-BASE","Original candidate action mapped to official parent. No assertion that legacy practice candidates demonstrate this child skill."
"v8_2026_10_09","ECON-9708-9.2.5-02","9.2.5","A_LEVEL_ADDITION","6","42","syllabus_scoped_child_proposal","Analyse the impacts of economic growth on equity and equality","analysis","5081","NONE_VERIFIED","scope_grounded_in_official_bullet_list_not_examiner_approved","not_started","not_started","false","Cambridge Economics 9708 2026-2028 v2 §9.2.5","unreviewed_practice_candidates","5081","ORIGINAL_IN_TOUR_PRACTICE_CANDIDATES","No stem/answer validation claimed in this v3 enrichment.","CHECK_SOURCE_RIGHTS_AND_SCOPE","Prior 7-Tour candidate map; not semantic evidence.","Cambridge Economics 9708 syllabus 2026-2028 v2; section 9.2.5","ECON-9708-9.2.5-BASE","Original candidate action mapped to official parent. No assertion that legacy practice candidates demonstrate this child skill."
"v8_2026_10_09","ECON-9708-9.2.5-03","9.2.5","A_LEVEL_ADDITION","6","42","syllabus_scoped_child_proposal","Evaluate policies to promote inclusive growth","evaluation","5081","NONE_VERIFIED","scope_grounded_in_official_bullet_list_not_examiner_approved","not_started","not_started","false","Cambridge Economics 9708 2026-2028 v2 §9.2.5","unreviewed_practice_candidates","5081","ORIGINAL_IN_TOUR_PRACTICE_CANDIDATES","No stem/answer validation claimed in this v3 enrichment.","CHECK_SOURCE_RIGHTS_AND_SCOPE","Prior 7-Tour candidate map; not semantic evidence.","Cambridge Economics 9708 syllabus 2026-2028 v2; section 9.2.5","ECON-9708-9.2.5-BASE","Original candidate action mapped to official parent. No assertion that legacy practice candidates demonstrate this child skill."
"v8_2026_10_09","ECON-9708-9.2.6-01","9.2.6","A_LEVEL_ADDITION","6","42","syllabus_scoped_child_proposal","Define sustainable economic growth","definition","5043;5058;5065","NONE_VERIFIED","scope_grounded_in_official_bullet_list_not_examiner_approved","not_started","not_started","false","Cambridge Economics 9708 2026-2028 v2 §9.2.6","unreviewed_practice_candidates","5043;5058;5065","ORIGINAL_IN_TOUR_PRACTICE_CANDIDATES","No stem/answer validation claimed in this v3 enrichment.","CHECK_SOURCE_RIGHTS_AND_SCOPE","Prior 7-Tour candidate map; not semantic evidence.","Cambridge Economics 9708 syllabus 2026-2028 v2; section 9.2.6","ECON-9708-9.2.6-BASE","Original candidate action mapped to official parent. No assertion that legacy practice candidates demonstrate this child skill."
"v8_2026_10_09","ECON-9708-9.2.6-02","9.2.6","A_LEVEL_ADDITION","6","42","syllabus_scoped_child_proposal","Explain use and conservation of natural and produced resources in sustainable growth","causal_analysis","5043;5058;5065","NONE_VERIFIED","scope_grounded_in_official_bullet_list_not_examiner_approved","not_started","not_started","false","Cambridge Economics 9708 2026-2028 v2 §9.2.6","unreviewed_practice_candidates","5043;5058;5065","ORIGINAL_IN_TOUR_PRACTICE_CANDIDATES","No stem/answer validation claimed in this v3 enrichment.","CHECK_SOURCE_RIGHTS_AND_SCOPE","Prior 7-Tour candidate map; not semantic evidence.","Cambridge Economics 9708 syllabus 2026-2028 v2; section 9.2.6","ECON-9708-9.2.6-BASE","Original candidate action mapped to official parent. No assertion that legacy practice candidates demonstrate this child skill."
"v8_2026_10_09","ECON-9708-9.2.6-03","9.2.6","A_LEVEL_ADDITION","6","42","syllabus_scoped_child_proposal","Analyse the impacts of economic growth on environment and climate change","analysis","5043;5058;5065","NONE_VERIFIED","scope_grounded_in_official_bullet_list_not_examiner_approved","not_started","not_started","false","Cambridge Economics 9708 2026-2028 v2 §9.2.6","unreviewed_practice_candidates","5043;5058;5065","ORIGINAL_IN_TOUR_PRACTICE_CANDIDATES","No stem/answer validation claimed in this v3 enrichment.","CHECK_SOURCE_RIGHTS_AND_SCOPE","Prior 7-Tour candidate map; not semantic evidence.","Cambridge Economics 9708 syllabus 2026-2028 v2; section 9.2.6","ECON-9708-9.2.6-BASE","Original candidate action mapped to official parent. No assertion that legacy practice candidates demonstrate this child skill."
"v8_2026_10_09","ECON-9708-9.2.6-04","9.2.6","A_LEVEL_ADDITION","6","42","syllabus_scoped_child_proposal","Evaluate policies to mitigate environmental harm from economic growth","evaluation","5043;5058;5065","NONE_VERIFIED","scope_grounded_in_official_bullet_list_not_examiner_approved","not_started","not_started","false","Cambridge Economics 9708 2026-2028 v2 §9.2.6","unreviewed_practice_candidates","5043;5058;5065","ORIGINAL_IN_TOUR_PRACTICE_CANDIDATES","No stem/answer validation claimed in this v3 enrichment.","CHECK_SOURCE_RIGHTS_AND_SCOPE","Prior 7-Tour candidate map; not semantic evidence.","Cambridge Economics 9708 syllabus 2026-2028 v2; section 9.2.6","ECON-9708-9.2.6-BASE","Original candidate action mapped to official parent. No assertion that legacy practice candidates demonstrate this child skill."
"v8_2026_10_09","ECON-9708-9.3.1-BASE","9.3.1","A_LEVEL_ADDITION","6","43","source_scoped_integrated_single_provisional","Define full employment and distinguish it from a literal zero measured unemployment rate","not_classified","","NONE_VERIFIED","source_scoped_provisional_teacher_and_evidence_QA_pending","not_started","not_started","false","Cambridge Economics 9708 2026-2028 v2 §9.3.1","partial","5075","Q5075 [Practice 6]","Frictional/structural natural unemployment, full-employment model partial","CHECK_SOURCE_RIGHTS_AND_SCOPE","Manual English-stem triage of previous 61 no-in-tour-candidate parent points. This is NOT verified correct answer/skill evidence.","Official Cambridge Economics 9708 (2026–2028) v2 §9.3.1; supplied Economics 4th edition Chapter 43; Tour 6","","RETAIN_SINGLE: Official §9.3.1 requires a definition only; detailed classification of unemployment belongs to other points. No automatic assessment mapping or examiner signoff."
"v8_2026_10_09","ECON-9708-9.3.2-01","9.3.2","A_LEVEL_ADDITION","6","43","syllabus_scoped_child_proposal","Distinguish equilibrium unemployment from a zero-unemployment assumption","comparison","","NONE_VERIFIED","source_scoped_candidate_pending_independent_teacher_review","not_started","not_started","false","Cambridge Economics 9708 2026-2028 v2 §9.3.2","partial","2542","Q2542 [Tour S1 T2]","Hysteresis example; Season 1 Tour 2 is mis-tiered for A Level","REVIEW_ELIGIBILITY_REQUIRED","Manual English-stem triage of previous 61 no-in-tour-candidate parent points. This is NOT verified correct answer/skill evidence.","Official Cambridge 9708 2026-2028 v2 §9.3.2; uploaded Economics 4th edition","ECON-9708-9.3.2-BASE","Draft child-specific evidence NOT proven. Parent-question candidates are NOT inherited as verified child evidence."
"v8_2026_10_09","ECON-9708-9.3.2-02","9.3.2","A_LEVEL_ADDITION","6","43","syllabus_scoped_child_proposal","Explain disequilibrium unemployment from excess labour supply or deficient demand","causal_analysis","","NONE_VERIFIED","source_scoped_candidate_pending_independent_teacher_review","not_started","not_started","false","Cambridge Economics 9708 2026-2028 v2 §9.3.2","partial","2542","Q2542 [Tour S1 T2]","Hysteresis example; Season 1 Tour 2 is mis-tiered for A Level","REVIEW_ELIGIBILITY_REQUIRED","Manual English-stem triage of previous 61 no-in-tour-candidate parent points. This is NOT verified correct answer/skill evidence.","Official Cambridge 9708 2026-2028 v2 §9.3.2; uploaded Economics 4th edition","ECON-9708-9.3.2-BASE","Draft child-specific evidence NOT proven. Parent-question candidates are NOT inherited as verified child evidence."
"v8_2026_10_09","ECON-9708-9.3.2-03","9.3.2","A_LEVEL_ADDITION","6","43","syllabus_scoped_child_proposal","Explain hysteresis and why past unemployment can persist after recovery","causal_analysis","","NONE_VERIFIED","source_scoped_candidate_pending_independent_teacher_review","not_started","not_started","false","Cambridge Economics 9708 2026-2028 v2 §9.3.2","partial","2542","Q2542 [Tour S1 T2]","Hysteresis example; Season 1 Tour 2 is mis-tiered for A Level","REVIEW_ELIGIBILITY_REQUIRED","Manual English-stem triage of previous 61 no-in-tour-candidate parent points. This is NOT verified correct answer/skill evidence.","Official Cambridge 9708 2026-2028 v2 §9.3.2; uploaded Economics 4th edition","ECON-9708-9.3.2-BASE","Draft child-specific evidence NOT proven. Parent-question candidates are NOT inherited as verified child evidence."
"v8_2026_10_09","ECON-9708-9.3.3-BASE","9.3.3","A_LEVEL_ADDITION","6","43","source_scoped_integrated_single_provisional","Distinguish voluntary unemployment from involuntary unemployment","not_classified","","NONE_VERIFIED","source_scoped_retain_one_pending_independent_teacher_review","not_started","not_started","false","Cambridge Economics 9708 2026-2028 v2 §9.3.3","none","","","No voluntary/involuntary unemployment distinction","CHECK_SOURCE_RIGHTS_AND_SCOPE","Manual English-stem triage of previous 61 no-in-tour-candidate parent points. This is NOT verified correct answer/skill evidence.","Cambridge 9708 syllabus 2026-2028 v2 §9.3.3; one integrated evaluative/comparative competence","","Explicit editorial retain-one decision; no examiner or child-source approval."
"v8_2026_10_09","ECON-9708-9.3.4-01","9.3.4","A_LEVEL_ADDITION","6","43","syllabus_scoped_child_proposal","Define the natural rate of unemployment","definition","5075","NONE_VERIFIED","scope_grounded_in_official_bullet_list_not_examiner_approved","not_started","not_started","false","Cambridge Economics 9708 2026-2028 v2 §9.3.4","unreviewed_practice_candidates","5075","ORIGINAL_IN_TOUR_PRACTICE_CANDIDATES","No stem/answer validation claimed in this v3 enrichment.","CHECK_SOURCE_RIGHTS_AND_SCOPE","Prior 7-Tour candidate map; not semantic evidence.","Cambridge Economics 9708 syllabus 2026-2028 v2; section 9.3.4","ECON-9708-9.3.4-BASE","Original candidate action mapped to official parent. No assertion that legacy practice candidates demonstrate this child skill."
"v8_2026_10_09","ECON-9708-9.3.4-02","9.3.4","A_LEVEL_ADDITION","6","43","syllabus_scoped_child_proposal","Explain the determinants of the natural rate of unemployment","analysis","5075","NONE_VERIFIED","scope_grounded_in_official_bullet_list_not_examiner_approved","not_started","not_started","false","Cambridge Economics 9708 2026-2028 v2 §9.3.4","unreviewed_practice_candidates","5075","ORIGINAL_IN_TOUR_PRACTICE_CANDIDATES","No stem/answer validation claimed in this v3 enrichment.","CHECK_SOURCE_RIGHTS_AND_SCOPE","Prior 7-Tour candidate map; not semantic evidence.","Cambridge Economics 9708 syllabus 2026-2028 v2; section 9.3.4","ECON-9708-9.3.4-BASE","Original candidate action mapped to official parent. No assertion that legacy practice candidates demonstrate this child skill."
"v8_2026_10_09","ECON-9708-9.3.4-03","9.3.4","A_LEVEL_ADDITION","6","43","syllabus_scoped_child_proposal","Evaluate implications of the natural rate for government policy","evaluation","5075","NONE_VERIFIED","scope_grounded_in_official_bullet_list_not_examiner_approved","not_started","not_started","false","Cambridge Economics 9708 2026-2028 v2 §9.3.4","unreviewed_practice_candidates","5075","ORIGINAL_IN_TOUR_PRACTICE_CANDIDATES","No stem/answer validation claimed in this v3 enrichment.","CHECK_SOURCE_RIGHTS_AND_SCOPE","Prior 7-Tour candidate map; not semantic evidence.","Cambridge Economics 9708 syllabus 2026-2028 v2; section 9.3.4","ECON-9708-9.3.4-BASE","Original candidate action mapped to official parent. No assertion that legacy practice candidates demonstrate this child skill."
"v8_2026_10_09","ECON-9708-9.3.5-BASE","9.3.5","A_LEVEL_ADDITION","6","43","one_to_one_placeholder","Interpret employment and unemployment trends with comparable data","not_classified","5038;5085;5094","NONE_VERIFIED","needs_atomicity_and_source_qa","not_started","not_started","false","Cambridge Economics 9708 2026-2028 v2 §9.3.5","unreviewed_practice_candidates","5038;5085;5094","ORIGINAL_IN_TOUR_PRACTICE_CANDIDATES","No stem/answer validation claimed in this v3 enrichment.","CHECK_SOURCE_RIGHTS_AND_SCOPE","Prior 7-Tour candidate map; not semantic evidence.","","",""
"v8_2026_10_09","ECON-9708-9.3.6-01","9.3.6","A_LEVEL_ADDITION","6","43","syllabus_scoped_child_proposal","Distinguish geographical labour mobility","comparison","5045","NONE_VERIFIED","scope_grounded_in_official_bullet_list_not_examiner_approved","not_started","not_started","false","Cambridge Economics 9708 2026-2028 v2 §9.3.6","unreviewed_practice_candidates","5045","ORIGINAL_IN_TOUR_PRACTICE_CANDIDATES","No stem/answer validation claimed in this v3 enrichment.","CHECK_SOURCE_RIGHTS_AND_SCOPE","Prior 7-Tour candidate map; not semantic evidence.","Cambridge Economics 9708 syllabus 2026-2028 v2; section 9.3.6","ECON-9708-9.3.6-BASE","Original candidate action mapped to official parent. No assertion that legacy practice candidates demonstrate this child skill."
"v8_2026_10_09","ECON-9708-9.3.6-02","9.3.6","A_LEVEL_ADDITION","6","43","syllabus_scoped_child_proposal","Distinguish occupational labour mobility","comparison","5045","NONE_VERIFIED","scope_grounded_in_official_bullet_list_not_examiner_approved","not_started","not_started","false","Cambridge Economics 9708 2026-2028 v2 §9.3.6","unreviewed_practice_candidates","5045","ORIGINAL_IN_TOUR_PRACTICE_CANDIDATES","No stem/answer validation claimed in this v3 enrichment.","CHECK_SOURCE_RIGHTS_AND_SCOPE","Prior 7-Tour candidate map; not semantic evidence.","Cambridge Economics 9708 syllabus 2026-2028 v2; section 9.3.6","ECON-9708-9.3.6-BASE","Original candidate action mapped to official parent. No assertion that legacy practice candidates demonstrate this child skill."
"v8_2026_10_09","ECON-9708-9.3.6-03","9.3.6","A_LEVEL_ADDITION","6","43","syllabus_scoped_child_proposal","Analyse factors enabling or restricting labour mobility","analysis","5045","NONE_VERIFIED","scope_grounded_in_official_bullet_list_not_examiner_approved","not_started","not_started","false","Cambridge Economics 9708 2026-2028 v2 §9.3.6","unreviewed_practice_candidates","5045","ORIGINAL_IN_TOUR_PRACTICE_CANDIDATES","No stem/answer validation claimed in this v3 enrichment.","CHECK_SOURCE_RIGHTS_AND_SCOPE","Prior 7-Tour candidate map; not semantic evidence.","Cambridge Economics 9708 syllabus 2026-2028 v2; section 9.3.6","ECON-9708-9.3.6-BASE","Original candidate action mapped to official parent. No assertion that legacy practice candidates demonstrate this child skill."
"v8_2026_10_09","ECON-9708-9.3.7-BASE","9.3.7","A_LEVEL_ADDITION","6","43","one_to_one_placeholder","Evaluate unemployment-reduction policies for different unemployment causes","not_classified","5045;5047;5055","NONE_VERIFIED","needs_atomicity_and_source_qa","not_started","not_started","false","Cambridge Economics 9708 2026-2028 v2 §9.3.7","unreviewed_practice_candidates","5045;5047;5055","ORIGINAL_IN_TOUR_PRACTICE_CANDIDATES","No stem/answer validation claimed in this v3 enrichment.","CHECK_SOURCE_RIGHTS_AND_SCOPE","Prior 7-Tour candidate map; not semantic evidence.","","",""
"v8_2026_10_09","ECON-9708-9.4.1-01","9.4.1","A_LEVEL_ADDITION","6","44","syllabus_scoped_child_proposal","Define money in economic analysis","definition","","NONE_VERIFIED","source_scoped_candidate_pending_independent_teacher_review","not_started","not_started","false","Cambridge Economics 9708 2026-2028 v2 §9.4.1","unreviewed_practice_candidates","5066;5077;5095","ORIGINAL_IN_TOUR_PRACTICE_CANDIDATES","No stem/answer validation claimed in this v3 enrichment.","CHECK_SOURCE_RIGHTS_AND_SCOPE","Prior 7-Tour candidate map; not semantic evidence.","Official Cambridge 9708 2026-2028 v2 §9.4.1; uploaded Economics 4th edition","ECON-9708-9.4.1-BASE","Draft child-specific evidence NOT proven. Parent-question candidates are NOT inherited as verified child evidence."
"v8_2026_10_09","ECON-9708-9.4.1-02","9.4.1","A_LEVEL_ADDITION","6","44","syllabus_scoped_child_proposal","Explain functions of money","explanation","","NONE_VERIFIED","source_scoped_candidate_pending_independent_teacher_review","not_started","not_started","false","Cambridge Economics 9708 2026-2028 v2 §9.4.1","unreviewed_practice_candidates","5066;5077;5095","ORIGINAL_IN_TOUR_PRACTICE_CANDIDATES","No stem/answer validation claimed in this v3 enrichment.","CHECK_SOURCE_RIGHTS_AND_SCOPE","Prior 7-Tour candidate map; not semantic evidence.","Official Cambridge 9708 2026-2028 v2 §9.4.1; uploaded Economics 4th edition","ECON-9708-9.4.1-BASE","Draft child-specific evidence NOT proven. Parent-question candidates are NOT inherited as verified child evidence."
"v8_2026_10_09","ECON-9708-9.4.1-03","9.4.1","A_LEVEL_ADDITION","6","44","syllabus_scoped_child_proposal","Explain the characteristics that make an asset suitable as money","explanation","","NONE_VERIFIED","source_scoped_candidate_pending_independent_teacher_review","not_started","not_started","false","Cambridge Economics 9708 2026-2028 v2 §9.4.1","unreviewed_practice_candidates","5066;5077;5095","ORIGINAL_IN_TOUR_PRACTICE_CANDIDATES","No stem/answer validation claimed in this v3 enrichment.","CHECK_SOURCE_RIGHTS_AND_SCOPE","Prior 7-Tour candidate map; not semantic evidence.","Official Cambridge 9708 2026-2028 v2 §9.4.1; uploaded Economics 4th edition","ECON-9708-9.4.1-BASE","Draft child-specific evidence NOT proven. Parent-question candidates are NOT inherited as verified child evidence."
"v8_2026_10_09","ECON-9708-9.4.2-BASE","9.4.2","A_LEVEL_ADDITION","6","44","source_scoped_integrated_single_provisional","Define the money supply as distinct from money demand and the price level","not_classified","5036","NONE_VERIFIED","source_scoped_provisional_teacher_and_evidence_QA_pending","not_started","not_started","false","Cambridge Economics 9708 2026-2028 v2 §9.4.2","unreviewed_practice_candidates","5036","ORIGINAL_IN_TOUR_PRACTICE_CANDIDATES","No stem/answer validation claimed in this v3 enrichment.","CHECK_SOURCE_RIGHTS_AND_SCOPE","Prior 7-Tour candidate map; not semantic evidence.","Official Cambridge Economics 9708 (2026–2028) v2 §9.4.2; supplied Economics 4th edition Chapter 44; Tour 6","","RETAIN_SINGLE: Official §9.4.2 requires money-supply definition, NOT a separate analysis of changing general price levels. No automatic assessment mapping or examiner signoff."
"v8_2026_10_09","ECON-9708-9.4.3-BASE","9.4.3","A_LEVEL_ADDITION","6","44","source_scoped_integrated_single_provisional","Explain and apply the quantity theory of money (MV = PT) with its stated assumptions","not_classified","","NONE_VERIFIED","source_scoped_provisional_teacher_and_evidence_QA_pending","not_started","not_started","false","Cambridge Economics 9708 2026-2028 v2 §9.4.3","aligned_wrong_tier","2540","Q2540 [Practice 2]","Quantity equation calculation exists, but Practice Tour 2 is AS-labelled","CHECK_SOURCE_RIGHTS_AND_SCOPE","Manual English-stem triage of previous 61 no-in-tour-candidate parent points. This is NOT verified correct answer/skill evidence.","Official Cambridge Economics 9708 (2026–2028) v2 §9.4.3; supplied Economics 4th edition Chapter 44; Tour 6","","RETAIN_SINGLE: Official §9.4.3 names one quantity-theory relationship. Its mathematical application and conditional interpretation are jointly assessed. A Level only. No automatic assessment mapping or examiner signoff."
"v8_2026_10_09","ECON-9708-9.4.4-01","9.4.4","A_LEVEL_ADDITION","6","44","provisional_split","Compare bank deposit and loan products and their functions","explanation","5037;5051;5086;5091","NONE_VERIFIED","needs_academic_and_evidence_review","not_started","not_started","false","Cambridge Economics 9708 2026-2028 v2 §9.4.4","unreviewed_practice_candidates","5037;5051;5086;5091","ORIGINAL_IN_TOUR_PRACTICE_CANDIDATES","No stem/answer validation claimed in this v3 enrichment.","CHECK_SOURCE_RIGHTS_AND_SCOPE","Prior 7-Tour candidate map; not semantic evidence.","","",""
"v8_2026_10_09","ECON-9708-9.4.4-02","9.4.4","A_LEVEL_ADDITION","6","44","provisional_split","Classify assets and liabilities on a commercial bank balance sheet","quantitative","5037;5051;5086;5091","NONE_VERIFIED","needs_academic_and_evidence_review","not_started","not_started","false","Cambridge Economics 9708 2026-2028 v2 §9.4.4","unreviewed_practice_candidates","5037;5051;5086;5091","ORIGINAL_IN_TOUR_PRACTICE_CANDIDATES","No stem/answer validation claimed in this v3 enrichment.","CHECK_SOURCE_RIGHTS_AND_SCOPE","Prior 7-Tour candidate map; not semantic evidence.","","",""
"v8_2026_10_09","ECON-9708-9.4.4-03","9.4.4","A_LEVEL_ADDITION","6","44","provisional_split","Apply reserve ratios to bank lending constraints","quantitative","5037;5051;5086;5091","NONE_VERIFIED","needs_academic_and_evidence_review","not_started","not_started","false","Cambridge Economics 9708 2026-2028 v2 §9.4.4","unreviewed_practice_candidates","5037;5051;5086;5091","ORIGINAL_IN_TOUR_PRACTICE_CANDIDATES","No stem/answer validation claimed in this v3 enrichment.","CHECK_SOURCE_RIGHTS_AND_SCOPE","Prior 7-Tour candidate map; not semantic evidence.","","",""
"v8_2026_10_09","ECON-9708-9.4.4-04","9.4.4","A_LEVEL_ADDITION","6","44","provisional_split","Interpret bank capital ratios and solvency implications","quantitative","5037;5051;5086;5091","NONE_VERIFIED","needs_academic_and_evidence_review","not_started","not_started","false","Cambridge Economics 9708 2026-2028 v2 §9.4.4","unreviewed_practice_candidates","5037;5051;5086;5091","ORIGINAL_IN_TOUR_PRACTICE_CANDIDATES","No stem/answer validation claimed in this v3 enrichment.","CHECK_SOURCE_RIGHTS_AND_SCOPE","Prior 7-Tour candidate map; not semantic evidence.","","",""
"v8_2026_10_09","ECON-9708-9.4.4-05","9.4.4","A_LEVEL_ADDITION","6","44","provisional_split","Evaluate liquidity, security and profitability objectives","evaluation","5037;5051;5086;5091","NONE_VERIFIED","needs_academic_and_evidence_review","not_started","not_started","false","Cambridge Economics 9708 2026-2028 v2 §9.4.4","unreviewed_practice_candidates","5037;5051;5086;5091","ORIGINAL_IN_TOUR_PRACTICE_CANDIDATES","No stem/answer validation claimed in this v3 enrichment.","CHECK_SOURCE_RIGHTS_AND_SCOPE","Prior 7-Tour candidate map; not semantic evidence.","","",""
"v8_2026_10_09","ECON-9708-9.4.5-01","9.4.5","A_LEVEL_ADDITION","6","44","provisional_split","Calculate simple deposit or credit multiplier effects","quantitative","5030;5035;5060;5062;5069","NONE_VERIFIED","needs_academic_and_evidence_review","not_started","not_started","false","Cambridge Economics 9708 2026-2028 v2 §9.4.5","unreviewed_practice_candidates","5030;5035;5060;5062;5069","ORIGINAL_IN_TOUR_PRACTICE_CANDIDATES","No stem/answer validation claimed in this v3 enrichment.","CHECK_SOURCE_RIGHTS_AND_SCOPE","Prior 7-Tour candidate map; not semantic evidence.","","",""
"v8_2026_10_09","ECON-9708-9.4.5-02","9.4.5","A_LEVEL_ADDITION","6","44","provisional_split","Explain how central-bank instruments alter money creation","case","5030;5035;5060;5062;5069","NONE_VERIFIED","needs_academic_and_evidence_review","not_started","not_started","false","Cambridge Economics 9708 2026-2028 v2 §9.4.5","unreviewed_practice_candidates","5030;5035;5060;5062;5069","ORIGINAL_IN_TOUR_PRACTICE_CANDIDATES","No stem/answer validation claimed in this v3 enrichment.","CHECK_SOURCE_RIGHTS_AND_SCOPE","Prior 7-Tour candidate map; not semantic evidence.","","",""
"v8_2026_10_09","ECON-9708-9.4.5-03","9.4.5","A_LEVEL_ADDITION","6","44","provisional_split","Explain how budget-deficit financing affects money supply","case","5030;5035;5060;5062;5069","NONE_VERIFIED","needs_academic_and_evidence_review","not_started","not_started","false","Cambridge Economics 9708 2026-2028 v2 §9.4.5","unreviewed_practice_candidates","5030;5035;5060;5062;5069","ORIGINAL_IN_TOUR_PRACTICE_CANDIDATES","No stem/answer validation claimed in this v3 enrichment.","CHECK_SOURCE_RIGHTS_AND_SCOPE","Prior 7-Tour candidate map; not semantic evidence.","","",""
"v8_2026_10_09","ECON-9708-9.4.5-04","9.4.5","A_LEVEL_ADDITION","6","44","provisional_split","Evaluate quantitative easing and its transmission channels","evaluation","5030;5035;5060;5062;5069","NONE_VERIFIED","needs_academic_and_evidence_review","not_started","not_started","false","Cambridge Economics 9708 2026-2028 v2 §9.4.5","unreviewed_practice_candidates","5030;5035;5060;5062;5069","ORIGINAL_IN_TOUR_PRACTICE_CANDIDATES","No stem/answer validation claimed in this v3 enrichment.","CHECK_SOURCE_RIGHTS_AND_SCOPE","Prior 7-Tour candidate map; not semantic evidence.","","",""
"v8_2026_10_09","ECON-9708-9.4.5-05","9.4.5","A_LEVEL_ADDITION","6","44","provisional_split","Trace balance-of-payments effects on a domestic money stock","case","5030;5035;5060;5062;5069","NONE_VERIFIED","needs_academic_and_evidence_review","not_started","not_started","false","Cambridge Economics 9708 2026-2028 v2 §9.4.5","unreviewed_practice_candidates","5030;5035;5060;5062;5069","ORIGINAL_IN_TOUR_PRACTICE_CANDIDATES","No stem/answer validation claimed in this v3 enrichment.","CHECK_SOURCE_RIGHTS_AND_SCOPE","Prior 7-Tour candidate map; not semantic evidence.","","",""
"v8_2026_10_09","ECON-9708-9.4.6-BASE","9.4.6","A_LEVEL_ADDITION","6","44","one_to_one_placeholder","Evaluate disinflation strategies in light of the source of inflation","not_classified","5061","NONE_VERIFIED","needs_atomicity_and_source_qa","not_started","not_started","false","Cambridge Economics 9708 2026-2028 v2 §9.4.6","unreviewed_practice_candidates","5061","ORIGINAL_IN_TOUR_PRACTICE_CANDIDATES","No stem/answer validation claimed in this v3 enrichment.","CHECK_SOURCE_RIGHTS_AND_SCOPE","Prior 7-Tour candidate map; not semantic evidence.","","",""
"v8_2026_10_09","ECON-9708-9.4.7-01","9.4.7","A_LEVEL_ADDITION","6","44","syllabus_scoped_child_proposal","Explain transactions demand for money and its income dependence","causal_analysis","","NONE_VERIFIED","scope_grounded_in_official_bullet_list_not_examiner_approved","not_started","not_started","false","Cambridge Economics 9708 2026-2028 v2 §9.4.7","partial","6225","Q6225 [Tour S2 T6]","Liquidity trap is only a special case, not full liquidity-preference theory","REVIEW_ELIGIBILITY_REQUIRED","Manual English-stem triage of previous 61 no-in-tour-candidate parent points. This is NOT verified correct answer/skill evidence.","Cambridge Economics 9708 syllabus 2026-2028 v2; section 9.4.7","ECON-9708-9.4.7-BASE","Original candidate action mapped to official parent. No assertion that legacy practice candidates demonstrate this child skill."
"v8_2026_10_09","ECON-9708-9.4.7-02","9.4.7","A_LEVEL_ADDITION","6","44","syllabus_scoped_child_proposal","Explain precautionary demand for money","causal_analysis","","NONE_VERIFIED","scope_grounded_in_official_bullet_list_not_examiner_approved","not_started","not_started","false","Cambridge Economics 9708 2026-2028 v2 §9.4.7","partial","6225","Q6225 [Tour S2 T6]","Liquidity trap is only a special case, not full liquidity-preference theory","REVIEW_ELIGIBILITY_REQUIRED","Manual English-stem triage of previous 61 no-in-tour-candidate parent points. This is NOT verified correct answer/skill evidence.","Cambridge Economics 9708 syllabus 2026-2028 v2; section 9.4.7","ECON-9708-9.4.7-BASE","Original candidate action mapped to official parent. No assertion that legacy practice candidates demonstrate this child skill."
"v8_2026_10_09","ECON-9708-9.4.7-03","9.4.7","A_LEVEL_ADDITION","6","44","syllabus_scoped_child_proposal","Explain speculative demand for money and its interest-rate dependence","diagram","","NONE_VERIFIED","scope_grounded_in_official_bullet_list_not_examiner_approved","not_started","not_started","false","Cambridge Economics 9708 2026-2028 v2 §9.4.7","partial","6225","Q6225 [Tour S2 T6]","Liquidity trap is only a special case, not full liquidity-preference theory","REVIEW_ELIGIBILITY_REQUIRED","Manual English-stem triage of previous 61 no-in-tour-candidate parent points. This is NOT verified correct answer/skill evidence.","Cambridge Economics 9708 syllabus 2026-2028 v2; section 9.4.7","ECON-9708-9.4.7-BASE","Original candidate action mapped to official parent. No assertion that legacy practice candidates demonstrate this child skill."
"v8_2026_10_09","ECON-9708-9.4.7-04","9.4.7","A_LEVEL_ADDITION","6","44","syllabus_scoped_child_proposal","Distinguish an income-driven shift of liquidity preference from an interest-rate-driven movement along the money-demand curve","diagram","","NONE_VERIFIED","scope_grounded_in_official_bullet_list_not_examiner_approved","not_started","not_started","false","Cambridge Economics 9708 2026-2028 v2 §9.4.7","partial","6225","Q6225 [Tour S2 T6]","Liquidity trap is only a special case, not full liquidity-preference theory","REVIEW_ELIGIBILITY_REQUIRED","Manual English-stem triage of previous 61 no-in-tour-candidate parent points. This is NOT verified correct answer/skill evidence.","Cambridge Economics 9708 syllabus 2026-2028 v2; section 9.4.7","ECON-9708-9.4.7-BASE","Original candidate action mapped to official parent. No assertion that legacy practice candidates demonstrate this child skill."
"v8_2026_10_09","ECON-9708-9.4.8-01","9.4.8","A_LEVEL_ADDITION","6","44","syllabus_scoped_child_proposal","Determine an interest rate using Keynesian money demand and money supply","diagram","","NONE_VERIFIED","scope_grounded_in_official_bullet_list_not_examiner_approved","not_started","not_started","false","Cambridge Economics 9708 2026-2028 v2 §9.4.8","partial","6167","Q6167 [Tour S2 T3]","Loanable-funds scenario only; Keynesian comparison absent and historical Tour 3 tier questionable","REVIEW_ELIGIBILITY_REQUIRED","Manual English-stem triage of previous 61 no-in-tour-candidate parent points. This is NOT verified correct answer/skill evidence.","Cambridge Economics 9708 syllabus 2026-2028 v2; section 9.4.8","ECON-9708-9.4.8-BASE","Original candidate action mapped to official parent. No assertion that legacy practice candidates demonstrate this child skill."
"v8_2026_10_09","ECON-9708-9.4.8-02","9.4.8","A_LEVEL_ADDITION","6","44","syllabus_scoped_child_proposal","Determine an interest rate using the loanable-funds supply and demand model","diagram","","NONE_VERIFIED","scope_grounded_in_official_bullet_list_not_examiner_approved","not_started","not_started","false","Cambridge Economics 9708 2026-2028 v2 §9.4.8","partial","6167","Q6167 [Tour S2 T3]","Loanable-funds scenario only; Keynesian comparison absent and historical Tour 3 tier questionable","REVIEW_ELIGIBILITY_REQUIRED","Manual English-stem triage of previous 61 no-in-tour-candidate parent points. This is NOT verified correct answer/skill evidence.","Cambridge Economics 9708 syllabus 2026-2028 v2; section 9.4.8","ECON-9708-9.4.8-BASE","Original candidate action mapped to official parent. No assertion that legacy practice candidates demonstrate this child skill."
"v8_2026_10_09","ECON-9708-9.4.8-03","9.4.8","A_LEVEL_ADDITION","6","44","syllabus_scoped_child_proposal","Compare the different determinants and assumptions of the Keynesian and loanable-funds theories","comparison","","NONE_VERIFIED","scope_grounded_in_official_bullet_list_not_examiner_approved","not_started","not_started","false","Cambridge Economics 9708 2026-2028 v2 §9.4.8","partial","6167","Q6167 [Tour S2 T3]","Loanable-funds scenario only; Keynesian comparison absent and historical Tour 3 tier questionable","REVIEW_ELIGIBILITY_REQUIRED","Manual English-stem triage of previous 61 no-in-tour-candidate parent points. This is NOT verified correct answer/skill evidence.","Cambridge Economics 9708 syllabus 2026-2028 v2; section 9.4.8","ECON-9708-9.4.8-BASE","Original candidate action mapped to official parent. No assertion that legacy practice candidates demonstrate this child skill."
"v8_2026_10_09","ECON-9708-10.1.1-01","10.1.1","A_LEVEL_ADDITION","6","45","syllabus_scoped_child_proposal","Explain the price-stability macroeconomic policy objective","explanation","","NONE_VERIFIED","source_scoped_candidate_pending_independent_teacher_review","not_started","not_started","false","Cambridge Economics 9708 2026-2028 v2 §10.1.1","unreviewed_practice_candidates","5063","ORIGINAL_IN_TOUR_PRACTICE_CANDIDATES","No stem/answer validation claimed in this v3 enrichment.","CHECK_SOURCE_RIGHTS_AND_SCOPE","Prior 7-Tour candidate map; not semantic evidence.","Official Cambridge 9708 2026-2028 v2 §10.1.1; uploaded Economics 4th edition","ECON-9708-10.1.1-BASE","Draft child-specific evidence NOT proven. Parent-question candidates are NOT inherited as verified child evidence."
"v8_2026_10_09","ECON-9708-10.1.1-02","10.1.1","A_LEVEL_ADDITION","6","45","syllabus_scoped_child_proposal","Explain the balance-of-payments macroeconomic policy objective","explanation","","NONE_VERIFIED","source_scoped_candidate_pending_independent_teacher_review","not_started","not_started","false","Cambridge Economics 9708 2026-2028 v2 §10.1.1","unreviewed_practice_candidates","5063","ORIGINAL_IN_TOUR_PRACTICE_CANDIDATES","No stem/answer validation claimed in this v3 enrichment.","CHECK_SOURCE_RIGHTS_AND_SCOPE","Prior 7-Tour candidate map; not semantic evidence.","Official Cambridge 9708 2026-2028 v2 §10.1.1; uploaded Economics 4th edition","ECON-9708-10.1.1-BASE","Draft child-specific evidence NOT proven. Parent-question candidates are NOT inherited as verified child evidence."
"v8_2026_10_09","ECON-9708-10.1.1-03","10.1.1","A_LEVEL_ADDITION","6","45","syllabus_scoped_child_proposal","Explain the unemployment macroeconomic policy objective","explanation","","NONE_VERIFIED","source_scoped_candidate_pending_independent_teacher_review","not_started","not_started","false","Cambridge Economics 9708 2026-2028 v2 §10.1.1","unreviewed_practice_candidates","5063","ORIGINAL_IN_TOUR_PRACTICE_CANDIDATES","No stem/answer validation claimed in this v3 enrichment.","CHECK_SOURCE_RIGHTS_AND_SCOPE","Prior 7-Tour candidate map; not semantic evidence.","Official Cambridge 9708 2026-2028 v2 §10.1.1; uploaded Economics 4th edition","ECON-9708-10.1.1-BASE","Draft child-specific evidence NOT proven. Parent-question candidates are NOT inherited as verified child evidence."
"v8_2026_10_09","ECON-9708-10.1.1-04","10.1.1","A_LEVEL_ADDITION","6","45","syllabus_scoped_child_proposal","Explain the economic-growth macroeconomic policy objective","explanation","","NONE_VERIFIED","source_scoped_candidate_pending_independent_teacher_review","not_started","not_started","false","Cambridge Economics 9708 2026-2028 v2 §10.1.1","unreviewed_practice_candidates","5063","ORIGINAL_IN_TOUR_PRACTICE_CANDIDATES","No stem/answer validation claimed in this v3 enrichment.","CHECK_SOURCE_RIGHTS_AND_SCOPE","Prior 7-Tour candidate map; not semantic evidence.","Official Cambridge 9708 2026-2028 v2 §10.1.1; uploaded Economics 4th edition","ECON-9708-10.1.1-BASE","Draft child-specific evidence NOT proven. Parent-question candidates are NOT inherited as verified child evidence."
"v8_2026_10_09","ECON-9708-10.1.1-05","10.1.1","A_LEVEL_ADDITION","6","45","syllabus_scoped_child_proposal","Explain the economic-development macroeconomic policy objective","explanation","","NONE_VERIFIED","source_scoped_candidate_pending_independent_teacher_review","not_started","not_started","false","Cambridge Economics 9708 2026-2028 v2 §10.1.1","unreviewed_practice_candidates","5063","ORIGINAL_IN_TOUR_PRACTICE_CANDIDATES","No stem/answer validation claimed in this v3 enrichment.","CHECK_SOURCE_RIGHTS_AND_SCOPE","Prior 7-Tour candidate map; not semantic evidence.","Official Cambridge 9708 2026-2028 v2 §10.1.1; uploaded Economics 4th edition","ECON-9708-10.1.1-BASE","Draft child-specific evidence NOT proven. Parent-question candidates are NOT inherited as verified child evidence."
"v8_2026_10_09","ECON-9708-10.1.1-06","10.1.1","A_LEVEL_ADDITION","6","45","syllabus_scoped_child_proposal","Explain the sustainability macroeconomic policy objective","explanation","","NONE_VERIFIED","source_scoped_candidate_pending_independent_teacher_review","not_started","not_started","false","Cambridge Economics 9708 2026-2028 v2 §10.1.1","unreviewed_practice_candidates","5063","ORIGINAL_IN_TOUR_PRACTICE_CANDIDATES","No stem/answer validation claimed in this v3 enrichment.","CHECK_SOURCE_RIGHTS_AND_SCOPE","Prior 7-Tour candidate map; not semantic evidence.","Official Cambridge 9708 2026-2028 v2 §10.1.1; uploaded Economics 4th edition","ECON-9708-10.1.1-BASE","Draft child-specific evidence NOT proven. Parent-question candidates are NOT inherited as verified child evidence."
"v8_2026_10_09","ECON-9708-10.1.1-07","10.1.1","A_LEVEL_ADDITION","6","45","syllabus_scoped_child_proposal","Explain income-and-wealth redistribution as a macroeconomic policy objective","explanation","","NONE_VERIFIED","source_scoped_candidate_pending_independent_teacher_review","not_started","not_started","false","Cambridge Economics 9708 2026-2028 v2 §10.1.1","unreviewed_practice_candidates","5063","ORIGINAL_IN_TOUR_PRACTICE_CANDIDATES","No stem/answer validation claimed in this v3 enrichment.","CHECK_SOURCE_RIGHTS_AND_SCOPE","Prior 7-Tour candidate map; not semantic evidence.","Official Cambridge 9708 2026-2028 v2 §10.1.1; uploaded Economics 4th edition","ECON-9708-10.1.1-BASE","Draft child-specific evidence NOT proven. Parent-question candidates are NOT inherited as verified child evidence."
"v8_2026_10_09","ECON-9708-10.2.1-BASE","10.2.1","A_LEVEL_ADDITION","6","46","one_to_one_placeholder","Explain how a change in the internal value of money relates to its external currency value","not_classified","5029","NONE_VERIFIED","needs_atomicity_and_source_qa","not_started","not_started","false","Cambridge Economics 9708 2026-2028 v2 §10.2.1","unreviewed_practice_candidates","5029","ORIGINAL_IN_TOUR_PRACTICE_CANDIDATES","No stem/answer validation claimed in this v3 enrichment.","CHECK_SOURCE_RIGHTS_AND_SCOPE","Prior 7-Tour candidate map; not semantic evidence.","","",""
"v8_2026_10_09","ECON-9708-10.2.2-BASE","10.2.2","A_LEVEL_ADDITION","6","46","one_to_one_placeholder","Analyse two-way links between inflation and the balance of payments","not_classified","5033;5056","NONE_VERIFIED","needs_atomicity_and_source_qa","not_started","not_started","false","Cambridge Economics 9708 2026-2028 v2 §10.2.2","unreviewed_practice_candidates","5033;5056","ORIGINAL_IN_TOUR_PRACTICE_CANDIDATES","No stem/answer validation claimed in this v3 enrichment.","CHECK_SOURCE_RIGHTS_AND_SCOPE","Prior 7-Tour candidate map; not semantic evidence.","","",""
"v8_2026_10_09","ECON-9708-10.2.3-BASE","10.2.3","A_LEVEL_ADDITION","6","46","one_to_one_placeholder","Explain conflict or complementarity between growth and inflation","not_classified","5084","NONE_VERIFIED","needs_atomicity_and_source_qa","not_started","not_started","false","Cambridge Economics 9708 2026-2028 v2 §10.2.3","unreviewed_practice_candidates","5084","ORIGINAL_IN_TOUR_PRACTICE_CANDIDATES","No stem/answer validation claimed in this v3 enrichment.","CHECK_SOURCE_RIGHTS_AND_SCOPE","Prior 7-Tour candidate map; not semantic evidence.","","",""
"v8_2026_10_09","ECON-9708-10.2.4-BASE","10.2.4","A_LEVEL_ADDITION","6","46","one_to_one_placeholder","Analyse how growth affects imports, exports and external balance","not_classified","5093","NONE_VERIFIED","needs_atomicity_and_source_qa","not_started","not_started","false","Cambridge Economics 9708 2026-2028 v2 §10.2.4","unreviewed_practice_candidates","5093","ORIGINAL_IN_TOUR_PRACTICE_CANDIDATES","No stem/answer validation claimed in this v3 enrichment.","CHECK_SOURCE_RIGHTS_AND_SCOPE","Prior 7-Tour candidate map; not semantic evidence.","","",""
"v8_2026_10_09","ECON-9708-10.2.5-01","10.2.5","A_LEVEL_ADDITION","6","46","syllabus_scoped_child_proposal","Analyse the traditional short-run inflation-unemployment Phillips relationship","diagram","","NONE_VERIFIED","scope_grounded_in_official_bullet_list_not_examiner_approved","not_started","not_started","false","Cambridge Economics 9708 2026-2028 v2 §10.2.5","partial","6222;2541","Q6222 [Tour S2 T6]; Q2541 [Practice 2]","Short-run Phillips only; long-run expectations-augmented analysis absent","REVIEW_ELIGIBILITY_REQUIRED","Manual English-stem triage of previous 61 no-in-tour-candidate parent points. This is NOT verified correct answer/skill evidence.","Cambridge Economics 9708 syllabus 2026-2028 v2; section 10.2.5","ECON-9708-10.2.5-BASE","Original candidate action mapped to official parent. No assertion that legacy practice candidates demonstrate this child skill."
"v8_2026_10_09","ECON-9708-10.2.5-02","10.2.5","A_LEVEL_ADDITION","6","46","syllabus_scoped_child_proposal","Analyse inflation-expectation shifts of the short-run Phillips curve","diagram","","NONE_VERIFIED","scope_grounded_in_official_bullet_list_not_examiner_approved","not_started","not_started","false","Cambridge Economics 9708 2026-2028 v2 §10.2.5","partial","6222;2541","Q6222 [Tour S2 T6]; Q2541 [Practice 2]","Short-run Phillips only; long-run expectations-augmented analysis absent","REVIEW_ELIGIBILITY_REQUIRED","Manual English-stem triage of previous 61 no-in-tour-candidate parent points. This is NOT verified correct answer/skill evidence.","Cambridge Economics 9708 syllabus 2026-2028 v2; section 10.2.5","ECON-9708-10.2.5-BASE","Original candidate action mapped to official parent. No assertion that legacy practice candidates demonstrate this child skill."
"v8_2026_10_09","ECON-9708-10.2.5-03","10.2.5","A_LEVEL_ADDITION","6","46","syllabus_scoped_child_proposal","Analyse the expectations-augmented long-run Phillips curve and the natural unemployment rate","diagram","","NONE_VERIFIED","scope_grounded_in_official_bullet_list_not_examiner_approved","not_started","not_started","false","Cambridge Economics 9708 2026-2028 v2 §10.2.5","partial","6222;2541","Q6222 [Tour S2 T6]; Q2541 [Practice 2]","Short-run Phillips only; long-run expectations-augmented analysis absent","REVIEW_ELIGIBILITY_REQUIRED","Manual English-stem triage of previous 61 no-in-tour-candidate parent points. This is NOT verified correct answer/skill evidence.","Cambridge Economics 9708 syllabus 2026-2028 v2; section 10.2.5","ECON-9708-10.2.5-BASE","Original candidate action mapped to official parent. No assertion that legacy practice candidates demonstrate this child skill."
"v8_2026_10_09","ECON-9708-10.3.1-01","10.3.1","A_LEVEL_ADDITION","6","47","provisional_split","Evaluate fiscal policy including Laffer-curve reasoning","evaluation","5046;5048;5049;5071;5073;5088","NONE_VERIFIED","needs_academic_and_evidence_review","not_started","not_started","false","Cambridge Economics 9708 2026-2028 v2 §10.3.1","unreviewed_practice_candidates","5046;5048;5049;5071;5073;5088","ORIGINAL_IN_TOUR_PRACTICE_CANDIDATES","No stem/answer validation claimed in this v3 enrichment.","CHECK_SOURCE_RIGHTS_AND_SCOPE","Prior 7-Tour candidate map; not semantic evidence.","","",""
"v8_2026_10_09","ECON-9708-10.3.1-02","10.3.1","A_LEVEL_ADDITION","6","47","provisional_split","Evaluate monetary policy and transmission constraints","evaluation","5046;5048;5049;5071;5073;5088","NONE_VERIFIED","needs_academic_and_evidence_review","not_started","not_started","false","Cambridge Economics 9708 2026-2028 v2 §10.3.1","unreviewed_practice_candidates","5046;5048;5049;5071;5073;5088","ORIGINAL_IN_TOUR_PRACTICE_CANDIDATES","No stem/answer validation claimed in this v3 enrichment.","CHECK_SOURCE_RIGHTS_AND_SCOPE","Prior 7-Tour candidate map; not semantic evidence.","","",""
"v8_2026_10_09","ECON-9708-10.3.1-03","10.3.1","A_LEVEL_ADDITION","6","47","provisional_split","Compare market-led and interventionist supply-side policies","evaluation","5046;5048;5049;5071;5073;5088","NONE_VERIFIED","needs_academic_and_evidence_review","not_started","not_started","false","Cambridge Economics 9708 2026-2028 v2 §10.3.1","unreviewed_practice_candidates","5046;5048;5049;5071;5073;5088","ORIGINAL_IN_TOUR_PRACTICE_CANDIDATES","No stem/answer validation claimed in this v3 enrichment.","CHECK_SOURCE_RIGHTS_AND_SCOPE","Prior 7-Tour candidate map; not semantic evidence.","","",""
"v8_2026_10_09","ECON-9708-10.3.1-04","10.3.1","A_LEVEL_ADDITION","6","47","provisional_split","Evaluate exchange-rate intervention under stated regimes","evaluation","5046;5048;5049;5071;5073;5088","NONE_VERIFIED","needs_academic_and_evidence_review","not_started","not_started","false","Cambridge Economics 9708 2026-2028 v2 §10.3.1","unreviewed_practice_candidates","5046;5048;5049;5071;5073;5088","ORIGINAL_IN_TOUR_PRACTICE_CANDIDATES","No stem/answer validation claimed in this v3 enrichment.","CHECK_SOURCE_RIGHTS_AND_SCOPE","Prior 7-Tour candidate map; not semantic evidence.","","",""
"v8_2026_10_09","ECON-9708-10.3.1-05","10.3.1","A_LEVEL_ADDITION","6","47","provisional_split","Evaluate international trade policy and spillovers","evaluation","5046;5048;5049;5071;5073;5088","NONE_VERIFIED","needs_academic_and_evidence_review","not_started","not_started","false","Cambridge Economics 9708 2026-2028 v2 §10.3.1","unreviewed_practice_candidates","5046;5048;5049;5071;5073;5088","ORIGINAL_IN_TOUR_PRACTICE_CANDIDATES","No stem/answer validation claimed in this v3 enrichment.","CHECK_SOURCE_RIGHTS_AND_SCOPE","Prior 7-Tour candidate map; not semantic evidence.","","",""
"v8_2026_10_09","ECON-9708-10.3.1-06","10.3.1","A_LEVEL_ADDITION","6","47","provisional_split","Choose a multi-policy response with a reasoned conditional judgement","written","5046;5048;5049;5071;5073;5088","NONE_VERIFIED","needs_academic_and_evidence_review","not_started","not_started","false","Cambridge Economics 9708 2026-2028 v2 §10.3.1","unreviewed_practice_candidates","5046;5048;5049;5071;5073;5088","ORIGINAL_IN_TOUR_PRACTICE_CANDIDATES","No stem/answer validation claimed in this v3 enrichment.","CHECK_SOURCE_RIGHTS_AND_SCOPE","Prior 7-Tour candidate map; not semantic evidence.","","",""
"v8_2026_10_09","ECON-9708-10.3.2-BASE","10.3.2","A_LEVEL_ADDITION","6","47","source_scoped_integrated_single_provisional","Evaluate problems and conflicts arising from outcomes of macroeconomic policy choices","not_classified","5088;5092","NONE_VERIFIED","source_scoped_provisional_teacher_and_evidence_QA_pending","not_started","not_started","false","Cambridge Economics 9708 2026-2028 v2 §10.3.2","unreviewed_practice_candidates","5088;5092","ORIGINAL_IN_TOUR_PRACTICE_CANDIDATES","No stem/answer validation claimed in this v3 enrichment.","CHECK_SOURCE_RIGHTS_AND_SCOPE","Prior 7-Tour candidate map; not semantic evidence.","Official Cambridge Economics 9708 (2026–2028) v2 §10.3.2; supplied Economics 4th edition Chapter 47; Tour 6","","RETAIN_SINGLE: Official §10.3.2 asks for integrated problems and conflicts; separating particular policy scenarios would create unauthorised mandatory components. No automatic assessment mapping or examiner signoff."
"v8_2026_10_09","ECON-9708-10.3.3-BASE","10.3.3","A_LEVEL_ADDITION","6","47","source_scoped_integrated_single_provisional","Evaluate the existence, mechanisms and consequences of macroeconomic government failure","not_classified","","NONE_VERIFIED","source_scoped_retain_one_pending_independent_teacher_review","not_started","not_started","false","Cambridge Economics 9708 2026-2028 v2 §10.3.3","none","","","Micro government failure is NOT specific macroeconomic government failure","CHECK_SOURCE_RIGHTS_AND_SCOPE","Manual English-stem triage of previous 61 no-in-tour-candidate parent points. This is NOT verified correct answer/skill evidence.","Cambridge 9708 syllabus 2026-2028 v2 §10.3.3; one integrated evaluative/comparative competence","","Explicit editorial retain-one decision; no examiner or child-source approval."
"v8_2026_10_09","ECON-9708-11.1.1-01","11.1.1","A_LEVEL_ADDITION","7","48","syllabus_scoped_child_proposal","Identify and classify the current account in the balance of payments","classification","","NONE_VERIFIED","source_scoped_candidate_pending_independent_teacher_review","not_started","not_started","false","Cambridge Economics 9708 2026-2028 v2 §11.1.1","unreviewed_practice_candidates","5411;5421;5447","ORIGINAL_IN_TOUR_PRACTICE_CANDIDATES","No stem/answer validation claimed in this v3 enrichment.","CHECK_SOURCE_RIGHTS_AND_SCOPE","Prior 7-Tour candidate map; not semantic evidence.","Official Cambridge 9708 2026-2028 v2 §11.1.1; uploaded Economics 4th edition","ECON-9708-11.1.1-BASE","Draft child-specific evidence NOT proven. Parent-question candidates are NOT inherited as verified child evidence."
"v8_2026_10_09","ECON-9708-11.1.1-02","11.1.1","A_LEVEL_ADDITION","7","48","syllabus_scoped_child_proposal","Identify and classify the financial account in the balance of payments","classification","","NONE_VERIFIED","source_scoped_candidate_pending_independent_teacher_review","not_started","not_started","false","Cambridge Economics 9708 2026-2028 v2 §11.1.1","unreviewed_practice_candidates","5411;5421;5447","ORIGINAL_IN_TOUR_PRACTICE_CANDIDATES","No stem/answer validation claimed in this v3 enrichment.","CHECK_SOURCE_RIGHTS_AND_SCOPE","Prior 7-Tour candidate map; not semantic evidence.","Official Cambridge 9708 2026-2028 v2 §11.1.1; uploaded Economics 4th edition","ECON-9708-11.1.1-BASE","Draft child-specific evidence NOT proven. Parent-question candidates are NOT inherited as verified child evidence."
"v8_2026_10_09","ECON-9708-11.1.1-03","11.1.1","A_LEVEL_ADDITION","7","48","syllabus_scoped_child_proposal","Identify and classify the capital account in the balance of payments","classification","","NONE_VERIFIED","source_scoped_candidate_pending_independent_teacher_review","not_started","not_started","false","Cambridge Economics 9708 2026-2028 v2 §11.1.1","unreviewed_practice_candidates","5411;5421;5447","ORIGINAL_IN_TOUR_PRACTICE_CANDIDATES","No stem/answer validation claimed in this v3 enrichment.","CHECK_SOURCE_RIGHTS_AND_SCOPE","Prior 7-Tour candidate map; not semantic evidence.","Official Cambridge 9708 2026-2028 v2 §11.1.1; uploaded Economics 4th edition","ECON-9708-11.1.1-BASE","Draft child-specific evidence NOT proven. Parent-question candidates are NOT inherited as verified child evidence."
"v8_2026_10_09","ECON-9708-11.1.2-01","11.1.2","A_LEVEL_ADDITION","7","48","syllabus_scoped_child_proposal","Analyse effects of fiscal policy on the balance of payments","analysis","","NONE_VERIFIED","source_scoped_candidate_pending_independent_teacher_review","not_started","not_started","false","Cambridge Economics 9708 2026-2028 v2 §11.1.2","unreviewed_practice_candidates","5448;5441","ORIGINAL_IN_TOUR_PRACTICE_CANDIDATES","No stem/answer validation claimed in this v3 enrichment.","CHECK_SOURCE_RIGHTS_AND_SCOPE","Prior 7-Tour candidate map; not semantic evidence.","Cambridge 9708 syllabus 2026-2028 v2 §11.1.2; listed individual policies/types","ECON-9708-11.1.2-BASE","Question and answer evidence not inherited. Independent child learning source and comparison assessment still required."
"v8_2026_10_09","ECON-9708-11.1.2-02","11.1.2","A_LEVEL_ADDITION","7","48","syllabus_scoped_child_proposal","Analyse effects of monetary policy on the balance of payments","analysis","","NONE_VERIFIED","source_scoped_candidate_pending_independent_teacher_review","not_started","not_started","false","Cambridge Economics 9708 2026-2028 v2 §11.1.2","unreviewed_practice_candidates","5448;5441","ORIGINAL_IN_TOUR_PRACTICE_CANDIDATES","No stem/answer validation claimed in this v3 enrichment.","CHECK_SOURCE_RIGHTS_AND_SCOPE","Prior 7-Tour candidate map; not semantic evidence.","Cambridge 9708 syllabus 2026-2028 v2 §11.1.2; listed individual policies/types","ECON-9708-11.1.2-BASE","Question and answer evidence not inherited. Independent child learning source and comparison assessment still required."
"v8_2026_10_09","ECON-9708-11.1.2-03","11.1.2","A_LEVEL_ADDITION","7","48","syllabus_scoped_child_proposal","Analyse effects of supply-side policy on the balance of payments","analysis","","NONE_VERIFIED","source_scoped_candidate_pending_independent_teacher_review","not_started","not_started","false","Cambridge Economics 9708 2026-2028 v2 §11.1.2","unreviewed_practice_candidates","5448;5441","ORIGINAL_IN_TOUR_PRACTICE_CANDIDATES","No stem/answer validation claimed in this v3 enrichment.","CHECK_SOURCE_RIGHTS_AND_SCOPE","Prior 7-Tour candidate map; not semantic evidence.","Cambridge 9708 syllabus 2026-2028 v2 §11.1.2; listed individual policies/types","ECON-9708-11.1.2-BASE","Question and answer evidence not inherited. Independent child learning source and comparison assessment still required."
"v8_2026_10_09","ECON-9708-11.1.2-04","11.1.2","A_LEVEL_ADDITION","7","48","syllabus_scoped_child_proposal","Analyse effects of protectionist policy on the balance of payments","analysis","","NONE_VERIFIED","source_scoped_candidate_pending_independent_teacher_review","not_started","not_started","false","Cambridge Economics 9708 2026-2028 v2 §11.1.2","unreviewed_practice_candidates","5448;5441","ORIGINAL_IN_TOUR_PRACTICE_CANDIDATES","No stem/answer validation claimed in this v3 enrichment.","CHECK_SOURCE_RIGHTS_AND_SCOPE","Prior 7-Tour candidate map; not semantic evidence.","Cambridge 9708 syllabus 2026-2028 v2 §11.1.2; listed individual policies/types","ECON-9708-11.1.2-BASE","Question and answer evidence not inherited. Independent child learning source and comparison assessment still required."
"v8_2026_10_09","ECON-9708-11.1.2-05","11.1.2","A_LEVEL_ADDITION","7","48","syllabus_scoped_child_proposal","Analyse effects of exchange-rate policy on the balance of payments","analysis","","NONE_VERIFIED","source_scoped_candidate_pending_independent_teacher_review","not_started","not_started","false","Cambridge Economics 9708 2026-2028 v2 §11.1.2","unreviewed_practice_candidates","5448;5441","ORIGINAL_IN_TOUR_PRACTICE_CANDIDATES","No stem/answer validation claimed in this v3 enrichment.","CHECK_SOURCE_RIGHTS_AND_SCOPE","Prior 7-Tour candidate map; not semantic evidence.","Cambridge 9708 syllabus 2026-2028 v2 §11.1.2; listed individual policies/types","ECON-9708-11.1.2-BASE","Question and answer evidence not inherited. Independent child learning source and comparison assessment still required."
"v8_2026_10_09","ECON-9708-11.1.3-BASE","11.1.3","A_LEVEL_ADDITION","7","48","one_to_one_placeholder","Differentiate expenditure switching from expenditure reduction using balance-of-payments scenarios","not_classified","5417","NONE_VERIFIED","needs_atomicity_and_source_qa","not_started","not_started","false","Cambridge Economics 9708 2026-2028 v2 §11.1.3","unreviewed_practice_candidates","5417","ORIGINAL_IN_TOUR_PRACTICE_CANDIDATES","No stem/answer validation claimed in this v3 enrichment.","CHECK_SOURCE_RIGHTS_AND_SCOPE","Prior 7-Tour candidate map; not semantic evidence.","","",""
"v8_2026_10_09","ECON-9708-11.2.1-01","11.2.1","A_LEVEL_ADDITION","7","49","provisional_split","Define a nominal exchange rate and calculate a change","quantitative","","NONE_VERIFIED","needs_academic_and_evidence_review","not_started","not_started","false","Cambridge Economics 9708 2026-2028 v2 §11.2.1","none","","","Relative inflation/competitiveness not a complete exchange-rate index model","CHECK_SOURCE_RIGHTS_AND_SCOPE","Manual English-stem triage of previous 61 no-in-tour-candidate parent points. This is NOT verified correct answer/skill evidence.","","",""
"v8_2026_10_09","ECON-9708-11.2.1-02","11.2.1","A_LEVEL_ADDITION","7","49","provisional_split","Compare real with nominal exchange rates in competitiveness analysis","quantitative","","NONE_VERIFIED","needs_academic_and_evidence_review","not_started","not_started","false","Cambridge Economics 9708 2026-2028 v2 §11.2.1","none","","","Relative inflation/competitiveness not a complete exchange-rate index model","CHECK_SOURCE_RIGHTS_AND_SCOPE","Manual English-stem triage of previous 61 no-in-tour-candidate parent points. This is NOT verified correct answer/skill evidence.","","",""
"v8_2026_10_09","ECON-9708-11.2.1-03","11.2.1","A_LEVEL_ADDITION","7","49","provisional_split","Explain how a trade-weighted exchange-rate index is constructed","quantitative","","NONE_VERIFIED","needs_academic_and_evidence_review","not_started","not_started","false","Cambridge Economics 9708 2026-2028 v2 §11.2.1","none","","","Relative inflation/competitiveness not a complete exchange-rate index model","CHECK_SOURCE_RIGHTS_AND_SCOPE","Manual English-stem triage of previous 61 no-in-tour-candidate parent points. This is NOT verified correct answer/skill evidence.","","",""
"v8_2026_10_09","ECON-9708-11.2.2-BASE","11.2.2","A_LEVEL_ADDITION","7","49","one_to_one_placeholder","Explain how fixed and managed exchange rates are maintained under supply-demand pressures","not_classified","5402;5422;5425","NONE_VERIFIED","needs_atomicity_and_source_qa","not_started","not_started","false","Cambridge Economics 9708 2026-2028 v2 §11.2.2","unreviewed_practice_candidates","5402;5422;5425","ORIGINAL_IN_TOUR_PRACTICE_CANDIDATES","No stem/answer validation claimed in this v3 enrichment.","CHECK_SOURCE_RIGHTS_AND_SCOPE","Prior 7-Tour candidate map; not semantic evidence.","","",""
"v8_2026_10_09","ECON-9708-11.2.3-BASE","11.2.3","A_LEVEL_ADDITION","7","49","one_to_one_placeholder","Distinguish an official revaluation from devaluation of a pegged currency","not_classified","5449;5461","NONE_VERIFIED","needs_atomicity_and_source_qa","not_started","not_started","false","Cambridge Economics 9708 2026-2028 v2 §11.2.3","unreviewed_practice_candidates","5449;5461","ORIGINAL_IN_TOUR_PRACTICE_CANDIDATES","No stem/answer validation claimed in this v3 enrichment.","CHECK_SOURCE_RIGHTS_AND_SCOPE","Prior 7-Tour candidate map; not semantic evidence.","","",""
"v8_2026_10_09","ECON-9708-11.2.4-BASE","11.2.4","A_LEVEL_ADDITION","7","49","one_to_one_placeholder","Analyse exchange-rate changes and adjustment across fixed, managed and floating regimes","not_classified","5403;5408;5426;5428;5454","NONE_VERIFIED","needs_atomicity_and_source_qa","not_started","not_started","false","Cambridge Economics 9708 2026-2028 v2 §11.2.4","unreviewed_practice_candidates","5403;5408;5426;5428;5454","ORIGINAL_IN_TOUR_PRACTICE_CANDIDATES","No stem/answer validation claimed in this v3 enrichment.","CHECK_SOURCE_RIGHTS_AND_SCOPE","Prior 7-Tour candidate map; not semantic evidence.","","",""
"v8_2026_10_09","ECON-9708-11.2.5-BASE","11.2.5","A_LEVEL_ADDITION","7","49","one_to_one_placeholder","Apply Marshall–Lerner and J-curve logic to external adjustment after depreciation or devaluation","not_classified","","NONE_VERIFIED","needs_atomicity_and_source_qa","not_started","not_started","false","Cambridge Economics 9708 2026-2028 v2 §11.2.5","aligned","6235;5404;5423","Q6235 [Tour S2 T7]; Q5404 [Practice 7]; Q5423 [Practice 7]","J-curve and Marshall-Lerner, from A Level Tour 7","REVIEW_ELIGIBILITY_REQUIRED","Manual English-stem triage of previous 61 no-in-tour-candidate parent points. This is NOT verified correct answer/skill evidence.","","",""
"v8_2026_10_09","ECON-9708-11.3.1-BASE","11.3.1","A_LEVEL_ADDITION","7","50","one_to_one_placeholder","Classify economies according to stages and dimensions of development","not_classified","5407","NONE_VERIFIED","needs_atomicity_and_source_qa","not_started","not_started","false","Cambridge Economics 9708 2026-2028 v2 §11.3.1","unreviewed_practice_candidates","5407","ORIGINAL_IN_TOUR_PRACTICE_CANDIDATES","No stem/answer validation claimed in this v3 enrichment.","CHECK_SOURCE_RIGHTS_AND_SCOPE","Prior 7-Tour candidate map; not semantic evidence.","","",""
"v8_2026_10_09","ECON-9708-11.3.2-BASE","11.3.2","A_LEVEL_ADDITION","7","50","one_to_one_placeholder","Categorise economies by national-income group, with measurement cautions","not_classified","5416","NONE_VERIFIED","needs_atomicity_and_source_qa","not_started","not_started","false","Cambridge Economics 9708 2026-2028 v2 §11.3.2","unreviewed_practice_candidates","5416","ORIGINAL_IN_TOUR_PRACTICE_CANDIDATES","No stem/answer validation claimed in this v3 enrichment.","CHECK_SOURCE_RIGHTS_AND_SCOPE","Prior 7-Tour candidate map; not semantic evidence.","","",""
"v8_2026_10_09","ECON-9708-11.3.3-01","11.3.3","A_LEVEL_ADDITION","7","50","provisional_split","Compare GDP, GNI and NNI per head in real terms","quantitative","5407;5438;5467","NONE_VERIFIED","needs_academic_and_evidence_review","not_started","not_started","false","Cambridge Economics 9708 2026-2028 v2 §11.3.3","unreviewed_practice_candidates","5407;5438;5467","ORIGINAL_IN_TOUR_PRACTICE_CANDIDATES","No stem/answer validation claimed in this v3 enrichment.","CHECK_SOURCE_RIGHTS_AND_SCOPE","Prior 7-Tour candidate map; not semantic evidence.","","",""
"v8_2026_10_09","ECON-9708-11.3.3-02","11.3.3","A_LEVEL_ADDITION","7","50","provisional_split","Use purchasing-power parity to compare living standards","quantitative","5407;5438;5467","NONE_VERIFIED","needs_academic_and_evidence_review","not_started","not_started","false","Cambridge Economics 9708 2026-2028 v2 §11.3.3","unreviewed_practice_candidates","5407;5438;5467","ORIGINAL_IN_TOUR_PRACTICE_CANDIDATES","No stem/answer validation claimed in this v3 enrichment.","CHECK_SOURCE_RIGHTS_AND_SCOPE","Prior 7-Tour candidate map; not semantic evidence.","","",""
"v8_2026_10_09","ECON-9708-11.3.3-03","11.3.3","A_LEVEL_ADDITION","7","50","provisional_split","Explain the pitfalls of cross-country money-income comparisons","evaluation","5407;5438;5467","NONE_VERIFIED","needs_academic_and_evidence_review","not_started","not_started","false","Cambridge Economics 9708 2026-2028 v2 §11.3.3","unreviewed_practice_candidates","5407;5438;5467","ORIGINAL_IN_TOUR_PRACTICE_CANDIDATES","No stem/answer validation claimed in this v3 enrichment.","CHECK_SOURCE_RIGHTS_AND_SCOPE","Prior 7-Tour candidate map; not semantic evidence.","","",""
"v8_2026_10_09","ECON-9708-11.3.3-04","11.3.3","A_LEVEL_ADDITION","7","50","provisional_split","Evaluate nonmonetary development indicators","evaluation","5407;5438;5467","NONE_VERIFIED","needs_academic_and_evidence_review","not_started","not_started","false","Cambridge Economics 9708 2026-2028 v2 §11.3.3","unreviewed_practice_candidates","5407;5438;5467","ORIGINAL_IN_TOUR_PRACTICE_CANDIDATES","No stem/answer validation claimed in this v3 enrichment.","CHECK_SOURCE_RIGHTS_AND_SCOPE","Prior 7-Tour candidate map; not semantic evidence.","","",""
"v8_2026_10_09","ECON-9708-11.3.3-05","11.3.3","A_LEVEL_ADDITION","7","50","provisional_split","Explain the structure and interpretation of HDI","case","5407;5438;5467","NONE_VERIFIED","needs_academic_and_evidence_review","not_started","not_started","false","Cambridge Economics 9708 2026-2028 v2 §11.3.3","unreviewed_practice_candidates","5407;5438;5467","ORIGINAL_IN_TOUR_PRACTICE_CANDIDATES","No stem/answer validation claimed in this v3 enrichment.","CHECK_SOURCE_RIGHTS_AND_SCOPE","Prior 7-Tour candidate map; not semantic evidence.","","",""
"v8_2026_10_09","ECON-9708-11.3.3-06","11.3.3","A_LEVEL_ADDITION","7","50","provisional_split","Interpret MEW and multidimensional poverty measures","case","5407;5438;5467","NONE_VERIFIED","needs_academic_and_evidence_review","not_started","not_started","false","Cambridge Economics 9708 2026-2028 v2 §11.3.3","unreviewed_practice_candidates","5407;5438;5467","ORIGINAL_IN_TOUR_PRACTICE_CANDIDATES","No stem/answer validation claimed in this v3 enrichment.","CHECK_SOURCE_RIGHTS_AND_SCOPE","Prior 7-Tour candidate map; not semantic evidence.","","",""
"v8_2026_10_09","ECON-9708-11.3.3-07","11.3.3","A_LEVEL_ADDITION","7","50","provisional_split","Use Kuznets-curve reasoning and evaluate its assumptions","evaluation","5407;5438;5467","NONE_VERIFIED","needs_academic_and_evidence_review","not_started","not_started","false","Cambridge Economics 9708 2026-2028 v2 §11.3.3","unreviewed_practice_candidates","5407;5438;5467","ORIGINAL_IN_TOUR_PRACTICE_CANDIDATES","No stem/answer validation claimed in this v3 enrichment.","CHECK_SOURCE_RIGHTS_AND_SCOPE","Prior 7-Tour candidate map; not semantic evidence.","","",""
"v8_2026_10_09","ECON-9708-11.3.4-01","11.3.4","A_LEVEL_ADDITION","7","50","syllabus_scoped_child_proposal","Compare economic growth rates and living standards over time","comparison","","NONE_VERIFIED","source_scoped_provisional_teacher_and_evidence_QA_pending","not_started","not_started","false","Cambridge Economics 9708 2026-2028 v2 §11.3.4","unreviewed_practice_candidates","5416;5451","ORIGINAL_IN_TOUR_PRACTICE_CANDIDATES","No stem/answer validation claimed in this v3 enrichment.","CHECK_SOURCE_RIGHTS_AND_SCOPE","Prior 7-Tour candidate map; not semantic evidence.","Official Cambridge Economics 9708 (2026–2028) v2 §11.3.4; supplied Economics 4th edition Chapter 50; Tour 7","ECON-9708-11.3.4-BASE","SPLIT: Official §11.3.4 provides two distinct comparison contexts: time and cross-country. Question evidence not inherited from parent and not independently verified."
"v8_2026_10_09","ECON-9708-11.3.4-02","11.3.4","A_LEVEL_ADDITION","7","50","syllabus_scoped_child_proposal","Compare economic growth rates and living standards between countries","comparison","","NONE_VERIFIED","source_scoped_provisional_teacher_and_evidence_QA_pending","not_started","not_started","false","Cambridge Economics 9708 2026-2028 v2 §11.3.4","unreviewed_practice_candidates","5416;5451","ORIGINAL_IN_TOUR_PRACTICE_CANDIDATES","No stem/answer validation claimed in this v3 enrichment.","CHECK_SOURCE_RIGHTS_AND_SCOPE","Prior 7-Tour candidate map; not semantic evidence.","Official Cambridge Economics 9708 (2026–2028) v2 §11.3.4; supplied Economics 4th edition Chapter 50; Tour 7","ECON-9708-11.3.4-BASE","SPLIT: Official §11.3.4 provides two distinct comparison contexts: time and cross-country. Question evidence not inherited from parent and not independently verified."
"v8_2026_10_09","ECON-9708-11.4.1-01","11.4.1","A_LEVEL_ADDITION","7","51","provisional_split","Measure and explain changes in birth rates","quantitative","","NONE_VERIFIED","needs_academic_and_evidence_review","not_started","not_started","false","Cambridge Economics 9708 2026-2028 v2 §11.4.1","partial","5443","Q5443 [Practice 7]","Dependency ratio, but wider demographics and urbanisation missing","CHECK_SOURCE_RIGHTS_AND_SCOPE","Manual English-stem triage of previous 61 no-in-tour-candidate parent points. This is NOT verified correct answer/skill evidence.","","",""
"v8_2026_10_09","ECON-9708-11.4.1-02","11.4.1","A_LEVEL_ADDITION","7","51","provisional_split","Measure and explain death rates and infant mortality","quantitative","","NONE_VERIFIED","needs_academic_and_evidence_review","not_started","not_started","false","Cambridge Economics 9708 2026-2028 v2 §11.4.1","partial","5443","Q5443 [Practice 7]","Dependency ratio, but wider demographics and urbanisation missing","CHECK_SOURCE_RIGHTS_AND_SCOPE","Manual English-stem triage of previous 61 no-in-tour-candidate parent points. This is NOT verified correct answer/skill evidence.","","",""
"v8_2026_10_09","ECON-9708-11.4.1-03","11.4.1","A_LEVEL_ADDITION","7","51","provisional_split","Measure and explain net migration and population growth","quantitative","","NONE_VERIFIED","needs_academic_and_evidence_review","not_started","not_started","false","Cambridge Economics 9708 2026-2028 v2 §11.4.1","partial","5443","Q5443 [Practice 7]","Dependency ratio, but wider demographics and urbanisation missing","CHECK_SOURCE_RIGHTS_AND_SCOPE","Manual English-stem triage of previous 61 no-in-tour-candidate parent points. This is NOT verified correct answer/skill evidence.","","",""
"v8_2026_10_09","ECON-9708-11.4.1-04","11.4.1","A_LEVEL_ADDITION","7","51","provisional_split","Assess population structure and dependency-related changes","case","","NONE_VERIFIED","needs_academic_and_evidence_review","not_started","not_started","false","Cambridge Economics 9708 2026-2028 v2 §11.4.1","partial","5443","Q5443 [Practice 7]","Dependency ratio, but wider demographics and urbanisation missing","CHECK_SOURCE_RIGHTS_AND_SCOPE","Manual English-stem triage of previous 61 no-in-tour-candidate parent points. This is NOT verified correct answer/skill evidence.","","",""
"v8_2026_10_09","ECON-9708-11.4.1-05","11.4.1","A_LEVEL_ADDITION","7","51","provisional_split","Evaluate the significance of an optimum population concept","evaluation","","NONE_VERIFIED","needs_academic_and_evidence_review","not_started","not_started","false","Cambridge Economics 9708 2026-2028 v2 §11.4.1","partial","5443","Q5443 [Practice 7]","Dependency ratio, but wider demographics and urbanisation missing","CHECK_SOURCE_RIGHTS_AND_SCOPE","Manual English-stem triage of previous 61 no-in-tour-candidate parent points. This is NOT verified correct answer/skill evidence.","","",""
"v8_2026_10_09","ECON-9708-11.4.1-06","11.4.1","A_LEVEL_ADDITION","7","51","provisional_split","Interpret trends in urbanisation and development outcomes","evaluation","","NONE_VERIFIED","needs_academic_and_evidence_review","not_started","not_started","false","Cambridge Economics 9708 2026-2028 v2 §11.4.1","partial","5443","Q5443 [Practice 7]","Dependency ratio, but wider demographics and urbanisation missing","CHECK_SOURCE_RIGHTS_AND_SCOPE","Manual English-stem triage of previous 61 no-in-tour-candidate parent points. This is NOT verified correct answer/skill evidence.","","",""
"v8_2026_10_09","ECON-9708-11.4.2-01","11.4.2","A_LEVEL_ADDITION","7","51","syllabus_scoped_child_proposal","Interpret a Lorenz curve and identify direction of distributional inequality","diagram","","NONE_VERIFIED","scope_grounded_in_official_bullet_list_not_examiner_approved","not_started","not_started","false","Cambridge Economics 9708 2026-2028 v2 §11.4.2","partial","4457;4472","Q4457 [Practice 5]; Q4472 [Practice 5]","Gini/Lorenz interpretation, NOT Gini calculation","CHECK_SOURCE_RIGHTS_AND_SCOPE","Manual English-stem triage of previous 61 no-in-tour-candidate parent points. This is NOT verified correct answer/skill evidence.","Cambridge Economics 9708 syllabus 2026-2028 v2; section 11.4.2","ECON-9708-11.4.2-BASE","Original candidate action mapped to official parent. No assertion that legacy practice candidates demonstrate this child skill."
"v8_2026_10_09","ECON-9708-11.4.2-02","11.4.2","A_LEVEL_ADDITION","7","51","syllabus_scoped_child_proposal","Calculate and interpret the Gini coefficient from provided income shares or area information","calculation","","NONE_VERIFIED","scope_grounded_in_official_bullet_list_not_examiner_approved","not_started","not_started","false","Cambridge Economics 9708 2026-2028 v2 §11.4.2","partial","4457;4472","Q4457 [Practice 5]; Q4472 [Practice 5]","Gini/Lorenz interpretation, NOT Gini calculation","CHECK_SOURCE_RIGHTS_AND_SCOPE","Manual English-stem triage of previous 61 no-in-tour-candidate parent points. This is NOT verified correct answer/skill evidence.","Cambridge Economics 9708 syllabus 2026-2028 v2; section 11.4.2","ECON-9708-11.4.2-BASE","Original candidate action mapped to official parent. No assertion that legacy practice candidates demonstrate this child skill."
"v8_2026_10_09","ECON-9708-11.4.3-01","11.4.3","A_LEVEL_ADDITION","7","51","syllabus_scoped_child_proposal","Compare employment composition across primary, secondary and tertiary sectors at different development levels","structural_comparison","","NONE_VERIFIED","source_scoped_provisional_teacher_and_evidence_QA_pending","not_started","not_started","false","Cambridge Economics 9708 2026-2028 v2 §11.4.3","unreviewed_practice_candidates","5415","ORIGINAL_IN_TOUR_PRACTICE_CANDIDATES","No stem/answer validation claimed in this v3 enrichment.","CHECK_SOURCE_RIGHTS_AND_SCOPE","Prior 7-Tour candidate map; not semantic evidence.","Official Cambridge Economics 9708 (2026–2028) v2 §11.4.3; supplied Economics 4th edition Chapter 51; Tour 7","ECON-9708-11.4.3-BASE","SPLIT: Official §11.4.3 explicitly separates employment-sector composition and pattern of trade. Question evidence not inherited from parent and not independently verified."
"v8_2026_10_09","ECON-9708-11.4.3-02","11.4.3","A_LEVEL_ADDITION","7","51","syllabus_scoped_child_proposal","Compare the pattern of international trade across countries at different stages of development","structural_comparison","","NONE_VERIFIED","source_scoped_provisional_teacher_and_evidence_QA_pending","not_started","not_started","false","Cambridge Economics 9708 2026-2028 v2 §11.4.3","unreviewed_practice_candidates","5415","ORIGINAL_IN_TOUR_PRACTICE_CANDIDATES","No stem/answer validation claimed in this v3 enrichment.","CHECK_SOURCE_RIGHTS_AND_SCOPE","Prior 7-Tour candidate map; not semantic evidence.","Official Cambridge Economics 9708 (2026–2028) v2 §11.4.3; supplied Economics 4th edition Chapter 51; Tour 7","ECON-9708-11.4.3-BASE","SPLIT: Official §11.4.3 explicitly separates employment-sector composition and pattern of trade. Question evidence not inherited from parent and not independently verified."
"v8_2026_10_09","ECON-9708-11.5.1-01","11.5.1","A_LEVEL_ADDITION","7","52","provisional_split","Classify bilateral, multilateral, project and humanitarian aid","explanation","5414;5430;5460","NONE_VERIFIED","needs_academic_and_evidence_review","not_started","not_started","false","Cambridge Economics 9708 2026-2028 v2 §11.5.1","unreviewed_practice_candidates","5414;5430;5460","ORIGINAL_IN_TOUR_PRACTICE_CANDIDATES","No stem/answer validation claimed in this v3 enrichment.","CHECK_SOURCE_RIGHTS_AND_SCOPE","Prior 7-Tour candidate map; not semantic evidence.","","",""
"v8_2026_10_09","ECON-9708-11.5.1-02","11.5.1","A_LEVEL_ADDITION","7","52","provisional_split","Explain donors' economic and non-economic motives","evaluation","5414;5430;5460","NONE_VERIFIED","needs_academic_and_evidence_review","not_started","not_started","false","Cambridge Economics 9708 2026-2028 v2 §11.5.1","unreviewed_practice_candidates","5414;5430;5460","ORIGINAL_IN_TOUR_PRACTICE_CANDIDATES","No stem/answer validation claimed in this v3 enrichment.","CHECK_SOURCE_RIGHTS_AND_SCOPE","Prior 7-Tour candidate map; not semantic evidence.","","",""
"v8_2026_10_09","ECON-9708-11.5.1-03","11.5.1","A_LEVEL_ADDITION","7","52","provisional_split","Compare aid's potential effects on households and economic structures","evaluation","5414;5430;5460","NONE_VERIFIED","needs_academic_and_evidence_review","not_started","not_started","false","Cambridge Economics 9708 2026-2028 v2 §11.5.1","unreviewed_practice_candidates","5414;5430;5460","ORIGINAL_IN_TOUR_PRACTICE_CANDIDATES","No stem/answer validation claimed in this v3 enrichment.","CHECK_SOURCE_RIGHTS_AND_SCOPE","Prior 7-Tour candidate map; not semantic evidence.","","",""
"v8_2026_10_09","ECON-9708-11.5.1-04","11.5.1","A_LEVEL_ADDITION","7","52","provisional_split","Evaluate how aid effectiveness depends on context and institutions","evaluation","5414;5430;5460","NONE_VERIFIED","needs_academic_and_evidence_review","not_started","not_started","false","Cambridge Economics 9708 2026-2028 v2 §11.5.1","unreviewed_practice_candidates","5414;5430;5460","ORIGINAL_IN_TOUR_PRACTICE_CANDIDATES","No stem/answer validation claimed in this v3 enrichment.","CHECK_SOURCE_RIGHTS_AND_SCOPE","Prior 7-Tour candidate map; not semantic evidence.","","",""
"v8_2026_10_09","ECON-9708-11.5.2-01","11.5.2","A_LEVEL_ADDITION","7","52","syllabus_scoped_child_proposal","Explain international trade in relationships between economies at different development levels","contextual_explanation","","NONE_VERIFIED","source_scoped_provisional_teacher_and_evidence_QA_pending","not_started","not_started","false","Cambridge Economics 9708 2026-2028 v2 §11.5.2","unreviewed_practice_candidates","5406;5439","ORIGINAL_IN_TOUR_PRACTICE_CANDIDATES","No stem/answer validation claimed in this v3 enrichment.","CHECK_SOURCE_RIGHTS_AND_SCOPE","Prior 7-Tour candidate map; not semantic evidence.","Official Cambridge Economics 9708 (2026–2028) v2 §11.5.2; supplied Economics 4th edition Chapter 52; Tour 7","ECON-9708-11.5.2-BASE","SPLIT: Official §11.5.2 names trade and investment. Precise FDI concepts/consequences assessed separately in §11.5.4. Question evidence not inherited from parent and not independently verified."
"v8_2026_10_09","ECON-9708-11.5.2-02","11.5.2","A_LEVEL_ADDITION","7","52","syllabus_scoped_child_proposal","Explain the role of international investment in relationships between economies at different development levels","contextual_explanation","","NONE_VERIFIED","source_scoped_provisional_teacher_and_evidence_QA_pending","not_started","not_started","false","Cambridge Economics 9708 2026-2028 v2 §11.5.2","unreviewed_practice_candidates","5406;5439","ORIGINAL_IN_TOUR_PRACTICE_CANDIDATES","No stem/answer validation claimed in this v3 enrichment.","CHECK_SOURCE_RIGHTS_AND_SCOPE","Prior 7-Tour candidate map; not semantic evidence.","Official Cambridge Economics 9708 (2026–2028) v2 §11.5.2; supplied Economics 4th edition Chapter 52; Tour 7","ECON-9708-11.5.2-BASE","SPLIT: Official §11.5.2 names trade and investment. Precise FDI concepts/consequences assessed separately in §11.5.4. Question evidence not inherited from parent and not independently verified."
"v8_2026_10_09","ECON-9708-11.5.3-01","11.5.3","A_LEVEL_ADDITION","7","52","syllabus_scoped_child_proposal","Define a multinational company (MNC)","definition","5413","NONE_VERIFIED","scope_grounded_in_official_bullet_list_not_examiner_approved","not_started","not_started","false","Cambridge Economics 9708 2026-2028 v2 §11.5.3","unreviewed_practice_candidates","5413","ORIGINAL_IN_TOUR_PRACTICE_CANDIDATES","No stem/answer validation claimed in this v3 enrichment.","CHECK_SOURCE_RIGHTS_AND_SCOPE","Prior 7-Tour candidate map; not semantic evidence.","Cambridge Economics 9708 syllabus 2026-2028 v2; section 11.5.3","ECON-9708-11.5.3-BASE","Original candidate action mapped to official parent. No assertion that legacy practice candidates demonstrate this child skill."
"v8_2026_10_09","ECON-9708-11.5.3-02","11.5.3","A_LEVEL_ADDITION","7","52","syllabus_scoped_child_proposal","Identify and explain the activities of multinational companies","case","5413","NONE_VERIFIED","scope_grounded_in_official_bullet_list_not_examiner_approved","not_started","not_started","false","Cambridge Economics 9708 2026-2028 v2 §11.5.3","unreviewed_practice_candidates","5413","ORIGINAL_IN_TOUR_PRACTICE_CANDIDATES","No stem/answer validation claimed in this v3 enrichment.","CHECK_SOURCE_RIGHTS_AND_SCOPE","Prior 7-Tour candidate map; not semantic evidence.","Cambridge Economics 9708 syllabus 2026-2028 v2; section 11.5.3","ECON-9708-11.5.3-BASE","Original candidate action mapped to official parent. No assertion that legacy practice candidates demonstrate this child skill."
"v8_2026_10_09","ECON-9708-11.5.3-03","11.5.3","A_LEVEL_ADDITION","7","52","syllabus_scoped_child_proposal","Evaluate consequences of MNCs for host and home economies","evaluation","5413","NONE_VERIFIED","scope_grounded_in_official_bullet_list_not_examiner_approved","not_started","not_started","false","Cambridge Economics 9708 2026-2028 v2 §11.5.3","unreviewed_practice_candidates","5413","ORIGINAL_IN_TOUR_PRACTICE_CANDIDATES","No stem/answer validation claimed in this v3 enrichment.","CHECK_SOURCE_RIGHTS_AND_SCOPE","Prior 7-Tour candidate map; not semantic evidence.","Cambridge Economics 9708 syllabus 2026-2028 v2; section 11.5.3","ECON-9708-11.5.3-BASE","Original candidate action mapped to official parent. No assertion that legacy practice candidates demonstrate this child skill."
"v8_2026_10_09","ECON-9708-11.5.4-01","11.5.4","A_LEVEL_ADDITION","7","52","syllabus_scoped_child_proposal","Define foreign direct investment (FDI) under the official syllabus, without requiring a portfolio-investment comparison","definition","5405;5434;5465","NONE_VERIFIED","scope_grounded_in_official_bullet_list_not_examiner_approved","not_started","not_started","false","Cambridge Economics 9708 2026-2028 v2 §11.5.4","unreviewed_practice_candidates","5405;5434;5465","ORIGINAL_IN_TOUR_PRACTICE_CANDIDATES","No stem/answer validation claimed in this v3 enrichment.","CHECK_SOURCE_RIGHTS_AND_SCOPE","Prior 7-Tour candidate map; not semantic evidence.","Cambridge Economics 9708 syllabus 2026-2028 v2; section 11.5.4","ECON-9708-11.5.4-BASE","Original candidate action mapped to official parent. No assertion that legacy practice candidates demonstrate this child skill."
"v8_2026_10_09","ECON-9708-11.5.4-02","11.5.4","A_LEVEL_ADDITION","7","52","syllabus_scoped_child_proposal","Evaluate potential host- and home-economy consequences of FDI","evaluation","5405;5434;5465","NONE_VERIFIED","scope_grounded_in_official_bullet_list_not_examiner_approved","not_started","not_started","false","Cambridge Economics 9708 2026-2028 v2 §11.5.4","unreviewed_practice_candidates","5405;5434;5465","ORIGINAL_IN_TOUR_PRACTICE_CANDIDATES","No stem/answer validation claimed in this v3 enrichment.","CHECK_SOURCE_RIGHTS_AND_SCOPE","Prior 7-Tour candidate map; not semantic evidence.","Cambridge Economics 9708 syllabus 2026-2028 v2; section 11.5.4","ECON-9708-11.5.4-BASE","Original candidate action mapped to official parent. No assertion that legacy practice candidates demonstrate this child skill."
"v8_2026_10_09","ECON-9708-11.5.5-01","11.5.5","A_LEVEL_ADDITION","7","52","syllabus_scoped_child_proposal","Explain economic causes of external debt accumulation","causal_analysis","5444","NONE_VERIFIED","scope_grounded_in_official_bullet_list_not_examiner_approved","not_started","not_started","false","Cambridge Economics 9708 2026-2028 v2 §11.5.5","unreviewed_practice_candidates","5444","ORIGINAL_IN_TOUR_PRACTICE_CANDIDATES","No stem/answer validation claimed in this v3 enrichment.","CHECK_SOURCE_RIGHTS_AND_SCOPE","Prior 7-Tour candidate map; not semantic evidence.","Cambridge Economics 9708 syllabus 2026-2028 v2; section 11.5.5","ECON-9708-11.5.5-BASE","Original candidate action mapped to official parent. No assertion that legacy practice candidates demonstrate this child skill."
"v8_2026_10_09","ECON-9708-11.5.5-02","11.5.5","A_LEVEL_ADDITION","7","52","syllabus_scoped_child_proposal","Evaluate consequences of external debt for growth and domestic policy","evaluation","5444","NONE_VERIFIED","scope_grounded_in_official_bullet_list_not_examiner_approved","not_started","not_started","false","Cambridge Economics 9708 2026-2028 v2 §11.5.5","unreviewed_practice_candidates","5444","ORIGINAL_IN_TOUR_PRACTICE_CANDIDATES","No stem/answer validation claimed in this v3 enrichment.","CHECK_SOURCE_RIGHTS_AND_SCOPE","Prior 7-Tour candidate map; not semantic evidence.","Cambridge Economics 9708 syllabus 2026-2028 v2; section 11.5.5","ECON-9708-11.5.5-BASE","Original candidate action mapped to official parent. No assertion that legacy practice candidates demonstrate this child skill."
"v8_2026_10_09","ECON-9708-11.5.6-BASE","11.5.6","A_LEVEL_ADDITION","7","52","one_to_one_placeholder","Explain IMF lending, conditionality and macroeconomic adjustment programmes","not_classified","","NONE_VERIFIED","needs_atomicity_and_source_qa","not_started","not_started","false","Cambridge Economics 9708 2026-2028 v2 §11.5.6","aligned","6244","Q6244 [Tour S2 T7]","IMF conditionality cost-benefit evaluation, Season 2 Tour 7","REVIEW_ELIGIBILITY_REQUIRED","Manual English-stem triage of previous 61 no-in-tour-candidate parent points. This is NOT verified correct answer/skill evidence.","","",""
"v8_2026_10_09","ECON-9708-11.5.7-BASE","11.5.7","A_LEVEL_ADDITION","7","52","source_scoped_integrated_single_provisional","Explain the role of the World Bank in economic development","not_classified","","NONE_VERIFIED","source_scoped_provisional_teacher_and_evidence_QA_pending","not_started","not_started","false","Cambridge Economics 9708 2026-2028 v2 §11.5.7","none","","","No World Bank role question found","CHECK_SOURCE_RIGHTS_AND_SCOPE","Manual English-stem triage of previous 61 no-in-tour-candidate parent points. This is NOT verified correct answer/skill evidence.","Official Cambridge Economics 9708 (2026–2028) v2 §11.5.7; supplied Economics 4th edition Chapter 52; Tour 7","","RETAIN_SINGLE: Official §11.5.7 is a single institutional role outcome; Bank-specific program details are contextual explanations, not standalone compulsory Cambridge skills. No automatic assessment mapping or examiner signoff."
"v8_2026_10_09","ECON-9708-11.6.1-01","11.6.1","A_LEVEL_ADDITION","7","53","syllabus_scoped_child_proposal","Define economic globalisation","definition","5410;5433;5450","NONE_VERIFIED","scope_grounded_in_official_bullet_list_not_examiner_approved","not_started","not_started","false","Cambridge Economics 9708 2026-2028 v2 §11.6.1","unreviewed_practice_candidates","5410;5433;5450","ORIGINAL_IN_TOUR_PRACTICE_CANDIDATES","No stem/answer validation claimed in this v3 enrichment.","CHECK_SOURCE_RIGHTS_AND_SCOPE","Prior 7-Tour candidate map; not semantic evidence.","Cambridge Economics 9708 syllabus 2026-2028 v2; section 11.6.1","ECON-9708-11.6.1-BASE","Original candidate action mapped to official parent. No assertion that legacy practice candidates demonstrate this child skill."
"v8_2026_10_09","ECON-9708-11.6.1-02","11.6.1","A_LEVEL_ADDITION","7","53","syllabus_scoped_child_proposal","Explain trade, technology, investment and institutional causes of globalisation","causal_analysis","5410;5433;5450","NONE_VERIFIED","scope_grounded_in_official_bullet_list_not_examiner_approved","not_started","not_started","false","Cambridge Economics 9708 2026-2028 v2 §11.6.1","unreviewed_practice_candidates","5410;5433;5450","ORIGINAL_IN_TOUR_PRACTICE_CANDIDATES","No stem/answer validation claimed in this v3 enrichment.","CHECK_SOURCE_RIGHTS_AND_SCOPE","Prior 7-Tour candidate map; not semantic evidence.","Cambridge Economics 9708 syllabus 2026-2028 v2; section 11.6.1","ECON-9708-11.6.1-BASE","Original candidate action mapped to official parent. No assertion that legacy practice candidates demonstrate this child skill."
"v8_2026_10_09","ECON-9708-11.6.1-03","11.6.1","A_LEVEL_ADDITION","7","53","syllabus_scoped_child_proposal","Evaluate benefits and costs of globalisation for different economies and groups","evaluation","5410;5433;5450","NONE_VERIFIED","scope_grounded_in_official_bullet_list_not_examiner_approved","not_started","not_started","false","Cambridge Economics 9708 2026-2028 v2 §11.6.1","unreviewed_practice_candidates","5410;5433;5450","ORIGINAL_IN_TOUR_PRACTICE_CANDIDATES","No stem/answer validation claimed in this v3 enrichment.","CHECK_SOURCE_RIGHTS_AND_SCOPE","Prior 7-Tour candidate map; not semantic evidence.","Cambridge Economics 9708 syllabus 2026-2028 v2; section 11.6.1","ECON-9708-11.6.1-BASE","Original candidate action mapped to official parent. No assertion that legacy practice candidates demonstrate this child skill."
"v8_2026_10_09","ECON-9708-11.6.2-01","11.6.2","A_LEVEL_ADDITION","7","53","syllabus_scoped_child_proposal","Define free trade area and its independent external tariff policy","definition","","NONE_VERIFIED","source_scoped_candidate_pending_independent_teacher_review","not_started","not_started","false","Cambridge Economics 9708 2026-2028 v2 §11.6.2","partial","5453;5446","Q5453 [Practice 7]; Q5446 [Practice 7]","Free trade area and trading bloc evaluation; other unions absent","CHECK_SOURCE_RIGHTS_AND_SCOPE","Manual English-stem triage of previous 61 no-in-tour-candidate parent points. This is NOT verified correct answer/skill evidence.","Cambridge 9708 syllabus 2026-2028 v2 §11.6.2; listed individual policies/types","ECON-9708-11.6.2-BASE","Question and answer evidence not inherited. Independent child learning source and comparison assessment still required."
"v8_2026_10_09","ECON-9708-11.6.2-02","11.6.2","A_LEVEL_ADDITION","7","53","syllabus_scoped_child_proposal","Define customs union and its common external trade tariff","definition","","NONE_VERIFIED","source_scoped_candidate_pending_independent_teacher_review","not_started","not_started","false","Cambridge Economics 9708 2026-2028 v2 §11.6.2","partial","5453;5446","Q5453 [Practice 7]; Q5446 [Practice 7]","Free trade area and trading bloc evaluation; other unions absent","CHECK_SOURCE_RIGHTS_AND_SCOPE","Manual English-stem triage of previous 61 no-in-tour-candidate parent points. This is NOT verified correct answer/skill evidence.","Cambridge 9708 syllabus 2026-2028 v2 §11.6.2; listed individual policies/types","ECON-9708-11.6.2-BASE","Question and answer evidence not inherited. Independent child learning source and comparison assessment still required."
"v8_2026_10_09","ECON-9708-11.6.2-03","11.6.2","A_LEVEL_ADDITION","7","53","syllabus_scoped_child_proposal","Define monetary union and its shared monetary arrangements","definition","","NONE_VERIFIED","source_scoped_candidate_pending_independent_teacher_review","not_started","not_started","false","Cambridge Economics 9708 2026-2028 v2 §11.6.2","partial","5453;5446","Q5453 [Practice 7]; Q5446 [Practice 7]","Free trade area and trading bloc evaluation; other unions absent","CHECK_SOURCE_RIGHTS_AND_SCOPE","Manual English-stem triage of previous 61 no-in-tour-candidate parent points. This is NOT verified correct answer/skill evidence.","Cambridge 9708 syllabus 2026-2028 v2 §11.6.2; listed individual policies/types","ECON-9708-11.6.2-BASE","Question and answer evidence not inherited. Independent child learning source and comparison assessment still required."
"v8_2026_10_09","ECON-9708-11.6.2-04","11.6.2","A_LEVEL_ADDITION","7","53","syllabus_scoped_child_proposal","Define full economic union and its deeper market and policy integration","definition","","NONE_VERIFIED","source_scoped_candidate_pending_independent_teacher_review","not_started","not_started","false","Cambridge Economics 9708 2026-2028 v2 §11.6.2","partial","5453;5446","Q5453 [Practice 7]; Q5446 [Practice 7]","Free trade area and trading bloc evaluation; other unions absent","CHECK_SOURCE_RIGHTS_AND_SCOPE","Manual English-stem triage of previous 61 no-in-tour-candidate parent points. This is NOT verified correct answer/skill evidence.","Cambridge 9708 syllabus 2026-2028 v2 §11.6.2; listed individual policies/types","ECON-9708-11.6.2-BASE","Question and answer evidence not inherited. Independent child learning source and comparison assessment still required."
"v8_2026_10_09","ECON-9708-11.6.2-05","11.6.2","A_LEVEL_ADDITION","7","53","syllabus_scoped_child_proposal","Compare the four forms of integration, recognising that a currency union alone does not imply full economic union","comparison","","NONE_VERIFIED","source_scoped_candidate_pending_independent_teacher_review","not_started","not_started","false","Cambridge Economics 9708 2026-2028 v2 §11.6.2","partial","5453;5446","Q5453 [Practice 7]; Q5446 [Practice 7]","Free trade area and trading bloc evaluation; other unions absent","CHECK_SOURCE_RIGHTS_AND_SCOPE","Manual English-stem triage of previous 61 no-in-tour-candidate parent points. This is NOT verified correct answer/skill evidence.","Cambridge 9708 syllabus 2026-2028 v2 §11.6.2; listed individual policies/types","ECON-9708-11.6.2-BASE","Question and answer evidence not inherited. Independent child learning source and comparison assessment still required."
"v8_2026_10_09","ECON-9708-11.6.3-BASE","11.6.3","A_LEVEL_ADDITION","7","53","one_to_one_placeholder","Explain and analyse trade creation versus trade diversion","not_classified","","NONE_VERIFIED","needs_atomicity_and_source_qa","not_started","not_started","false","Cambridge Economics 9708 2026-2028 v2 §11.6.3","aligned","5412;5432","Q5412 [Practice 7]; Q5432 [Practice 7]","Trade creation versus diversion","CHECK_SOURCE_RIGHTS_AND_SCOPE","Manual English-stem triage of previous 61 no-in-tour-candidate parent points. This is NOT verified correct answer/skill evidence.","","",""
